OK: Track P 未改动（基线 S12 Track-P Baseline v3 / BASE ea586bc）
  repo root         : E:\Tesla_speed\worktrees\s12-stage-w-ecosystem-bakeoff
  冻结文件          : 180 个，清单摘要匹配
  冻结符号          : 2 个，摘要匹配
  工作树/索引       : 无冻结路径改动
  相对 BASE 已提交改动: 2724 个文件，均属 Track S；git diff --check 干净
    ~ .gitattributes
    ~ .gitignore
    ~ .superpowers/sdd/final_remediation_evidence_receipt.json
    ~ .superpowers/sdd/task-2-closure-metadata-repair-report.md
    ~ .superpowers/sdd/task-3-final-branch-remediation-report.md
    ~ .superpowers/sdd/task-4-whole-branch-v2-remediation-report.md
    ~ THIRD_PARTY_NOTICES.md
    ~ docs/08-reports/01-s12-stage-k-eight-vehicle-round2.md
    ~ docs/README.md
    ~ docs/architecture/S12_Event_Domain_Source_Architecture_v1.md
    ~ docs/architecture/S12_Stage_W_Selected_Architecture.md
    ~ docs/knowledge/obsidian/S12/Engine-Audio-Ecosystem/00-MOC.md
    ~ docs/knowledge/obsidian/S12/Engine-Audio-Ecosystem/01-Stage-V-Independent-Audit.md
    ~ docs/knowledge/obsidian/S12/Engine-Audio-Ecosystem/02-Architecture-Comparison.md
    ~ docs/knowledge/obsidian/S12/Engine-Audio-Ecosystem/03-License-Matrix.md
    ~ docs/knowledge/obsidian/S12/Engine-Audio-Ecosystem/04-Source-To-S12-Traceability.md
    ~ docs/knowledge/obsidian/S12/Engine-Audio-Ecosystem/05-Stage-W-Logs.md
    ~ docs/knowledge/obsidian/S12/Engine-Audio-Ecosystem/06-Bakeoff-And-Migration-V3.md
    ~ docs/knowledge/obsidian/S12/Engine-Audio-Ecosystem/Commercial-Public-Workflow-References.md
    ~ docs/knowledge/obsidian/S12/Engine-Audio-Ecosystem/Open-Source-DasEtwas-Enginesound.md
    ~ docs/knowledge/obsidian/S12/Engine-Audio-Ecosystem/Open-Source-ENSIM4.md
    ~ docs/knowledge/obsidian/S12/Engine-Audio-Ecosystem/Open-Source-Engine-Sim.md
    ~ docs/knowledge/obsidian/S12/Engine-Audio-Ecosystem/Open-Source-FiveM-License-Boundary.md
    ~ docs/knowledge/obsidian/S12/Engine-Audio-Ecosystem/Open-Source-Granular-ESP32-Boundaries.md
    ~ docs/knowledge/obsidian/S12/Engine-Audio-Ecosystem/Open-Source-PTR-Model.md
    ~ docs/knowledge/obsidian/S12/Engine-Audio-Ecosystem/Open-Source-VehicleNoiseSynthesizer.md
    ~ docs/knowledge/obsidian/S12/Engine-Audio-Ecosystem/Papers-PTR-EONE-DDSP.md
    ~ docs/research/engine-audio-ecosystem/README.md
    ~ docs/research/engine-audio-ecosystem/license_matrix.md
    ~ docs/research/engine-audio-ecosystem/source_evidence_receipts.json
    ~ docs/research/engine-audio-ecosystem/source_registry.json
    ~ docs/superpowers/plans/2026-08-23-s12-professional-comparison-dashboard-r2-diagnostic-tuning.md
    ~ docs/superpowers/plans/2026-08-23-s12-r1-pilot-acquisition-r2-feedback-closure.md
    ~ docs/superpowers/plans/2026-08-23-s12-rx7-topic-aware-r2.md
    ~ docs/superpowers/specs/2026-08-23-s12-rx7-topic-aware-r2-design.md
    ~ docs/third_party_acoustic_tools.md
    ~ tasks/lessons.md
    ~ tasks/plans/2026-08-10-s12-stage-h-hellcat-perceptual-calibration.md
    ~ tasks/plans/2026-08-11-s12-stage-i-hellcat-whine-voicing-calibration.md
    ~ tasks/plans/2026-08-11-s12-stage-j-three-vehicle-acoustic-identity.md
    ~ tasks/plans/2026-08-11-s12-stage-k-four-vehicle-perceptual-repair.md
    ~ tasks/plans/2026-08-12-s12-stage-l-hellcat-intake-combustion-roughness-calibration.md
    ~ tasks/plans/2026-08-15-s12-eight-vehicle-round2-completion.md
    ~ tasks/plans/2026-08-15-s12-stage-k-three-vehicle-round2-propagation.md
    ~ tasks/plans/2026-08-21-s12-stage-m-round2-qualification.md
    ~ tasks/plans/S12_Stage_C_Deep_Realism_Integration_Plan.md
    ~ tasks/plans/S12_Stage_D_Human_Listening_Deep_Realism_Calibration.md
    ~ tasks/plans/S12_Stage_E_Human_Audition_Calibration_and_Cleanup.md
    ~ tasks/plans/S12_Stage_F_Human_Audition_and_Profile_Freeze_Review.md
    ~ tasks/plans/S12_Stage_G_Automatic_Qualification_Blind_Audition_v4.md
    ~ tasks/reports/runtime/S12_Professional_Comparison_Dashboard_v1/Jovi_Guided_Feedback.json
    ~ tasks/reports/runtime/S12_Professional_Comparison_Dashboard_v1/Jovi_Guided_Feedback_Long_Window.json
    ~ tasks/reports/runtime/S12_Professional_Comparison_Dashboard_v1/Jovi_Guided_Feedback_Long_Window_Validation.json
    ~ tasks/reports/runtime/S12_Professional_Comparison_Dashboard_v1/S12_Professional_Comparison_Report.md
    ~ tasks/reports/runtime/S12_Professional_Comparison_Dashboard_v1/S12_Professional_Long_Window_Report.md
    ~ tasks/reports/runtime/S12_Professional_Comparison_Dashboard_v1/clip_integrity.json
    ~ tasks/reports/runtime/S12_Professional_Comparison_Dashboard_v1/dashboard.css
    ~ tasks/reports/runtime/S12_Professional_Comparison_Dashboard_v1/dashboard.js
    ~ tasks/reports/runtime/S12_Professional_Comparison_Dashboard_v1/dashboard_data.js
    ~ tasks/reports/runtime/S12_Professional_Comparison_Dashboard_v1/index.html
    ~ tasks/reports/runtime/S12_Professional_Comparison_Dashboard_v1/legacy_proxy_metrics.json
    ~ tasks/reports/runtime/S12_Professional_Comparison_Dashboard_v1/long_window.html
    ~ tasks/reports/runtime/S12_Professional_Comparison_Dashboard_v1/long_window_clip_integrity.json
    ~ tasks/reports/runtime/S12_Professional_Comparison_Dashboard_v1/long_window_data.js
    ~ tasks/reports/runtime/S12_Professional_Comparison_Dashboard_v1/long_window_parameter_recommendations.json
    ~ tasks/reports/runtime/S12_Professional_Comparison_Dashboard_v1/long_window_plain_language_diagnosis.json
    ~ tasks/reports/runtime/S12_Professional_Comparison_Dashboard_v1/long_window_professional_pair_metrics.json
    ~ tasks/reports/runtime/S12_Professional_Comparison_Dashboard_v1/long_window_proxy_metrics.json
    ~ tasks/reports/runtime/S12_Professional_Comparison_Dashboard_v1/long_window_r2_diagnostic_candidate_results.json
    ~ tasks/reports/runtime/S12_Professional_Comparison_Dashboard_v1/long_window_r2_diagnostic_parameter_plan.json
    ~ tasks/reports/runtime/S12_Professional_Comparison_Dashboard_v1/professional_evidence_matrix.json
    ~ tasks/reports/runtime/S12_Professional_Comparison_Dashboard_v1/professional_pair_metrics.json
    ~ tasks/reports/runtime/S12_Professional_Comparison_Dashboard_v1/professional_plain_language_diagnosis.json
    ~ tasks/reports/runtime/S12_Professional_Comparison_Dashboard_v1/r2_diagnostic_candidate_results.json
    ~ tasks/reports/runtime/S12_Professional_Comparison_Dashboard_v1/r2_diagnostic_parameter_plan.json
    ~ tasks/reports/runtime/S12_Professional_Comparison_Dashboard_v1/rx7_topic_r2.html
    ~ tasks/reports/runtime/S12_Professional_Comparison_Dashboard_v1/rx7_topic_r2.js
    ~ tasks/reports/runtime/S12_Professional_Comparison_Dashboard_v1/rx7_topic_r2_data.js
    ~ tasks/reports/runtime/S12_Professional_Comparison_Dashboard_v1/rx7_topic_r2_report.md
    ~ tasks/reports/runtime/S12_Professional_Comparison_Dashboard_v1/rx7_topic_r2_results.json
    ~ tasks/reports/runtime/S12_Real_Sound_Closed_Loop_Final_Report.md
    ~ tasks/reports/runtime/s12-stage-c-integration-c1/S12_Stage_C_Integration_Report.md
    ~ tasks/reports/runtime/s12-stage-c-integration-c1/stage_c_before_after_metrics.json
    ~ tasks/reports/runtime/s12-stage-c-integration-c1/stage_c_test_evidence.json
    ~ tasks/reports/runtime/s12-stage-d-human-audition-v1/S12_Stage_D_Human_Realism_Report.md
    ~ tasks/reports/runtime/s12-stage-d-human-audition-v1/stage_d_artifact_manifest.json
    ~ tasks/reports/runtime/s12-stage-d-human-audition-v1/stage_d_audition_summary.json
    ~ tasks/reports/runtime/s12-stage-d-human-audition-v1/stage_d_reference_distance.json
    ~ tasks/reports/runtime/s12-stage-d-human-audition-v1/stage_d_test_evidence.json
    ~ tasks/reports/runtime/s12-stage-e-human-calibration-v1/S12_Stage_E_Human_Calibration_Report.md
    ~ tasks/reports/runtime/s12-stage-e-human-calibration-v1/stage_e_artifact_manifest.json
    ~ tasks/reports/runtime/s12-stage-e-human-calibration-v1/stage_e_audition_summary.json
    ~ tasks/reports/runtime/s12-stage-e-human-calibration-v1/stage_e_parameter_reachability.json
    ~ tasks/reports/runtime/s12-stage-e-human-calibration-v1/stage_e_reference_distance.json
    ~ tasks/reports/runtime/s12-stage-e-human-calibration-v1/stage_e_test_evidence.json
    ~ tasks/reports/runtime/s12-stage-f-human-audition-v3/S12_Stage_F_Human_Audition_Report.md
    ~ tasks/reports/runtime/s12-stage-f-human-audition-v3/S12_Stage_F_Profile_Freeze_Review.md
    ~ tasks/reports/runtime/s12-stage-f-human-audition-v3/stage_f_artifact_manifest.json
    ~ tasks/reports/runtime/s12-stage-f-human-audition-v3/stage_f_audition_summary.json
    ~ tasks/reports/runtime/s12-stage-f-human-audition-v3/stage_f_parameter_reachability.json
    ~ tasks/reports/runtime/s12-stage-f-human-audition-v3/stage_f_reference_distance.json
    ~ tasks/reports/runtime/s12-stage-f-human-audition-v3/stage_f_test_evidence.json
    ~ tasks/reports/runtime/s12-stage-g-human-audition-v4/S12_Stage_G_Human_Audition_Report.md
    ~ tasks/reports/runtime/s12-stage-g-human-audition-v4/S12_Stage_G_Profile_Freeze_Review.md
    ~ tasks/reports/runtime/s12-stage-g-human-audition-v4/stage_g_artifact_manifest.json
    ~ tasks/reports/runtime/s12-stage-g-human-audition-v4/stage_g_audition_summary.json
    ~ tasks/reports/runtime/s12-stage-g-human-audition-v4/stage_g_parameter_reachability.json
    ~ tasks/reports/runtime/s12-stage-g-human-audition-v4/stage_g_reference_distance.json
    ~ tasks/reports/runtime/s12-stage-g-human-audition-v4/stage_g_test_evidence.json
    ~ tasks/reports/runtime/s12-stage-h-hellcat-calibration-v1/S12_Stage_H_Hellcat_Perceptual_Calibration_Report.md
    ~ tasks/reports/runtime/s12-stage-h-hellcat-calibration-v1/stage_h_artifact_manifest.json
    ~ tasks/reports/runtime/s12-stage-h-hellcat-calibration-v1/stage_h_hellcat_metrics.json
    ~ tasks/reports/runtime/s12-stage-h-hellcat-calibration-v1/stage_h_named_feedback_summary.json
    ~ tasks/reports/runtime/s12-stage-h-hellcat-calibration-v1/stage_h_parameter_reachability.json
    ~ tasks/reports/runtime/s12-stage-h-hellcat-calibration-v1/stage_h_reference_distance.json
    ~ tasks/reports/runtime/s12-stage-h-hellcat-calibration-v1/stage_h_test_evidence.json
    ~ tasks/reports/runtime/s12-stage-i-hellcat-whine-voicing-v1/S12_Stage_I_Hellcat_Whine_Voicing_Report.md
    ~ tasks/reports/runtime/s12-stage-i-hellcat-whine-voicing-v1/stage_i_artifact_manifest.json
    ~ tasks/reports/runtime/s12-stage-i-hellcat-whine-voicing-v1/stage_i_candidate_search.json
    ~ tasks/reports/runtime/s12-stage-i-hellcat-whine-voicing-v1/stage_i_feedback_intake.json
    ~ tasks/reports/runtime/s12-stage-i-hellcat-whine-voicing-v1/stage_i_hellcat_metrics.json
    ~ tasks/reports/runtime/s12-stage-i-hellcat-whine-voicing-v1/stage_i_named_feedback_summary.json
    ~ tasks/reports/runtime/s12-stage-i-hellcat-whine-voicing-v1/stage_i_parameter_reachability.json
    ~ tasks/reports/runtime/s12-stage-i-hellcat-whine-voicing-v1/stage_i_qualification.json
    ~ tasks/reports/runtime/s12-stage-i-hellcat-whine-voicing-v1/stage_i_reference_distance.json
    ~ tasks/reports/runtime/s12-stage-i-hellcat-whine-voicing-v1/stage_i_step_response_metrics.json
    ~ tasks/reports/runtime/s12-stage-i-hellcat-whine-voicing-v1/stage_i_test_evidence.json
    ~ tasks/reports/runtime/s12-stage-j-three-vehicle-identity/S12_Stage_J_Three_Vehicle_Identity_Report.md
    ~ tasks/reports/runtime/s12-stage-j-three-vehicle-identity/stage_j_artifact_manifest.json
    ~ tasks/reports/runtime/s12-stage-j-three-vehicle-identity/stage_j_obsidian_sha_receipt.json
    ~ tasks/reports/runtime/s12-stage-j-three-vehicle-identity/stage_j_parameter_reachability.json
    ~ tasks/reports/runtime/s12-stage-j-three-vehicle-identity/stage_j_reference_distance.json
    ~ tasks/reports/runtime/s12-stage-j-three-vehicle-identity/stage_j_test_evidence.json
    ~ tasks/reports/runtime/s12-stage-k-eight-vehicle-round2/S12_Stage_K_Eight_Vehicle_Round2_Completion_Report.md
    ~ tasks/reports/runtime/s12-stage-k-eight-vehicle-round2/stage_k_eight_vehicle_round2_delivery.json
    ~ tasks/reports/runtime/s12-stage-k-four-vehicle-repair-v1/S12_Stage_K_Four_Vehicle_Perceptual_Repair_Report.md
    ~ tasks/reports/runtime/s12-stage-k-four-vehicle-repair-v1/stage_k_artifact_manifest.json
    ~ tasks/reports/runtime/s12-stage-k-four-vehicle-repair-v1/stage_k_jovi_input_feedback.json
    ~ tasks/reports/runtime/s12-stage-k-four-vehicle-repair-v1/stage_k_loudness_state_balance.json
    ~ tasks/reports/runtime/s12-stage-k-four-vehicle-repair-v1/stage_k_obsidian_sha_receipt.json
    ~ tasks/reports/runtime/s12-stage-k-four-vehicle-repair-v1/stage_k_parameter_reachability.json
    ~ tasks/reports/runtime/s12-stage-k-four-vehicle-repair-v1/stage_k_perceptual_metrics.json
    ~ tasks/reports/runtime/s12-stage-k-four-vehicle-repair-v1/stage_k_reference_distance.json
    ~ tasks/reports/runtime/s12-stage-k-four-vehicle-repair-v1/stage_k_reference_distance_summary.json
    ~ tasks/reports/runtime/s12-stage-k-four-vehicle-repair-v1/stage_k_test_evidence.json
    ~ tasks/reports/runtime/s12-stage-k-four-vehicle-repair-v1/stage_k_video_reference_evidence.json
    ~ tasks/reports/runtime/s12-stage-k-three-vehicle-round2/stage_k_round2_feedback_receipt.json
    ~ tasks/reports/runtime/s12-stage-k-three-vehicle-round2/stage_k_round2_seed_probe.json
    ~ tasks/reports/runtime/s12-stage-m-round2-qualification/S12_Stage_M_Automated_Gate_Diagnosis.md
    ~ tasks/reports/runtime/s12-stage-m-round2-qualification/S12_Stage_M_Automatic_Calibration_Report.md
    ~ tasks/reports/runtime/s12-stage-m-round2-qualification/S12_Stage_M_Baseline_Audit.md
    ~ tasks/reports/runtime/s12-stage-m-round2-qualification/S12_Stage_M_Comparator_Report.md
    ~ tasks/reports/runtime/s12-stage-m-round2-qualification/S12_Stage_M_Qualification_Callgraph.md
    ~ tasks/reports/runtime/s12-stage-m-round2-qualification/S12_Stage_M_Round2_Qualification_Report.md
    ~ tasks/reports/runtime/s12-stage-m-round2-qualification/comparator/run_receipt.json
    ~ tasks/reports/runtime/s12-stage-m-round2-qualification/comparator/s12_acoustic_comparator_run.json
    ~ tasks/reports/runtime/s12-stage-m-round2-qualification/stage_m_artifact_manifest.json
    ~ tasks/reports/runtime/s12-stage-m-round2-qualification/stage_m_comparator_results.json
    ~ tasks/reports/runtime/s12-stage-m-round2-qualification/stage_m_eight_vehicle_failure_attribution.json
    ~ tasks/reports/runtime/s12-stage-m-round2-qualification/stage_m_failure_attribution.json
    ~ tasks/reports/runtime/s12-stage-m-round2-qualification/stage_m_gate_matrix.json
    ~ tasks/reports/runtime/s12-stage-m-round2-qualification/stage_m_gate_source_matrix.json
    ~ tasks/reports/runtime/s12-stage-m-round2-qualification/stage_m_human_feedback_schema.json
    ~ tasks/reports/runtime/s12-stage-m-round2-qualification/stage_m_parameter_recommendations.json
    ~ tasks/reports/runtime/s12-stage-m-round2-qualification/stage_m_replay_evidence.json
    ~ tasks/reports/runtime/s12-stage-m-round2-qualification/stage_m_round1_results.json
    ~ tasks/reports/runtime/s12-stage-m-round2-qualification/stage_m_round2_results.json
    ~ tasks/reports/runtime/s12-stage-m-round2-qualification/stage_m_signal_domain_matrix.json
    ~ tasks/reports/runtime/s12-stage-n-professional-comparator/S12_Professional_Acoustic_Toolchain_Matrix.md
    ~ tasks/reports/runtime/s12-stage-n-professional-comparator/S12_Stage_N_Professional_Toolchain_Report.md
    ~ tasks/reports/runtime/s12-stage-n-professional-comparator/artifact_manifest.json
    ~ tasks/reports/runtime/s12-stage-n-professional-comparator/comparator_results.json
    ~ tasks/reports/runtime/s12-stage-n-professional-comparator/cross_tool_validation.json
    ~ tasks/reports/runtime/s12-stage-n-professional-comparator/feedback_closure.json
    ~ tasks/reports/runtime/s12-stage-n-professional-comparator/matlab_order_validation.json
    ~ tasks/reports/runtime/s12-stage-n-professional-comparator/matlab_psychoacoustic_validation.json
    ~ tasks/reports/runtime/s12-stage-n-professional-comparator/matlab_shared_psychoacoustic_validation.json
    ~ tasks/reports/runtime/s12-stage-n-professional-comparator/mosqito_project_analysis.json
    ~ tasks/reports/runtime/s12-stage-n-professional-comparator/mosqito_shared_fixture_validation-v2.json
    ~ tasks/reports/runtime/s12-stage-n-professional-comparator/mosqito_shared_fixture_validation.json
    ~ tasks/reports/runtime/s12-stage-n-professional-comparator/mosqito_validation.json
    ~ tasks/reports/runtime/s12-stage-n-professional-comparator/parameter_recommendations.json
    ~ tasks/reports/runtime/s12-stage-n-professional-comparator/publish_receipt.json
    ~ tasks/reports/runtime/s12-stage-n-professional-comparator/stage_n_parameter_recommendations.json
    ~ tasks/reports/runtime/s12-stage-n-professional-comparator/toolchain_capability_matrix.json
    ~ tasks/reports/runtime/s12-stage-n-professional-comparator/webmushra_import_validation.json
    ~ tasks/reports/runtime/s12-stage-n-professional-comparator/webmushra_package_manifest.json
    ~ tasks/reports/runtime/s12-stage-o-human-feedback-calibration/S12_Stage_N_Final_Acceptance_Receipt.md
    ~ tasks/reports/runtime/s12-stage-o-human-feedback-calibration/S12_Stage_O_Calibration_Report.md
    ~ tasks/reports/runtime/s12-stage-o-human-feedback-calibration/S12_Stage_O_Human_Feedback_Analysis.md
    ~ tasks/reports/runtime/s12-stage-o-human-feedback-calibration/stage_n_exact_tip_test_evidence.json
    ~ tasks/reports/runtime/s12-stage-o-human-feedback-calibration/stage_o_artifact_manifest.json
    ~ tasks/reports/runtime/s12-stage-o-human-feedback-calibration/stage_o_confusion_matrix.json
    ~ tasks/reports/runtime/s12-stage-o-human-feedback-calibration/stage_o_gate_matrix.json
    ~ tasks/reports/runtime/s12-stage-o-human-feedback-calibration/stage_o_human_feedback_receipt.json
    ~ tasks/reports/runtime/s12-stage-o-human-feedback-calibration/stage_o_metric_human_binding.json
    ~ tasks/reports/runtime/s12-stage-o-human-feedback-calibration/stage_o_parameter_plan.json
    ~ tasks/reports/runtime/s12-stage-o-human-feedback-calibration/stage_o_round1_results.json
    ~ tasks/reports/runtime/s12-stage-o-human-feedback-calibration/stage_o_round2_results.json
    ~ tasks/reports/runtime/s12-stage-o-human-feedback-calibration/stage_o_round3_results.json
    ~ tasks/reports/runtime/s12-stage-p-system-acceptance/S12_Stage_P_Baseline_Audit.md
    ~ tasks/reports/runtime/s12-stage-p-system-acceptance/S12_Stage_P_Comparator_Replay.md
    ~ tasks/reports/runtime/s12-stage-p-system-acceptance/S12_Stage_P_Feedback_Security.md
    ~ tasks/reports/runtime/s12-stage-p-system-acceptance/S12_Stage_P_Final_System_Acceptance.md
    ~ tasks/reports/runtime/s12-stage-p-system-acceptance/S12_Stage_P_Fixture_Stage_O_Consumption.md
    ~ tasks/reports/runtime/s12-stage-p-system-acceptance/S12_Stage_P_Reproducibility.md
    ~ tasks/reports/runtime/s12-stage-p-system-acceptance/S12_Stage_P_Stage_N_Receipt_Validation.md
    ~ tasks/reports/runtime/s12-stage-p-system-acceptance/S12_Stage_P_System_Acceptance_Report.md
    ~ tasks/reports/runtime/s12-stage-p-system-acceptance/S12_Stage_P_WebMUSHRA_Roundtrip.md
    ~ tasks/reports/runtime/s12-stage-p-system-acceptance/stage_p_artifact_manifest.json
    ~ tasks/reports/runtime/s12-stage-p-system-acceptance/stage_p_baseline_state.json
    ~ tasks/reports/runtime/s12-stage-p-system-acceptance/stage_p_comparator_replay.json
    ~ tasks/reports/runtime/s12-stage-p-system-acceptance/stage_p_exact_tip_test_evidence.json
    ~ tasks/reports/runtime/s12-stage-p-system-acceptance/stage_p_feedback_security.json
    ~ tasks/reports/runtime/s12-stage-p-system-acceptance/stage_p_feedback_security_tests.json
    ~ tasks/reports/runtime/s12-stage-p-system-acceptance/stage_p_fixture_confusion_matrix.json
    ~ tasks/reports/runtime/s12-stage-p-system-acceptance/stage_p_fixture_metric_human_binding.json
    ~ tasks/reports/runtime/s12-stage-p-system-acceptance/stage_p_fixture_stage_o_entry_receipt.json
    ~ tasks/reports/runtime/s12-stage-p-system-acceptance/stage_p_fixture_stage_o_receipt.json
    ~ tasks/reports/runtime/s12-stage-p-system-acceptance/stage_p_gate_matrix.json
    ~ tasks/reports/runtime/s12-stage-p-system-acceptance/stage_p_reproducibility.json
    ~ tasks/reports/runtime/s12-stage-p-system-acceptance/stage_p_stage_n_receipt_validation.json
    ~ tasks/reports/runtime/s12-stage-p-system-acceptance/stage_p_tool_receipt_validation.json
    ~ tasks/reports/runtime/s12-stage-p-system-acceptance/stage_p_uat_manifest.json
    ~ tasks/reports/runtime/s12-stage-p-system-acceptance/stage_p_webmushra_roundtrip.json
    ~ tasks/reports/runtime/s12-stage-q-real-reference/S12_Stage_Q_Licensed_R1_Candidate_Audit_20260822.md
    ~ tasks/reports/runtime/s12-stage-q-real-reference/S12_Stage_Q_Real_Reference_Data_Report.md
    ~ tasks/reports/runtime/s12-stage-q-real-reference/S12_Stage_Q_YouTube_Intake_Analysis_20260822.md
    ~ tasks/reports/runtime/s12-stage-q-real-reference/freesound_ferrari_458_gt3_cc0_audit_20260822.json
    ~ tasks/reports/runtime/s12-stage-q-real-reference/procurement_candidate_revalidation_20260823.json
    ~ tasks/reports/runtime/s12-stage-q-real-reference/public_sync_reference_revalidation_20260823.json
    ~ tasks/reports/runtime/s12-stage-q-real-reference/public_sync_reference_search_audit_20260822.json
    ~ tasks/reports/runtime/s12-stage-q-real-reference/public_synchronized_source_screening_20260823.json
    ~ tasks/reports/runtime/s12-stage-q-real-reference/r1-pilot-hellcat/S12_R1_Pilot_Acquisition_Report.md
    ~ tasks/reports/runtime/s12-stage-q-real-reference/r1-pilot-hellcat/comparison_results.json
    ~ tasks/reports/runtime/s12-stage-q-real-reference/r1-pilot-hellcat/feedback_gate.json
    ~ tasks/reports/runtime/s12-stage-q-real-reference/r1-pilot-hellcat/parameter_recommendations.json
    ~ tasks/reports/runtime/s12-stage-q-real-reference/r1-pilot-hellcat/r1_pilot_preflight.json
    ~ tasks/reports/runtime/s12-stage-q-real-reference/r1-pilot-hellcat/rights_scope_validation.json
    ~ tasks/reports/runtime/s12-stage-q-real-reference/r1-pilot-hellcat/state_sync_validation.json
    ~ tasks/reports/runtime/s12-stage-q-real-reference/r1_intake_request_v1.json
    ~ tasks/reports/runtime/s12-stage-q-real-reference/reference_database_v2/derived_features/aventador_lp700_accel.json
    ~ tasks/reports/runtime/s12-stage-q-real-reference/reference_database_v2/derived_features/c63_w204_close_downshift.json
    ~ tasks/reports/runtime/s12-stage-q-real-reference/reference_database_v2/derived_features/c63_w204_headers_backfire.json
    ~ tasks/reports/runtime/s12-stage-q-real-reference/reference_database_v2/derived_features/c63_w204_performance_accel.json
    ~ tasks/reports/runtime/s12-stage-q-real-reference/reference_database_v2/derived_features/ferrari_458_accel.json
    ~ tasks/reports/runtime/s12-stage-q-real-reference/reference_database_v2/derived_features/gtr_r35_nismo_accel.json
    ~ tasks/reports/runtime/s12-stage-q-real-reference/reference_database_v2/derived_features/gtr_r35_tomei_close.json
    ~ tasks/reports/runtime/s12-stage-q-real-reference/reference_database_v2/derived_features/gtr_r35_tuned_backfire.json
    ~ tasks/reports/runtime/s12-stage-q-real-reference/reference_database_v2/derived_features/hellcat_burble_tune.json
    ~ tasks/reports/runtime/s12-stage-q-real-reference/reference_database_v2/derived_features/hellcat_redeye_downshift.json
    ~ tasks/reports/runtime/s12-stage-q-real-reference/reference_database_v2/derived_features/hellcat_redeye_leave.json
    ~ tasks/reports/runtime/s12-stage-q-real-reference/reference_database_v2/derived_features/hellcat_stock_accel.json
    ~ tasks/reports/runtime/s12-stage-q-real-reference/reference_database_v2/derived_features/lfa_full_accel.json
    ~ tasks/reports/runtime/s12-stage-q-real-reference/reference_database_v2/derived_features/rx7_fd_13brew.json
    ~ tasks/reports/runtime/s12-stage-q-real-reference/reference_database_v2/derived_features/rx7sim_exhaust_idle.json
    ~ tasks/reports/runtime/s12-stage-q-real-reference/reference_database_v2/derived_features/rx7sim_exhaust_revLong01.json
    ~ tasks/reports/runtime/s12-stage-q-real-reference/reference_database_v2/derived_features/rx7sim_exhaust_revMedium01.json
    ~ tasks/reports/runtime/s12-stage-q-real-reference/reference_database_v2/derived_features/rx7sim_exhaust_revShort01.json
    ~ tasks/reports/runtime/s12-stage-q-real-reference/reference_database_v2/derived_features/rx7sim_interior_revLong01.json
    ~ tasks/reports/runtime/s12-stage-q-real-reference/reference_database_v2/derived_features/supra_jza80_stock.json
    ~ tasks/reports/runtime/s12-stage-q-real-reference/reference_database_v2/derived_features/web_ferrari_458_goodwood_2010.json
    ~ tasks/reports/runtime/s12-stage-q-real-reference/reference_database_v2/derived_features/web_hellcat_launching_sound_2019.json
    ~ tasks/reports/runtime/s12-stage-q-real-reference/reference_database_v2/derived_features/web_supra_jza80_chassis_dyno_cc0_2019.json
    ~ tasks/reports/runtime/s12-stage-q-real-reference/reference_database_v2/provenance/aventador_lp700_accel.json
    ~ tasks/reports/runtime/s12-stage-q-real-reference/reference_database_v2/provenance/c63_w204_close_downshift.json
    ~ tasks/reports/runtime/s12-stage-q-real-reference/reference_database_v2/provenance/c63_w204_headers_backfire.json
    ~ tasks/reports/runtime/s12-stage-q-real-reference/reference_database_v2/provenance/c63_w204_performance_accel.json
    ~ tasks/reports/runtime/s12-stage-q-real-reference/reference_database_v2/provenance/ferrari_458_accel.json
    ~ tasks/reports/runtime/s12-stage-q-real-reference/reference_database_v2/provenance/gtr_r35_nismo_accel.json
    ~ tasks/reports/runtime/s12-stage-q-real-reference/reference_database_v2/provenance/gtr_r35_tomei_close.json
    ~ tasks/reports/runtime/s12-stage-q-real-reference/reference_database_v2/provenance/gtr_r35_tuned_backfire.json
    ~ tasks/reports/runtime/s12-stage-q-real-reference/reference_database_v2/provenance/hellcat_burble_tune.json
    ~ tasks/reports/runtime/s12-stage-q-real-reference/reference_database_v2/provenance/hellcat_redeye_downshift.json
    ~ tasks/reports/runtime/s12-stage-q-real-reference/reference_database_v2/provenance/hellcat_redeye_leave.json
    ~ tasks/reports/runtime/s12-stage-q-real-reference/reference_database_v2/provenance/hellcat_stock_accel.json
    ~ tasks/reports/runtime/s12-stage-q-real-reference/reference_database_v2/provenance/lfa_full_accel.json
    ~ tasks/reports/runtime/s12-stage-q-real-reference/reference_database_v2/provenance/rx7_fd_13brew.json
    ~ tasks/reports/runtime/s12-stage-q-real-reference/reference_database_v2/provenance/rx7sim_exhaust_idle.json
    ~ tasks/reports/runtime/s12-stage-q-real-reference/reference_database_v2/provenance/rx7sim_exhaust_revLong01.json
    ~ tasks/reports/runtime/s12-stage-q-real-reference/reference_database_v2/provenance/rx7sim_exhaust_revMedium01.json
    ~ tasks/reports/runtime/s12-stage-q-real-reference/reference_database_v2/provenance/rx7sim_exhaust_revShort01.json
    ~ tasks/reports/runtime/s12-stage-q-real-reference/reference_database_v2/provenance/rx7sim_interior_revLong01.json
    ~ tasks/reports/runtime/s12-stage-q-real-reference/reference_database_v2/provenance/supra_jza80_stock.json
    ~ tasks/reports/runtime/s12-stage-q-real-reference/reference_database_v2/provenance/web_ferrari_458_goodwood_2010.json
    ~ tasks/reports/runtime/s12-stage-q-real-reference/reference_database_v2/provenance/web_hellcat_launching_sound_2019.json
    ~ tasks/reports/runtime/s12-stage-q-real-reference/reference_database_v2/provenance/web_supra_jza80_chassis_dyno_cc0_2019.json
    ~ tasks/reports/runtime/s12-stage-q-real-reference/reference_database_v2/reference_evidence_matrix.json
    ~ tasks/reports/runtime/s12-stage-q-real-reference/reference_database_v2/reference_manifest.json
    ~ tasks/reports/runtime/s12-stage-q-real-reference/reference_database_v2/rpm_state_bindings.json
    ~ tasks/reports/runtime/s12-stage-q-real-reference/reference_database_v2/rx7sim_authorized_r2_manifest_20260823.json
    ~ tasks/reports/runtime/s12-stage-q-real-reference/reference_database_v2/scenario_segments.json
    ~ tasks/reports/runtime/s12-stage-q-real-reference/reference_database_v2/web_authorized_manifest_20260822.json
    ~ tasks/reports/runtime/s12-stage-q-real-reference/rx7sim_source_audit_20260823.json
    ~ tasks/reports/runtime/s12-stage-q-real-reference/youtube_node_ejs_probe_20260822.json
    ~ tasks/reports/runtime/s12-stage-r-real-sound-difference/S12_Stage_R_Real_Sound_Difference_Report.md
    ~ tasks/reports/runtime/s12-stage-r-real-sound-difference/rx7sim-20260823/S12_Stage_R_R2_Limited_Difference_Report.md
    ~ tasks/reports/runtime/s12-stage-r-real-sound-difference/rx7sim-20260823/rx7sim_exhaust_full_pull_candidate_meta.json
    ~ tasks/reports/runtime/s12-stage-r-real-sound-difference/rx7sim-20260823/rx7sim_r2_comparison_receipt_20260823.json
    ~ tasks/reports/runtime/s12-stage-r-real-sound-difference/rx7sim-20260823/stage_r_r2_limited_result.json
    ~ tasks/reports/runtime/s12-stage-r-real-sound-difference/stage_r_parameter_recommendations.json
    ~ tasks/reports/runtime/s12-stage-r-real-sound-difference/stage_r_real_vs_synthetic_results.json
    ~ tasks/reports/runtime/s12-stage-r-real-sound-difference/web-authorized-20260822/ferrari_458/S12_Stage_R_R2_Limited_Difference_Report.md
    ~ tasks/reports/runtime/s12-stage-r-real-sound-difference/web-authorized-20260822/ferrari_458/stage_r_r2_limited_result.json
    ~ tasks/reports/runtime/s12-stage-r-real-sound-difference/web-authorized-20260822/hellcat/S12_Stage_R_R2_Limited_Difference_Report.md
    ~ tasks/reports/runtime/s12-stage-r-real-sound-difference/web-authorized-20260822/hellcat/stage_r_r2_limited_result.json
    ~ tasks/reports/runtime/s12-stage-r-real-sound-difference/web-authorized-20260822/supra_jza80/S12_Stage_R_R2_Limited_Difference_Report.md
    ~ tasks/reports/runtime/s12-stage-r-real-sound-difference/web-authorized-20260822/supra_jza80/stage_r_r2_limited_result.json
    ~ tasks/reports/runtime/s12-stage-r-real-sound-difference/web_authorized_ferrari_candidate_meta_20260822.json
    ~ tasks/reports/runtime/s12-stage-r-real-sound-difference/web_authorized_hellcat_candidate_meta_20260822.json
    ~ tasks/reports/runtime/s12-stage-r-real-sound-difference/web_authorized_r2_index_20260822.json
    ~ tasks/reports/runtime/s12-stage-r-real-sound-difference/web_authorized_supra_candidate_meta_20260822.json
    ~ tasks/reports/runtime/s12-stage-s-human-calibration/S12_Stage_S_Human_Calibration_Report.md
    ~ tasks/reports/runtime/s12-stage-s-human-calibration/anchor_ab_zh_v1/S12_R2_Human_Feedback_Report.md
    ~ tasks/reports/runtime/s12-stage-s-human-calibration/anchor_ab_zh_v1/anchor_ab_validation.json
    ~ tasks/reports/runtime/s12-stage-s-human-calibration/anchor_ab_zh_v1/feedback_gate.json
    ~ tasks/reports/runtime/s12-stage-s-human-calibration/anchor_ab_zh_v1/parameter_recommendations.json
    ~ tasks/reports/runtime/s12-stage-s-human-calibration/rx7sim-20260823-v3/S12_Stage_S_RX7sim_Human_AB_Report.md
    ~ tasks/reports/runtime/s12-stage-s-human-calibration/rx7sim-20260823-v3/r2_human_ab_receipt_v1.json
    ~ tasks/reports/runtime/s12-stage-s-human-calibration/rx7sim-20260823/S12_Stage_S_RX7sim_Human_AB_Report.md
    ~ tasks/reports/runtime/s12-stage-s-human-calibration/rx7sim-20260823/r2_human_ab_receipt_v1.json
    ~ tasks/reports/runtime/s12-stage-s-human-calibration/stage_s_chinese_listening_contract.json
    ~ tasks/reports/runtime/s12-stage-s-human-calibration/stage_s_feedback_gate.json
    ~ tasks/reports/runtime/s12-stage-t-profile-candidate/S12_Stage_T_Profile_Candidate_Handoff.md
    ~ tasks/reports/runtime/s12-stage-t-profile-candidate/stage_t_profile_candidate_gate.json
    ~ tasks/reports/runtime/s12-stage-v/engine_sim_source_receipt.json
    ~ tasks/reports/runtime/s12-stage-w/EXECUTION_RESUME.md
    ~ tasks/reports/runtime/s12-stage-w/S12_Engine_Audio_Ecosystem_Map.md
    ~ tasks/reports/runtime/s12-stage-w/S12_Ferrari_RX7_Migration_Report.md
    ~ tasks/reports/runtime/s12-stage-w/S12_Hellcat_Selected_Architecture_Report.md
    ~ tasks/reports/runtime/s12-stage-w/S12_Stage_V_Independent_Acceptance.md
    ~ tasks/reports/runtime/s12-stage-w/S12_Stage_W_Afterfire_Localization.md
    ~ tasks/reports/runtime/s12-stage-w/S12_Stage_W_Architecture_Bakeoff_Report.md
    ~ tasks/reports/runtime/s12-stage-w/S12_Stage_W_Frozen_PTR_Integration.md
    ~ tasks/reports/runtime/s12-stage-w/S12_Stage_W_Persistent_Engine.md
    ~ tasks/reports/runtime/s12-stage-w/S12_Stage_W_Timbre_Map.md
    ~ tasks/reports/runtime/s12-stage-w/S12_Stage_W_Waveguide_Teacher.md
    ~ tasks/reports/runtime/s12-stage-w/S12_Third_Party_License_Matrix.md
    ~ tasks/reports/runtime/s12-stage-w/ablation_results.json
    ~ tasks/reports/runtime/s12-stage-w/artifact_manifest.json
    ~ tasks/reports/runtime/s12-stage-w/bakeoff_results.json
    ~ tasks/reports/runtime/s12-stage-w/bakeoff_v1/P1/afterfire_eligible/cpu_memory_latency.json
    ~ tasks/reports/runtime/s12-stage-w/bakeoff_v1/P1/afterfire_eligible/metrics.json
    ~ tasks/reports/runtime/s12-stage-w/bakeoff_v1/P1/afterfire_eligible/sha256_manifest.json
    ~ tasks/reports/runtime/s12-stage-w/bakeoff_v1/P1/afterfire_eligible/state_trace.json
    ~ tasks/reports/runtime/s12-stage-w/bakeoff_v1/P1/afterfire_ineligible/cpu_memory_latency.json
    ~ tasks/reports/runtime/s12-stage-w/bakeoff_v1/P1/afterfire_ineligible/metrics.json
    ~ tasks/reports/runtime/s12-stage-w/bakeoff_v1/P1/afterfire_ineligible/sha256_manifest.json
    ~ tasks/reports/runtime/s12-stage-w/bakeoff_v1/P1/afterfire_ineligible/state_trace.json
    ~ tasks/reports/runtime/s12-stage-w/bakeoff_v1/P1/complete_cycle_60s/cpu_memory_latency.json
    ~ tasks/reports/runtime/s12-stage-w/bakeoff_v1/P1/complete_cycle_60s/metrics.json
    ~ tasks/reports/runtime/s12-stage-w/bakeoff_v1/P1/complete_cycle_60s/sha256_manifest.json
    ~ tasks/reports/runtime/s12-stage-w/bakeoff_v1/P1/complete_cycle_60s/state_trace.json
    ~ tasks/reports/runtime/s12-stage-w/bakeoff_v1/P1/full_load_acceleration/cpu_memory_latency.json
    ~ tasks/reports/runtime/s12-stage-w/bakeoff_v1/P1/full_load_acceleration/metrics.json
    ~ tasks/reports/runtime/s12-stage-w/bakeoff_v1/P1/full_load_acceleration/sha256_manifest.json
    ~ tasks/reports/runtime/s12-stage-w/bakeoff_v1/P1/full_load_acceleration/state_trace.json
    ~ tasks/reports/runtime/s12-stage-w/bakeoff_v1/P1/gear_shift/cpu_memory_latency.json
    ~ tasks/reports/runtime/s12-stage-w/bakeoff_v1/P1/gear_shift/metrics.json
    ~ tasks/reports/runtime/s12-stage-w/bakeoff_v1/P1/gear_shift/sha256_manifest.json
    ~ tasks/reports/runtime/s12-stage-w/bakeoff_v1/P1/gear_shift/state_trace.json
    ~ tasks/reports/runtime/s12-stage-w/bakeoff_v1/P1/high_rpm_lift/cpu_memory_latency.json
    ~ tasks/reports/runtime/s12-stage-w/bakeoff_v1/P1/high_rpm_lift/metrics.json
    ~ tasks/reports/runtime/s12-stage-w/bakeoff_v1/P1/high_rpm_lift/sha256_manifest.json
    ~ tasks/reports/runtime/s12-stage-w/bakeoff_v1/P1/high_rpm_lift/state_trace.json
    ~ tasks/reports/runtime/s12-stage-w/bakeoff_v1/P1/hot_idle_20s/cpu_memory_latency.json
    ~ tasks/reports/runtime/s12-stage-w/bakeoff_v1/P1/hot_idle_20s/metrics.json
    ~ tasks/reports/runtime/s12-stage-w/bakeoff_v1/P1/hot_idle_20s/sha256_manifest.json
    ~ tasks/reports/runtime/s12-stage-w/bakeoff_v1/P1/hot_idle_20s/state_trace.json
    ~ tasks/reports/runtime/s12-stage-w/bakeoff_v1/P1/idle_return/cpu_memory_latency.json
    ~ tasks/reports/runtime/s12-stage-w/bakeoff_v1/P1/idle_return/metrics.json
    ~ tasks/reports/runtime/s12-stage-w/bakeoff_v1/P1/idle_return/sha256_manifest.json
    ~ tasks/reports/runtime/s12-stage-w/bakeoff_v1/P1/idle_return/state_trace.json
    ~ tasks/reports/runtime/s12-stage-w/bakeoff_v1/P1/steady_1200rpm/cpu_memory_latency.json
    ~ tasks/reports/runtime/s12-stage-w/bakeoff_v1/P1/steady_1200rpm/metrics.json
    ~ tasks/reports/runtime/s12-stage-w/bakeoff_v1/P1/steady_1200rpm/sha256_manifest.json
    ~ tasks/reports/runtime/s12-stage-w/bakeoff_v1/P1/steady_1200rpm/state_trace.json
    ~ tasks/reports/runtime/s12-stage-w/bakeoff_v1/P1/steady_2000rpm/cpu_memory_latency.json
    ~ tasks/reports/runtime/s12-stage-w/bakeoff_v1/P1/steady_2000rpm/metrics.json
    ~ tasks/reports/runtime/s12-stage-w/bakeoff_v1/P1/steady_2000rpm/sha256_manifest.json
    ~ tasks/reports/runtime/s12-stage-w/bakeoff_v1/P1/steady_2000rpm/state_trace.json
    ~ tasks/reports/runtime/s12-stage-w/bakeoff_v1/P1/steady_3000rpm/cpu_memory_latency.json
    ~ tasks/reports/runtime/s12-stage-w/bakeoff_v1/P1/steady_3000rpm/metrics.json
    ~ tasks/reports/runtime/s12-stage-w/bakeoff_v1/P1/steady_3000rpm/sha256_manifest.json
    ~ tasks/reports/runtime/s12-stage-w/bakeoff_v1/P1/steady_3000rpm/state_trace.json
    ~ tasks/reports/runtime/s12-stage-w/bakeoff_v1/P1/throttle_tip_in/cpu_memory_latency.json
    ~ tasks/reports/runtime/s12-stage-w/bakeoff_v1/P1/throttle_tip_in/metrics.json
    ~ tasks/reports/runtime/s12-stage-w/bakeoff_v1/P1/throttle_tip_in/sha256_manifest.json
    ~ tasks/reports/runtime/s12-stage-w/bakeoff_v1/P1/throttle_tip_in/state_trace.json
    ~ tasks/reports/runtime/s12-stage-w/bakeoff_v1/P2/afterfire_eligible/cpu_memory_latency.json
    ~ tasks/reports/runtime/s12-stage-w/bakeoff_v1/P2/afterfire_eligible/metrics.json
    ~ tasks/reports/runtime/s12-stage-w/bakeoff_v1/P2/afterfire_eligible/sha256_manifest.json
    ~ tasks/reports/runtime/s12-stage-w/bakeoff_v1/P2/afterfire_eligible/state_trace.json
    ~ tasks/reports/runtime/s12-stage-w/bakeoff_v1/P2/afterfire_ineligible/cpu_memory_latency.json
    ~ tasks/reports/runtime/s12-stage-w/bakeoff_v1/P2/afterfire_ineligible/metrics.json
    ~ tasks/reports/runtime/s12-stage-w/bakeoff_v1/P2/afterfire_ineligible/sha256_manifest.json
    ~ tasks/reports/runtime/s12-stage-w/bakeoff_v1/P2/afterfire_ineligible/state_trace.json
    ~ tasks/reports/runtime/s12-stage-w/bakeoff_v1/P2/complete_cycle_60s/cpu_memory_latency.json
    ~ tasks/reports/runtime/s12-stage-w/bakeoff_v1/P2/complete_cycle_60s/metrics.json
    ~ tasks/reports/runtime/s12-stage-w/bakeoff_v1/P2/complete_cycle_60s/sha256_manifest.json
    ~ tasks/reports/runtime/s12-stage-w/bakeoff_v1/P2/complete_cycle_60s/state_trace.json
    ~ tasks/reports/runtime/s12-stage-w/bakeoff_v1/P2/full_load_acceleration/cpu_memory_latency.json
    ~ tasks/reports/runtime/s12-stage-w/bakeoff_v1/P2/full_load_acceleration/metrics.json
    ~ tasks/reports/runtime/s12-stage-w/bakeoff_v1/P2/full_load_acceleration/sha256_manifest.json
    ~ tasks/reports/runtime/s12-stage-w/bakeoff_v1/P2/full_load_acceleration/state_trace.json
    ~ tasks/reports/runtime/s12-stage-w/bakeoff_v1/P2/gear_shift/cpu_memory_latency.json
    ~ tasks/reports/runtime/s12-stage-w/bakeoff_v1/P2/gear_shift/metrics.json
    ~ tasks/reports/runtime/s12-stage-w/bakeoff_v1/P2/gear_shift/sha256_manifest.json
    ~ tasks/reports/runtime/s12-stage-w/bakeoff_v1/P2/gear_shift/state_trace.json
    ~ tasks/reports/runtime/s12-stage-w/bakeoff_v1/P2/high_rpm_lift/cpu_memory_latency.json
    ~ tasks/reports/runtime/s12-stage-w/bakeoff_v1/P2/high_rpm_lift/metrics.json
    ~ tasks/reports/runtime/s12-stage-w/bakeoff_v1/P2/high_rpm_lift/sha256_manifest.json
    ~ tasks/reports/runtime/s12-stage-w/bakeoff_v1/P2/high_rpm_lift/state_trace.json
    ~ tasks/reports/runtime/s12-stage-w/bakeoff_v1/P2/hot_idle_20s/cpu_memory_latency.json
    ~ tasks/reports/runtime/s12-stage-w/bakeoff_v1/P2/hot_idle_20s/metrics.json
    ~ tasks/reports/runtime/s12-stage-w/bakeoff_v1/P2/hot_idle_20s/sha256_manifest.json
    ~ tasks/reports/runtime/s12-stage-w/bakeoff_v1/P2/hot_idle_20s/state_trace.json
    ~ tasks/reports/runtime/s12-stage-w/bakeoff_v1/P2/idle_return/cpu_memory_latency.json
    ~ tasks/reports/runtime/s12-stage-w/bakeoff_v1/P2/idle_return/metrics.json
    ~ tasks/reports/runtime/s12-stage-w/bakeoff_v1/P2/idle_return/sha256_manifest.json
    ~ tasks/reports/runtime/s12-stage-w/bakeoff_v1/P2/idle_return/state_trace.json
    ~ tasks/reports/runtime/s12-stage-w/bakeoff_v1/P2/steady_1200rpm/cpu_memory_latency.json
    ~ tasks/reports/runtime/s12-stage-w/bakeoff_v1/P2/steady_1200rpm/metrics.json
    ~ tasks/reports/runtime/s12-stage-w/bakeoff_v1/P2/steady_1200rpm/sha256_manifest.json
    ~ tasks/reports/runtime/s12-stage-w/bakeoff_v1/P2/steady_1200rpm/state_trace.json
    ~ tasks/reports/runtime/s12-stage-w/bakeoff_v1/P2/steady_2000rpm/cpu_memory_latency.json
    ~ tasks/reports/runtime/s12-stage-w/bakeoff_v1/P2/steady_2000rpm/metrics.json
    ~ tasks/reports/runtime/s12-stage-w/bakeoff_v1/P2/steady_2000rpm/sha256_manifest.json
    ~ tasks/reports/runtime/s12-stage-w/bakeoff_v1/P2/steady_2000rpm/state_trace.json
    ~ tasks/reports/runtime/s12-stage-w/bakeoff_v1/P2/steady_3000rpm/cpu_memory_latency.json
    ~ tasks/reports/runtime/s12-stage-w/bakeoff_v1/P2/steady_3000rpm/metrics.json
    ~ tasks/reports/runtime/s12-stage-w/bakeoff_v1/P2/steady_3000rpm/sha256_manifest.json
    ~ tasks/reports/runtime/s12-stage-w/bakeoff_v1/P2/steady_3000rpm/state_trace.json
    ~ tasks/reports/runtime/s12-stage-w/bakeoff_v1/P2/throttle_tip_in/cpu_memory_latency.json
    ~ tasks/reports/runtime/s12-stage-w/bakeoff_v1/P2/throttle_tip_in/metrics.json
    ~ tasks/reports/runtime/s12-stage-w/bakeoff_v1/P2/throttle_tip_in/sha256_manifest.json
    ~ tasks/reports/runtime/s12-stage-w/bakeoff_v1/P2/throttle_tip_in/state_trace.json
    ~ tasks/reports/runtime/s12-stage-w/bakeoff_v1/P2H/afterfire_eligible/cpu_memory_latency.json
    ~ tasks/reports/runtime/s12-stage-w/bakeoff_v1/P2H/afterfire_eligible/metrics.json
    ~ tasks/reports/runtime/s12-stage-w/bakeoff_v1/P2H/afterfire_eligible/sha256_manifest.json
    ~ tasks/reports/runtime/s12-stage-w/bakeoff_v1/P2H/afterfire_eligible/state_trace.json
    ~ tasks/reports/runtime/s12-stage-w/bakeoff_v1/P2H/afterfire_ineligible/cpu_memory_latency.json
    ~ tasks/reports/runtime/s12-stage-w/bakeoff_v1/P2H/afterfire_ineligible/metrics.json
    ~ tasks/reports/runtime/s12-stage-w/bakeoff_v1/P2H/afterfire_ineligible/sha256_manifest.json
    ~ tasks/reports/runtime/s12-stage-w/bakeoff_v1/P2H/afterfire_ineligible/state_trace.json
    ~ tasks/reports/runtime/s12-stage-w/bakeoff_v1/P2H/complete_cycle_60s/cpu_memory_latency.json
    ~ tasks/reports/runtime/s12-stage-w/bakeoff_v1/P2H/complete_cycle_60s/metrics.json
    ~ tasks/reports/runtime/s12-stage-w/bakeoff_v1/P2H/complete_cycle_60s/sha256_manifest.json
    ~ tasks/reports/runtime/s12-stage-w/bakeoff_v1/P2H/complete_cycle_60s/state_trace.json
    ~ tasks/reports/runtime/s12-stage-w/bakeoff_v1/P2H/full_load_acceleration/cpu_memory_latency.json
    ~ tasks/reports/runtime/s12-stage-w/bakeoff_v1/P2H/full_load_acceleration/metrics.json
    ~ tasks/reports/runtime/s12-stage-w/bakeoff_v1/P2H/full_load_acceleration/sha256_manifest.json
    ~ tasks/reports/runtime/s12-stage-w/bakeoff_v1/P2H/full_load_acceleration/state_trace.json
    ~ tasks/reports/runtime/s12-stage-w/bakeoff_v1/P2H/gear_shift/cpu_memory_latency.json
    ~ tasks/reports/runtime/s12-stage-w/bakeoff_v1/P2H/gear_shift/metrics.json
    ~ tasks/reports/runtime/s12-stage-w/bakeoff_v1/P2H/gear_shift/sha256_manifest.json
    ~ tasks/reports/runtime/s12-stage-w/bakeoff_v1/P2H/gear_shift/state_trace.json
    ~ tasks/reports/runtime/s12-stage-w/bakeoff_v1/P2H/high_rpm_lift/cpu_memory_latency.json
    ~ tasks/reports/runtime/s12-stage-w/bakeoff_v1/P2H/high_rpm_lift/metrics.json
    ~ tasks/reports/runtime/s12-stage-w/bakeoff_v1/P2H/high_rpm_lift/sha256_manifest.json
    ~ tasks/reports/runtime/s12-stage-w/bakeoff_v1/P2H/high_rpm_lift/state_trace.json
    ~ tasks/reports/runtime/s12-stage-w/bakeoff_v1/P2H/hot_idle_20s/cpu_memory_latency.json
    ~ tasks/reports/runtime/s12-stage-w/bakeoff_v1/P2H/hot_idle_20s/metrics.json
    ~ tasks/reports/runtime/s12-stage-w/bakeoff_v1/P2H/hot_idle_20s/sha256_manifest.json
    ~ tasks/reports/runtime/s12-stage-w/bakeoff_v1/P2H/hot_idle_20s/state_trace.json
    ~ tasks/reports/runtime/s12-stage-w/bakeoff_v1/P2H/idle_return/cpu_memory_latency.json
    ~ tasks/reports/runtime/s12-stage-w/bakeoff_v1/P2H/idle_return/metrics.json
    ~ tasks/reports/runtime/s12-stage-w/bakeoff_v1/P2H/idle_return/sha256_manifest.json
    ~ tasks/reports/runtime/s12-stage-w/bakeoff_v1/P2H/idle_return/state_trace.json
    ~ tasks/reports/runtime/s12-stage-w/bakeoff_v1/P2H/steady_1200rpm/cpu_memory_latency.json
    ~ tasks/reports/runtime/s12-stage-w/bakeoff_v1/P2H/steady_1200rpm/metrics.json
    ~ tasks/reports/runtime/s12-stage-w/bakeoff_v1/P2H/steady_1200rpm/sha256_manifest.json
    ~ tasks/reports/runtime/s12-stage-w/bakeoff_v1/P2H/steady_1200rpm/state_trace.json
    ~ tasks/reports/runtime/s12-stage-w/bakeoff_v1/P2H/steady_2000rpm/cpu_memory_latency.json
    ~ tasks/reports/runtime/s12-stage-w/bakeoff_v1/P2H/steady_2000rpm/metrics.json
    ~ tasks/reports/runtime/s12-stage-w/bakeoff_v1/P2H/steady_2000rpm/sha256_manifest.json
    ~ tasks/reports/runtime/s12-stage-w/bakeoff_v1/P2H/steady_2000rpm/state_trace.json
    ~ tasks/reports/runtime/s12-stage-w/bakeoff_v1/P2H/steady_3000rpm/cpu_memory_latency.json
    ~ tasks/reports/runtime/s12-stage-w/bakeoff_v1/P2H/steady_3000rpm/metrics.json
    ~ tasks/reports/runtime/s12-stage-w/bakeoff_v1/P2H/steady_3000rpm/sha256_manifest.json
    ~ tasks/reports/runtime/s12-stage-w/bakeoff_v1/P2H/steady_3000rpm/state_trace.json
    ~ tasks/reports/runtime/s12-stage-w/bakeoff_v1/P2H/throttle_tip_in/cpu_memory_latency.json
    ~ tasks/reports/runtime/s12-stage-w/bakeoff_v1/P2H/throttle_tip_in/metrics.json
    ~ tasks/reports/runtime/s12-stage-w/bakeoff_v1/P2H/throttle_tip_in/sha256_manifest.json
    ~ tasks/reports/runtime/s12-stage-w/bakeoff_v1/P2H/throttle_tip_in/state_trace.json
    ~ tasks/reports/runtime/s12-stage-w/bakeoff_v1/P3/afterfire_eligible/cpu_memory_latency.json
    ~ tasks/reports/runtime/s12-stage-w/bakeoff_v1/P3/afterfire_eligible/metrics.json
    ~ tasks/reports/runtime/s12-stage-w/bakeoff_v1/P3/afterfire_eligible/sha256_manifest.json
    ~ tasks/reports/runtime/s12-stage-w/bakeoff_v1/P3/afterfire_eligible/state_trace.json
    ~ tasks/reports/runtime/s12-stage-w/bakeoff_v1/P3/afterfire_ineligible/cpu_memory_latency.json
    ~ tasks/reports/runtime/s12-stage-w/bakeoff_v1/P3/afterfire_ineligible/metrics.json
    ~ tasks/reports/runtime/s12-stage-w/bakeoff_v1/P3/afterfire_ineligible/sha256_manifest.json
    ~ tasks/reports/runtime/s12-stage-w/bakeoff_v1/P3/afterfire_ineligible/state_trace.json
    ~ tasks/reports/runtime/s12-stage-w/bakeoff_v1/P3/complete_cycle_60s/cpu_memory_latency.json
    ~ tasks/reports/runtime/s12-stage-w/bakeoff_v1/P3/complete_cycle_60s/metrics.json
    ~ tasks/reports/runtime/s12-stage-w/bakeoff_v1/P3/complete_cycle_60s/sha256_manifest.json
    ~ tasks/reports/runtime/s12-stage-w/bakeoff_v1/P3/complete_cycle_60s/state_trace.json
    ~ tasks/reports/runtime/s12-stage-w/bakeoff_v1/P3/full_load_acceleration/cpu_memory_latency.json
    ~ tasks/reports/runtime/s12-stage-w/bakeoff_v1/P3/full_load_acceleration/metrics.json
    ~ tasks/reports/runtime/s12-stage-w/bakeoff_v1/P3/full_load_acceleration/sha256_manifest.json
    ~ tasks/reports/runtime/s12-stage-w/bakeoff_v1/P3/full_load_acceleration/state_trace.json
    ~ tasks/reports/runtime/s12-stage-w/bakeoff_v1/P3/gear_shift/cpu_memory_latency.json
    ~ tasks/reports/runtime/s12-stage-w/bakeoff_v1/P3/gear_shift/metrics.json
    ~ tasks/reports/runtime/s12-stage-w/bakeoff_v1/P3/gear_shift/sha256_manifest.json
    ~ tasks/reports/runtime/s12-stage-w/bakeoff_v1/P3/gear_shift/state_trace.json
    ~ tasks/reports/runtime/s12-stage-w/bakeoff_v1/P3/high_rpm_lift/cpu_memory_latency.json
    ~ tasks/reports/runtime/s12-stage-w/bakeoff_v1/P3/high_rpm_lift/metrics.json
    ~ tasks/reports/runtime/s12-stage-w/bakeoff_v1/P3/high_rpm_lift/sha256_manifest.json
    ~ tasks/reports/runtime/s12-stage-w/bakeoff_v1/P3/high_rpm_lift/state_trace.json
    ~ tasks/reports/runtime/s12-stage-w/bakeoff_v1/P3/hot_idle_20s/cpu_memory_latency.json
    ~ tasks/reports/runtime/s12-stage-w/bakeoff_v1/P3/hot_idle_20s/metrics.json
    ~ tasks/reports/runtime/s12-stage-w/bakeoff_v1/P3/hot_idle_20s/sha256_manifest.json
    ~ tasks/reports/runtime/s12-stage-w/bakeoff_v1/P3/hot_idle_20s/state_trace.json
    ~ tasks/reports/runtime/s12-stage-w/bakeoff_v1/P3/idle_return/cpu_memory_latency.json
    ~ tasks/reports/runtime/s12-stage-w/bakeoff_v1/P3/idle_return/metrics.json
    ~ tasks/reports/runtime/s12-stage-w/bakeoff_v1/P3/idle_return/sha256_manifest.json
    ~ tasks/reports/runtime/s12-stage-w/bakeoff_v1/P3/idle_return/state_trace.json
    ~ tasks/reports/runtime/s12-stage-w/bakeoff_v1/P3/steady_1200rpm/cpu_memory_latency.json
    ~ tasks/reports/runtime/s12-stage-w/bakeoff_v1/P3/steady_1200rpm/metrics.json
    ~ tasks/reports/runtime/s12-stage-w/bakeoff_v1/P3/steady_1200rpm/sha256_manifest.json
    ~ tasks/reports/runtime/s12-stage-w/bakeoff_v1/P3/steady_1200rpm/state_trace.json
    ~ tasks/reports/runtime/s12-stage-w/bakeoff_v1/P3/steady_2000rpm/cpu_memory_latency.json
    ~ tasks/reports/runtime/s12-stage-w/bakeoff_v1/P3/steady_2000rpm/metrics.json
    ~ tasks/reports/runtime/s12-stage-w/bakeoff_v1/P3/steady_2000rpm/sha256_manifest.json
    ~ tasks/reports/runtime/s12-stage-w/bakeoff_v1/P3/steady_2000rpm/state_trace.json
    ~ tasks/reports/runtime/s12-stage-w/bakeoff_v1/P3/steady_3000rpm/cpu_memory_latency.json
    ~ tasks/reports/runtime/s12-stage-w/bakeoff_v1/P3/steady_3000rpm/metrics.json
    ~ tasks/reports/runtime/s12-stage-w/bakeoff_v1/P3/steady_3000rpm/sha256_manifest.json
    ~ tasks/reports/runtime/s12-stage-w/bakeoff_v1/P3/steady_3000rpm/state_trace.json
    ~ tasks/reports/runtime/s12-stage-w/bakeoff_v1/P3/throttle_tip_in/cpu_memory_latency.json
    ~ tasks/reports/runtime/s12-stage-w/bakeoff_v1/P3/throttle_tip_in/metrics.json
    ~ tasks/reports/runtime/s12-stage-w/bakeoff_v1/P3/throttle_tip_in/sha256_manifest.json
    ~ tasks/reports/runtime/s12-stage-w/bakeoff_v1/P3/throttle_tip_in/state_trace.json
    ~ tasks/reports/runtime/s12-stage-w/bakeoff_v1/ablation_results.json
    ~ tasks/reports/runtime/s12-stage-w/bakeoff_v1/artifact_manifest.json
    ~ tasks/reports/runtime/s12-stage-w/bakeoff_v1/bakeoff_manifest.json
    ~ tasks/reports/runtime/s12-stage-w/bakeoff_v1/bakeoff_results.json
    ~ tasks/reports/runtime/s12-stage-w/bakeoff_v1/parent_candidate_metrics.json
    ~ tasks/reports/runtime/s12-stage-w/bakeoff_v1/rejected_architectures.json
    ~ tasks/reports/runtime/s12-stage-w/bakeoff_v1/selected_architecture.json
    ~ tasks/reports/runtime/s12-stage-w/bakeoff_v3/P1/afterfire_eligible/cpu_memory_latency.json
    ~ tasks/reports/runtime/s12-stage-w/bakeoff_v3/P1/afterfire_eligible/event_trace.json
    ~ tasks/reports/runtime/s12-stage-w/bakeoff_v3/P1/afterfire_eligible/gain_trace.json
    ~ tasks/reports/runtime/s12-stage-w/bakeoff_v3/P1/afterfire_eligible/metrics.json
    ~ tasks/reports/runtime/s12-stage-w/bakeoff_v3/P1/afterfire_eligible/path_trace.json
    ~ tasks/reports/runtime/s12-stage-w/bakeoff_v3/P1/afterfire_eligible/phase_trace.json
    ~ tasks/reports/runtime/s12-stage-w/bakeoff_v3/P1/afterfire_eligible/sha256_manifest.json
    ~ tasks/reports/runtime/s12-stage-w/bakeoff_v3/P1/afterfire_eligible/state_trace.json
    ~ tasks/reports/runtime/s12-stage-w/bakeoff_v3/P1/afterfire_ineligible/cpu_memory_latency.json
    ~ tasks/reports/runtime/s12-stage-w/bakeoff_v3/P1/afterfire_ineligible/event_trace.json
    ~ tasks/reports/runtime/s12-stage-w/bakeoff_v3/P1/afterfire_ineligible/gain_trace.json
    ~ tasks/reports/runtime/s12-stage-w/bakeoff_v3/P1/afterfire_ineligible/metrics.json
    ~ tasks/reports/runtime/s12-stage-w/bakeoff_v3/P1/afterfire_ineligible/path_trace.json
    ~ tasks/reports/runtime/s12-stage-w/bakeoff_v3/P1/afterfire_ineligible/phase_trace.json
    ~ tasks/reports/runtime/s12-stage-w/bakeoff_v3/P1/afterfire_ineligible/sha256_manifest.json
    ~ tasks/reports/runtime/s12-stage-w/bakeoff_v3/P1/afterfire_ineligible/state_trace.json
    ~ tasks/reports/runtime/s12-stage-w/bakeoff_v3/P1/complete_cycle_60s/cpu_memory_latency.json
    ~ tasks/reports/runtime/s12-stage-w/bakeoff_v3/P1/complete_cycle_60s/event_trace.json
    ~ tasks/reports/runtime/s12-stage-w/bakeoff_v3/P1/complete_cycle_60s/gain_trace.json
    ~ tasks/reports/runtime/s12-stage-w/bakeoff_v3/P1/complete_cycle_60s/metrics.json
    ~ tasks/reports/runtime/s12-stage-w/bakeoff_v3/P1/complete_cycle_60s/path_trace.json
    ~ tasks/reports/runtime/s12-stage-w/bakeoff_v3/P1/complete_cycle_60s/phase_trace.json
    ~ tasks/reports/runtime/s12-stage-w/bakeoff_v3/P1/complete_cycle_60s/sha256_manifest.json
    ~ tasks/reports/runtime/s12-stage-w/bakeoff_v3/P1/complete_cycle_60s/state_trace.json
    ~ tasks/reports/runtime/s12-stage-w/bakeoff_v3/P1/full_load_acceleration/cpu_memory_latency.json
    ~ tasks/reports/runtime/s12-stage-w/bakeoff_v3/P1/full_load_acceleration/event_trace.json
    ~ tasks/reports/runtime/s12-stage-w/bakeoff_v3/P1/full_load_acceleration/gain_trace.json
    ~ tasks/reports/runtime/s12-stage-w/bakeoff_v3/P1/full_load_acceleration/metrics.json
    ~ tasks/reports/runtime/s12-stage-w/bakeoff_v3/P1/full_load_acceleration/path_trace.json
    ~ tasks/reports/runtime/s12-stage-w/bakeoff_v3/P1/full_load_acceleration/phase_trace.json
    ~ tasks/reports/runtime/s12-stage-w/bakeoff_v3/P1/full_load_acceleration/sha256_manifest.json
    ~ tasks/reports/runtime/s12-stage-w/bakeoff_v3/P1/full_load_acceleration/state_trace.json
    ~ tasks/reports/runtime/s12-stage-w/bakeoff_v3/P1/gear_shift/cpu_memory_latency.json
    ~ tasks/reports/runtime/s12-stage-w/bakeoff_v3/P1/gear_shift/event_trace.json
    ~ tasks/reports/runtime/s12-stage-w/bakeoff_v3/P1/gear_shift/gain_trace.json
    ~ tasks/reports/runtime/s12-stage-w/bakeoff_v3/P1/gear_shift/metrics.json
    ~ tasks/reports/runtime/s12-stage-w/bakeoff_v3/P1/gear_shift/path_trace.json
    ~ tasks/reports/runtime/s12-stage-w/bakeoff_v3/P1/gear_shift/phase_trace.json
    ~ tasks/reports/runtime/s12-stage-w/bakeoff_v3/P1/gear_shift/sha256_manifest.json
    ~ tasks/reports/runtime/s12-stage-w/bakeoff_v3/P1/gear_shift/state_trace.json
    ~ tasks/reports/runtime/s12-stage-w/bakeoff_v3/P1/high_rpm_lift/cpu_memory_latency.json
    ~ tasks/reports/runtime/s12-stage-w/bakeoff_v3/P1/high_rpm_lift/event_trace.json
    ~ tasks/reports/runtime/s12-stage-w/bakeoff_v3/P1/high_rpm_lift/gain_trace.json
    ~ tasks/reports/runtime/s12-stage-w/bakeoff_v3/P1/high_rpm_lift/metrics.json
    ~ tasks/reports/runtime/s12-stage-w/bakeoff_v3/P1/high_rpm_lift/path_trace.json
    ~ tasks/reports/runtime/s12-stage-w/bakeoff_v3/P1/high_rpm_lift/phase_trace.json
    ~ tasks/reports/runtime/s12-stage-w/bakeoff_v3/P1/high_rpm_lift/sha256_manifest.json
    ~ tasks/reports/runtime/s12-stage-w/bakeoff_v3/P1/high_rpm_lift/state_trace.json
    ~ tasks/reports/runtime/s12-stage-w/bakeoff_v3/P1/hot_idle_20s/cpu_memory_latency.json
    ~ tasks/reports/runtime/s12-stage-w/bakeoff_v3/P1/hot_idle_20s/event_trace.json
    ~ tasks/reports/runtime/s12-stage-w/bakeoff_v3/P1/hot_idle_20s/gain_trace.json
    ~ tasks/reports/runtime/s12-stage-w/bakeoff_v3/P1/hot_idle_20s/metrics.json
    ~ tasks/reports/runtime/s12-stage-w/bakeoff_v3/P1/hot_idle_20s/path_trace.json
    ~ tasks/reports/runtime/s12-stage-w/bakeoff_v3/P1/hot_idle_20s/phase_trace.json
    ~ tasks/reports/runtime/s12-stage-w/bakeoff_v3/P1/hot_idle_20s/sha256_manifest.json
    ~ tasks/reports/runtime/s12-stage-w/bakeoff_v3/P1/hot_idle_20s/state_trace.json
    ~ tasks/reports/runtime/s12-stage-w/bakeoff_v3/P1/idle_return/cpu_memory_latency.json
    ~ tasks/reports/runtime/s12-stage-w/bakeoff_v3/P1/idle_return/event_trace.json
    ~ tasks/reports/runtime/s12-stage-w/bakeoff_v3/P1/idle_return/gain_trace.json
    ~ tasks/reports/runtime/s12-stage-w/bakeoff_v3/P1/idle_return/metrics.json
    ~ tasks/reports/runtime/s12-stage-w/bakeoff_v3/P1/idle_return/path_trace.json
    ~ tasks/reports/runtime/s12-stage-w/bakeoff_v3/P1/idle_return/phase_trace.json
    ~ tasks/reports/runtime/s12-stage-w/bakeoff_v3/P1/idle_return/sha256_manifest.json
    ~ tasks/reports/runtime/s12-stage-w/bakeoff_v3/P1/idle_return/state_trace.json
    ~ tasks/reports/runtime/s12-stage-w/bakeoff_v3/P1/steady_1200rpm/cpu_memory_latency.json
    ~ tasks/reports/runtime/s12-stage-w/bakeoff_v3/P1/steady_1200rpm/event_trace.json
    ~ tasks/reports/runtime/s12-stage-w/bakeoff_v3/P1/steady_1200rpm/gain_trace.json
    ~ tasks/reports/runtime/s12-stage-w/bakeoff_v3/P1/steady_1200rpm/metrics.json
    ~ tasks/reports/runtime/s12-stage-w/bakeoff_v3/P1/steady_1200rpm/path_trace.json
    ~ tasks/reports/runtime/s12-stage-w/bakeoff_v3/P1/steady_1200rpm/phase_trace.json
    ~ tasks/reports/runtime/s12-stage-w/bakeoff_v3/P1/steady_1200rpm/sha256_manifest.json
    ~ tasks/reports/runtime/s12-stage-w/bakeoff_v3/P1/steady_1200rpm/state_trace.json
    ~ tasks/reports/runtime/s12-stage-w/bakeoff_v3/P1/steady_2000rpm/cpu_memory_latency.json
    ~ tasks/reports/runtime/s12-stage-w/bakeoff_v3/P1/steady_2000rpm/event_trace.json
    ~ tasks/reports/runtime/s12-stage-w/bakeoff_v3/P1/steady_2000rpm/gain_trace.json
    ~ tasks/reports/runtime/s12-stage-w/bakeoff_v3/P1/steady_2000rpm/metrics.json
    ~ tasks/reports/runtime/s12-stage-w/bakeoff_v3/P1/steady_2000rpm/path_trace.json
    ~ tasks/reports/runtime/s12-stage-w/bakeoff_v3/P1/steady_2000rpm/phase_trace.json
    ~ tasks/reports/runtime/s12-stage-w/bakeoff_v3/P1/steady_2000rpm/sha256_manifest.json
    ~ tasks/reports/runtime/s12-stage-w/bakeoff_v3/P1/steady_2000rpm/state_trace.json
    ~ tasks/reports/runtime/s12-stage-w/bakeoff_v3/P1/steady_3000rpm/cpu_memory_latency.json
    ~ tasks/reports/runtime/s12-stage-w/bakeoff_v3/P1/steady_3000rpm/event_trace.json
    ~ tasks/reports/runtime/s12-stage-w/bakeoff_v3/P1/steady_3000rpm/gain_trace.json
    ~ tasks/reports/runtime/s12-stage-w/bakeoff_v3/P1/steady_3000rpm/metrics.json
    ~ tasks/reports/runtime/s12-stage-w/bakeoff_v3/P1/steady_3000rpm/path_trace.json
    ~ tasks/reports/runtime/s12-stage-w/bakeoff_v3/P1/steady_3000rpm/phase_trace.json
    ~ tasks/reports/runtime/s12-stage-w/bakeoff_v3/P1/steady_3000rpm/sha256_manifest.json
    ~ tasks/reports/runtime/s12-stage-w/bakeoff_v3/P1/steady_3000rpm/state_trace.json
    ~ tasks/reports/runtime/s12-stage-w/bakeoff_v3/P1/throttle_tip_in/cpu_memory_latency.json
    ~ tasks/reports/runtime/s12-stage-w/bakeoff_v3/P1/throttle_tip_in/event_trace.json
    ~ tasks/reports/runtime/s12-stage-w/bakeoff_v3/P1/throttle_tip_in/gain_trace.json
    ~ tasks/reports/runtime/s12-stage-w/bakeoff_v3/P1/throttle_tip_in/metrics.json
    ~ tasks/reports/runtime/s12-stage-w/bakeoff_v3/P1/throttle_tip_in/path_trace.json
    ~ tasks/reports/runtime/s12-stage-w/bakeoff_v3/P1/throttle_tip_in/phase_trace.json
    ~ tasks/reports/runtime/s12-stage-w/bakeoff_v3/P1/throttle_tip_in/sha256_manifest.json
    ~ tasks/reports/runtime/s12-stage-w/bakeoff_v3/P1/throttle_tip_in/state_trace.json
    ~ tasks/reports/runtime/s12-stage-w/bakeoff_v3/P2/afterfire_eligible/cpu_memory_latency.json
    ~ tasks/reports/runtime/s12-stage-w/bakeoff_v3/P2/afterfire_eligible/event_trace.json
    ~ tasks/reports/runtime/s12-stage-w/bakeoff_v3/P2/afterfire_eligible/gain_trace.json
    ~ tasks/reports/runtime/s12-stage-w/bakeoff_v3/P2/afterfire_eligible/metrics.json
    ~ tasks/reports/runtime/s12-stage-w/bakeoff_v3/P2/afterfire_eligible/path_trace.json
    ~ tasks/reports/runtime/s12-stage-w/bakeoff_v3/P2/afterfire_eligible/phase_trace.json
    ~ tasks/reports/runtime/s12-stage-w/bakeoff_v3/P2/afterfire_eligible/sha256_manifest.json
    ~ tasks/reports/runtime/s12-stage-w/bakeoff_v3/P2/afterfire_eligible/state_trace.json
    ~ tasks/reports/runtime/s12-stage-w/bakeoff_v3/P2/afterfire_ineligible/cpu_memory_latency.json
    ~ tasks/reports/runtime/s12-stage-w/bakeoff_v3/P2/afterfire_ineligible/event_trace.json
    ~ tasks/reports/runtime/s12-stage-w/bakeoff_v3/P2/afterfire_ineligible/gain_trace.json
    ~ tasks/reports/runtime/s12-stage-w/bakeoff_v3/P2/afterfire_ineligible/metrics.json
    ~ tasks/reports/runtime/s12-stage-w/bakeoff_v3/P2/afterfire_ineligible/path_trace.json
    ~ tasks/reports/runtime/s12-stage-w/bakeoff_v3/P2/afterfire_ineligible/phase_trace.json
    ~ tasks/reports/runtime/s12-stage-w/bakeoff_v3/P2/afterfire_ineligible/sha256_manifest.json
    ~ tasks/reports/runtime/s12-stage-w/bakeoff_v3/P2/afterfire_ineligible/state_trace.json
    ~ tasks/reports/runtime/s12-stage-w/bakeoff_v3/P2/complete_cycle_60s/cpu_memory_latency.json
    ~ tasks/reports/runtime/s12-stage-w/bakeoff_v3/P2/complete_cycle_60s/event_trace.json
    ~ tasks/reports/runtime/s12-stage-w/bakeoff_v3/P2/complete_cycle_60s/gain_trace.json
    ~ tasks/reports/runtime/s12-stage-w/bakeoff_v3/P2/complete_cycle_60s/metrics.json
    ~ tasks/reports/runtime/s12-stage-w/bakeoff_v3/P2/complete_cycle_60s/path_trace.json
    ~ tasks/reports/runtime/s12-stage-w/bakeoff_v3/P2/complete_cycle_60s/phase_trace.json
    ~ tasks/reports/runtime/s12-stage-w/bakeoff_v3/P2/complete_cycle_60s/sha256_manifest.json
    ~ tasks/reports/runtime/s12-stage-w/bakeoff_v3/P2/complete_cycle_60s/state_trace.json
    ~ tasks/reports/runtime/s12-stage-w/bakeoff_v3/P2/full_load_acceleration/cpu_memory_latency.json
    ~ tasks/reports/runtime/s12-stage-w/bakeoff_v3/P2/full_load_acceleration/event_trace.json
    ~ tasks/reports/runtime/s12-stage-w/bakeoff_v3/P2/full_load_acceleration/gain_trace.json
    ~ tasks/reports/runtime/s12-stage-w/bakeoff_v3/P2/full_load_acceleration/metrics.json
    ~ tasks/reports/runtime/s12-stage-w/bakeoff_v3/P2/full_load_acceleration/path_trace.json
    ~ tasks/reports/runtime/s12-stage-w/bakeoff_v3/P2/full_load_acceleration/phase_trace.json
    ~ tasks/reports/runtime/s12-stage-w/bakeoff_v3/P2/full_load_acceleration/sha256_manifest.json
    ~ tasks/reports/runtime/s12-stage-w/bakeoff_v3/P2/full_load_acceleration/state_trace.json
    ~ tasks/reports/runtime/s12-stage-w/bakeoff_v3/P2/gear_shift/cpu_memory_latency.json
    ~ tasks/reports/runtime/s12-stage-w/bakeoff_v3/P2/gear_shift/event_trace.json
    ~ tasks/reports/runtime/s12-stage-w/bakeoff_v3/P2/gear_shift/gain_trace.json
    ~ tasks/reports/runtime/s12-stage-w/bakeoff_v3/P2/gear_shift/metrics.json
    ~ tasks/reports/runtime/s12-stage-w/bakeoff_v3/P2/gear_shift/path_trace.json
    ~ tasks/reports/runtime/s12-stage-w/bakeoff_v3/P2/gear_shift/phase_trace.json
    ~ tasks/reports/runtime/s12-stage-w/bakeoff_v3/P2/gear_shift/sha256_manifest.json
    ~ tasks/reports/runtime/s12-stage-w/bakeoff_v3/P2/gear_shift/state_trace.json
    ~ tasks/reports/runtime/s12-stage-w/bakeoff_v3/P2/high_rpm_lift/cpu_memory_latency.json
    ~ tasks/reports/runtime/s12-stage-w/bakeoff_v3/P2/high_rpm_lift/event_trace.json
    ~ tasks/reports/runtime/s12-stage-w/bakeoff_v3/P2/high_rpm_lift/gain_trace.json
    ~ tasks/reports/runtime/s12-stage-w/bakeoff_v3/P2/high_rpm_lift/metrics.json
    ~ tasks/reports/runtime/s12-stage-w/bakeoff_v3/P2/high_rpm_lift/path_trace.json
    ~ tasks/reports/runtime/s12-stage-w/bakeoff_v3/P2/high_rpm_lift/phase_trace.json
    ~ tasks/reports/runtime/s12-stage-w/bakeoff_v3/P2/high_rpm_lift/sha256_manifest.json
    ~ tasks/reports/runtime/s12-stage-w/bakeoff_v3/P2/high_rpm_lift/state_trace.json
    ~ tasks/reports/runtime/s12-stage-w/bakeoff_v3/P2/hot_idle_20s/cpu_memory_latency.json
    ~ tasks/reports/runtime/s12-stage-w/bakeoff_v3/P2/hot_idle_20s/event_trace.json
    ~ tasks/reports/runtime/s12-stage-w/bakeoff_v3/P2/hot_idle_20s/gain_trace.json
    ~ tasks/reports/runtime/s12-stage-w/bakeoff_v3/P2/hot_idle_20s/metrics.json
    ~ tasks/reports/runtime/s12-stage-w/bakeoff_v3/P2/hot_idle_20s/path_trace.json
    ~ tasks/reports/runtime/s12-stage-w/bakeoff_v3/P2/hot_idle_20s/phase_trace.json
    ~ tasks/reports/runtime/s12-stage-w/bakeoff_v3/P2/hot_idle_20s/sha256_manifest.json
    ~ tasks/reports/runtime/s12-stage-w/bakeoff_v3/P2/hot_idle_20s/state_trace.json
    ~ tasks/reports/runtime/s12-stage-w/bakeoff_v3/P2/idle_return/cpu_memory_latency.json
    ~ tasks/reports/runtime/s12-stage-w/bakeoff_v3/P2/idle_return/event_trace.json
    ~ tasks/reports/runtime/s12-stage-w/bakeoff_v3/P2/idle_return/gain_trace.json
    ~ tasks/reports/runtime/s12-stage-w/bakeoff_v3/P2/idle_return/metrics.json
    ~ tasks/reports/runtime/s12-stage-w/bakeoff_v3/P2/idle_return/path_trace.json
    ~ tasks/reports/runtime/s12-stage-w/bakeoff_v3/P2/idle_return/phase_trace.json
    ~ tasks/reports/runtime/s12-stage-w/bakeoff_v3/P2/idle_return/sha256_manifest.json
    ~ tasks/reports/runtime/s12-stage-w/bakeoff_v3/P2/idle_return/state_trace.json
    ~ tasks/reports/runtime/s12-stage-w/bakeoff_v3/P2/steady_1200rpm/cpu_memory_latency.json
    ~ tasks/reports/runtime/s12-stage-w/bakeoff_v3/P2/steady_1200rpm/event_trace.json
    ~ tasks/reports/runtime/s12-stage-w/bakeoff_v3/P2/steady_1200rpm/gain_trace.json
    ~ tasks/reports/runtime/s12-stage-w/bakeoff_v3/P2/steady_1200rpm/metrics.json
    ~ tasks/reports/runtime/s12-stage-w/bakeoff_v3/P2/steady_1200rpm/path_trace.json
    ~ tasks/reports/runtime/s12-stage-w/bakeoff_v3/P2/steady_1200rpm/phase_trace.json
    ~ tasks/reports/runtime/s12-stage-w/bakeoff_v3/P2/steady_1200rpm/sha256_manifest.json
    ~ tasks/reports/runtime/s12-stage-w/bakeoff_v3/P2/steady_1200rpm/state_trace.json
    ~ tasks/reports/runtime/s12-stage-w/bakeoff_v3/P2/steady_2000rpm/cpu_memory_latency.json
    ~ tasks/reports/runtime/s12-stage-w/bakeoff_v3/P2/steady_2000rpm/event_trace.json
    ~ tasks/reports/runtime/s12-stage-w/bakeoff_v3/P2/steady_2000rpm/gain_trace.json
    ~ tasks/reports/runtime/s12-stage-w/bakeoff_v3/P2/steady_2000rpm/metrics.json
    ~ tasks/reports/runtime/s12-stage-w/bakeoff_v3/P2/steady_2000rpm/path_trace.json
    ~ tasks/reports/runtime/s12-stage-w/bakeoff_v3/P2/steady_2000rpm/phase_trace.json
    ~ tasks/reports/runtime/s12-stage-w/bakeoff_v3/P2/steady_2000rpm/sha256_manifest.json
    ~ tasks/reports/runtime/s12-stage-w/bakeoff_v3/P2/steady_2000rpm/state_trace.json
    ~ tasks/reports/runtime/s12-stage-w/bakeoff_v3/P2/steady_3000rpm/cpu_memory_latency.json
    ~ tasks/reports/runtime/s12-stage-w/bakeoff_v3/P2/steady_3000rpm/event_trace.json
    ~ tasks/reports/runtime/s12-stage-w/bakeoff_v3/P2/steady_3000rpm/gain_trace.json
    ~ tasks/reports/runtime/s12-stage-w/bakeoff_v3/P2/steady_3000rpm/metrics.json
    ~ tasks/reports/runtime/s12-stage-w/bakeoff_v3/P2/steady_3000rpm/path_trace.json
    ~ tasks/reports/runtime/s12-stage-w/bakeoff_v3/P2/steady_3000rpm/phase_trace.json
    ~ tasks/reports/runtime/s12-stage-w/bakeoff_v3/P2/steady_3000rpm/sha256_manifest.json
    ~ tasks/reports/runtime/s12-stage-w/bakeoff_v3/P2/steady_3000rpm/state_trace.json
    ~ tasks/reports/runtime/s12-stage-w/bakeoff_v3/P2/throttle_tip_in/cpu_memory_latency.json
    ~ tasks/reports/runtime/s12-stage-w/bakeoff_v3/P2/throttle_tip_in/event_trace.json
    ~ tasks/reports/runtime/s12-stage-w/bakeoff_v3/P2/throttle_tip_in/gain_trace.json
    ~ tasks/reports/runtime/s12-stage-w/bakeoff_v3/P2/throttle_tip_in/metrics.json
    ~ tasks/reports/runtime/s12-stage-w/bakeoff_v3/P2/throttle_tip_in/path_trace.json
    ~ tasks/reports/runtime/s12-stage-w/bakeoff_v3/P2/throttle_tip_in/phase_trace.json
    ~ tasks/reports/runtime/s12-stage-w/bakeoff_v3/P2/throttle_tip_in/sha256_manifest.json
    ~ tasks/reports/runtime/s12-stage-w/bakeoff_v3/P2/throttle_tip_in/state_trace.json
    ~ tasks/reports/runtime/s12-stage-w/bakeoff_v3/P2H/afterfire_eligible/cpu_memory_latency.json
    ~ tasks/reports/runtime/s12-stage-w/bakeoff_v3/P2H/afterfire_eligible/event_trace.json
    ~ tasks/reports/runtime/s12-stage-w/bakeoff_v3/P2H/afterfire_eligible/gain_trace.json
    ~ tasks/reports/runtime/s12-stage-w/bakeoff_v3/P2H/afterfire_eligible/metrics.json
    ~ tasks/reports/runtime/s12-stage-w/bakeoff_v3/P2H/afterfire_eligible/path_trace.json
    ~ tasks/reports/runtime/s12-stage-w/bakeoff_v3/P2H/afterfire_eligible/phase_trace.json
    ~ tasks/reports/runtime/s12-stage-w/bakeoff_v3/P2H/afterfire_eligible/sha256_manifest.json
    ~ tasks/reports/runtime/s12-stage-w/bakeoff_v3/P2H/afterfire_eligible/state_trace.json
    ~ tasks/reports/runtime/s12-stage-w/bakeoff_v3/P2H/afterfire_ineligible/cpu_memory_latency.json
    ~ tasks/reports/runtime/s12-stage-w/bakeoff_v3/P2H/afterfire_ineligible/event_trace.json
    ~ tasks/reports/runtime/s12-stage-w/bakeoff_v3/P2H/afterfire_ineligible/gain_trace.json
    ~ tasks/reports/runtime/s12-stage-w/bakeoff_v3/P2H/afterfire_ineligible/metrics.json
    ~ tasks/reports/runtime/s12-stage-w/bakeoff_v3/P2H/afterfire_ineligible/path_trace.json
    ~ tasks/reports/runtime/s12-stage-w/bakeoff_v3/P2H/afterfire_ineligible/phase_trace.json
    ~ tasks/reports/runtime/s12-stage-w/bakeoff_v3/P2H/afterfire_ineligible/sha256_manifest.json
    ~ tasks/reports/runtime/s12-stage-w/bakeoff_v3/P2H/afterfire_ineligible/state_trace.json
    ~ tasks/reports/runtime/s12-stage-w/bakeoff_v3/P2H/complete_cycle_60s/cpu_memory_latency.json
    ~ tasks/reports/runtime/s12-stage-w/bakeoff_v3/P2H/complete_cycle_60s/event_trace.json
    ~ tasks/reports/runtime/s12-stage-w/bakeoff_v3/P2H/complete_cycle_60s/gain_trace.json
    ~ tasks/reports/runtime/s12-stage-w/bakeoff_v3/P2H/complete_cycle_60s/metrics.json
    ~ tasks/reports/runtime/s12-stage-w/bakeoff_v3/P2H/complete_cycle_60s/path_trace.json
    ~ tasks/reports/runtime/s12-stage-w/bakeoff_v3/P2H/complete_cycle_60s/phase_trace.json
    ~ tasks/reports/runtime/s12-stage-w/bakeoff_v3/P2H/complete_cycle_60s/sha256_manifest.json
    ~ tasks/reports/runtime/s12-stage-w/bakeoff_v3/P2H/complete_cycle_60s/state_trace.json
    ~ tasks/reports/runtime/s12-stage-w/bakeoff_v3/P2H/full_load_acceleration/cpu_memory_latency.json
    ~ tasks/reports/runtime/s12-stage-w/bakeoff_v3/P2H/full_load_acceleration/event_trace.json
    ~ tasks/reports/runtime/s12-stage-w/bakeoff_v3/P2H/full_load_acceleration/gain_trace.json
    ~ tasks/reports/runtime/s12-stage-w/bakeoff_v3/P2H/full_load_acceleration/metrics.json
    ~ tasks/reports/runtime/s12-stage-w/bakeoff_v3/P2H/full_load_acceleration/path_trace.json
    ~ tasks/reports/runtime/s12-stage-w/bakeoff_v3/P2H/full_load_acceleration/phase_trace.json
    ~ tasks/reports/runtime/s12-stage-w/bakeoff_v3/P2H/full_load_acceleration/sha256_manifest.json
    ~ tasks/reports/runtime/s12-stage-w/bakeoff_v3/P2H/full_load_acceleration/state_trace.json
    ~ tasks/reports/runtime/s12-stage-w/bakeoff_v3/P2H/gear_shift/cpu_memory_latency.json
    ~ tasks/reports/runtime/s12-stage-w/bakeoff_v3/P2H/gear_shift/event_trace.json
    ~ tasks/reports/runtime/s12-stage-w/bakeoff_v3/P2H/gear_shift/gain_trace.json
    ~ tasks/reports/runtime/s12-stage-w/bakeoff_v3/P2H/gear_shift/metrics.json
    ~ tasks/reports/runtime/s12-stage-w/bakeoff_v3/P2H/gear_shift/path_trace.json
    ~ tasks/reports/runtime/s12-stage-w/bakeoff_v3/P2H/gear_shift/phase_trace.json
    ~ tasks/reports/runtime/s12-stage-w/bakeoff_v3/P2H/gear_shift/sha256_manifest.json
    ~ tasks/reports/runtime/s12-stage-w/bakeoff_v3/P2H/gear_shift/state_trace.json
    ~ tasks/reports/runtime/s12-stage-w/bakeoff_v3/P2H/high_rpm_lift/cpu_memory_latency.json
    ~ tasks/reports/runtime/s12-stage-w/bakeoff_v3/P2H/high_rpm_lift/event_trace.json
    ~ tasks/reports/runtime/s12-stage-w/bakeoff_v3/P2H/high_rpm_lift/gain_trace.json
    ~ tasks/reports/runtime/s12-stage-w/bakeoff_v3/P2H/high_rpm_lift/metrics.json
    ~ tasks/reports/runtime/s12-stage-w/bakeoff_v3/P2H/high_rpm_lift/path_trace.json
    ~ tasks/reports/runtime/s12-stage-w/bakeoff_v3/P2H/high_rpm_lift/phase_trace.json
    ~ tasks/reports/runtime/s12-stage-w/bakeoff_v3/P2H/high_rpm_lift/sha256_manifest.json
    ~ tasks/reports/runtime/s12-stage-w/bakeoff_v3/P2H/high_rpm_lift/state_trace.json
    ~ tasks/reports/runtime/s12-stage-w/bakeoff_v3/P2H/hot_idle_20s/cpu_memory_latency.json
    ~ tasks/reports/runtime/s12-stage-w/bakeoff_v3/P2H/hot_idle_20s/event_trace.json
    ~ tasks/reports/runtime/s12-stage-w/bakeoff_v3/P2H/hot_idle_20s/gain_trace.json
    ~ tasks/reports/runtime/s12-stage-w/bakeoff_v3/P2H/hot_idle_20s/metrics.json
    ~ tasks/reports/runtime/s12-stage-w/bakeoff_v3/P2H/hot_idle_20s/path_trace.json
    ~ tasks/reports/runtime/s12-stage-w/bakeoff_v3/P2H/hot_idle_20s/phase_trace.json
    ~ tasks/reports/runtime/s12-stage-w/bakeoff_v3/P2H/hot_idle_20s/sha256_manifest.json
    ~ tasks/reports/runtime/s12-stage-w/bakeoff_v3/P2H/hot_idle_20s/state_trace.json
    ~ tasks/reports/runtime/s12-stage-w/bakeoff_v3/P2H/idle_return/cpu_memory_latency.json
    ~ tasks/reports/runtime/s12-stage-w/bakeoff_v3/P2H/idle_return/event_trace.json
    ~ tasks/reports/runtime/s12-stage-w/bakeoff_v3/P2H/idle_return/gain_trace.json
    ~ tasks/reports/runtime/s12-stage-w/bakeoff_v3/P2H/idle_return/metrics.json
    ~ tasks/reports/runtime/s12-stage-w/bakeoff_v3/P2H/idle_return/path_trace.json
    ~ tasks/reports/runtime/s12-stage-w/bakeoff_v3/P2H/idle_return/phase_trace.json
    ~ tasks/reports/runtime/s12-stage-w/bakeoff_v3/P2H/idle_return/sha256_manifest.json
    ~ tasks/reports/runtime/s12-stage-w/bakeoff_v3/P2H/idle_return/state_trace.json
    ~ tasks/reports/runtime/s12-stage-w/bakeoff_v3/P2H/steady_1200rpm/cpu_memory_latency.json
    ~ tasks/reports/runtime/s12-stage-w/bakeoff_v3/P2H/steady_1200rpm/event_trace.json
    ~ tasks/reports/runtime/s12-stage-w/bakeoff_v3/P2H/steady_1200rpm/gain_trace.json
    ~ tasks/reports/runtime/s12-stage-w/bakeoff_v3/P2H/steady_1200rpm/metrics.json
    ~ tasks/reports/runtime/s12-stage-w/bakeoff_v3/P2H/steady_1200rpm/path_trace.json
    ~ tasks/reports/runtime/s12-stage-w/bakeoff_v3/P2H/steady_1200rpm/phase_trace.json
    ~ tasks/reports/runtime/s12-stage-w/bakeoff_v3/P2H/steady_1200rpm/sha256_manifest.json
    ~ tasks/reports/runtime/s12-stage-w/bakeoff_v3/P2H/steady_1200rpm/state_trace.json
    ~ tasks/reports/runtime/s12-stage-w/bakeoff_v3/P2H/steady_2000rpm/cpu_memory_latency.json
    ~ tasks/reports/runtime/s12-stage-w/bakeoff_v3/P2H/steady_2000rpm/event_trace.json
    ~ tasks/reports/runtime/s12-stage-w/bakeoff_v3/P2H/steady_2000rpm/gain_trace.json
    ~ tasks/reports/runtime/s12-stage-w/bakeoff_v3/P2H/steady_2000rpm/metrics.json
    ~ tasks/reports/runtime/s12-stage-w/bakeoff_v3/P2H/steady_2000rpm/path_trace.json
    ~ tasks/reports/runtime/s12-stage-w/bakeoff_v3/P2H/steady_2000rpm/phase_trace.json
    ~ tasks/reports/runtime/s12-stage-w/bakeoff_v3/P2H/steady_2000rpm/sha256_manifest.json
    ~ tasks/reports/runtime/s12-stage-w/bakeoff_v3/P2H/steady_2000rpm/state_trace.json
    ~ tasks/reports/runtime/s12-stage-w/bakeoff_v3/P2H/steady_3000rpm/cpu_memory_latency.json
    ~ tasks/reports/runtime/s12-stage-w/bakeoff_v3/P2H/steady_3000rpm/event_trace.json
    ~ tasks/reports/runtime/s12-stage-w/bakeoff_v3/P2H/steady_3000rpm/gain_trace.json
    ~ tasks/reports/runtime/s12-stage-w/bakeoff_v3/P2H/steady_3000rpm/metrics.json
    ~ tasks/reports/runtime/s12-stage-w/bakeoff_v3/P2H/steady_3000rpm/path_trace.json
    ~ tasks/reports/runtime/s12-stage-w/bakeoff_v3/P2H/steady_3000rpm/phase_trace.json
    ~ tasks/reports/runtime/s12-stage-w/bakeoff_v3/P2H/steady_3000rpm/sha256_manifest.json
    ~ tasks/reports/runtime/s12-stage-w/bakeoff_v3/P2H/steady_3000rpm/state_trace.json
    ~ tasks/reports/runtime/s12-stage-w/bakeoff_v3/P2H/throttle_tip_in/cpu_memory_latency.json
    ~ tasks/reports/runtime/s12-stage-w/bakeoff_v3/P2H/throttle_tip_in/event_trace.json
    ~ tasks/reports/runtime/s12-stage-w/bakeoff_v3/P2H/throttle_tip_in/gain_trace.json
    ~ tasks/reports/runtime/s12-stage-w/bakeoff_v3/P2H/throttle_tip_in/metrics.json
    ~ tasks/reports/runtime/s12-stage-w/bakeoff_v3/P2H/throttle_tip_in/path_trace.json
    ~ tasks/reports/runtime/s12-stage-w/bakeoff_v3/P2H/throttle_tip_in/phase_trace.json
    ~ tasks/reports/runtime/s12-stage-w/bakeoff_v3/P2H/throttle_tip_in/sha256_manifest.json
    ~ tasks/reports/runtime/s12-stage-w/bakeoff_v3/P2H/throttle_tip_in/state_trace.json
    ~ tasks/reports/runtime/s12-stage-w/bakeoff_v3/P3/afterfire_eligible/cpu_memory_latency.json
    ~ tasks/reports/runtime/s12-stage-w/bakeoff_v3/P3/afterfire_eligible/event_trace.json
    ~ tasks/reports/runtime/s12-stage-w/bakeoff_v3/P3/afterfire_eligible/gain_trace.json
    ~ tasks/reports/runtime/s12-stage-w/bakeoff_v3/P3/afterfire_eligible/metrics.json
    ~ tasks/reports/runtime/s12-stage-w/bakeoff_v3/P3/afterfire_eligible/path_trace.json
    ~ tasks/reports/runtime/s12-stage-w/bakeoff_v3/P3/afterfire_eligible/phase_trace.json
    ~ tasks/reports/runtime/s12-stage-w/bakeoff_v3/P3/afterfire_eligible/sha256_manifest.json
    ~ tasks/reports/runtime/s12-stage-w/bakeoff_v3/P3/afterfire_eligible/state_trace.json
    ~ tasks/reports/runtime/s12-stage-w/bakeoff_v3/P3/afterfire_ineligible/cpu_memory_latency.json
    ~ tasks/reports/runtime/s12-stage-w/bakeoff_v3/P3/afterfire_ineligible/event_trace.json
    ~ tasks/reports/runtime/s12-stage-w/bakeoff_v3/P3/afterfire_ineligible/gain_trace.json
    ~ tasks/reports/runtime/s12-stage-w/bakeoff_v3/P3/afterfire_ineligible/metrics.json
    ~ tasks/reports/runtime/s12-stage-w/bakeoff_v3/P3/afterfire_ineligible/path_trace.json
    ~ tasks/reports/runtime/s12-stage-w/bakeoff_v3/P3/afterfire_ineligible/phase_trace.json
    ~ tasks/reports/runtime/s12-stage-w/bakeoff_v3/P3/afterfire_ineligible/sha256_manifest.json
    ~ tasks/reports/runtime/s12-stage-w/bakeoff_v3/P3/afterfire_ineligible/state_trace.json
    ~ tasks/reports/runtime/s12-stage-w/bakeoff_v3/P3/complete_cycle_60s/cpu_memory_latency.json
    ~ tasks/reports/runtime/s12-stage-w/bakeoff_v3/P3/complete_cycle_60s/event_trace.json
    ~ tasks/reports/runtime/s12-stage-w/bakeoff_v3/P3/complete_cycle_60s/gain_trace.json
    ~ tasks/reports/runtime/s12-stage-w/bakeoff_v3/P3/complete_cycle_60s/metrics.json
    ~ tasks/reports/runtime/s12-stage-w/bakeoff_v3/P3/complete_cycle_60s/path_trace.json
    ~ tasks/reports/runtime/s12-stage-w/bakeoff_v3/P3/complete_cycle_60s/phase_trace.json
    ~ tasks/reports/runtime/s12-stage-w/bakeoff_v3/P3/complete_cycle_60s/sha256_manifest.json
    ~ tasks/reports/runtime/s12-stage-w/bakeoff_v3/P3/complete_cycle_60s/state_trace.json
    ~ tasks/reports/runtime/s12-stage-w/bakeoff_v3/P3/full_load_acceleration/cpu_memory_latency.json
    ~ tasks/reports/runtime/s12-stage-w/bakeoff_v3/P3/full_load_acceleration/event_trace.json
    ~ tasks/reports/runtime/s12-stage-w/bakeoff_v3/P3/full_load_acceleration/gain_trace.json
    ~ tasks/reports/runtime/s12-stage-w/bakeoff_v3/P3/full_load_acceleration/metrics.json
    ~ tasks/reports/runtime/s12-stage-w/bakeoff_v3/P3/full_load_acceleration/path_trace.json
    ~ tasks/reports/runtime/s12-stage-w/bakeoff_v3/P3/full_load_acceleration/phase_trace.json
    ~ tasks/reports/runtime/s12-stage-w/bakeoff_v3/P3/full_load_acceleration/sha256_manifest.json
    ~ tasks/reports/runtime/s12-stage-w/bakeoff_v3/P3/full_load_acceleration/state_trace.json
    ~ tasks/reports/runtime/s12-stage-w/bakeoff_v3/P3/gear_shift/cpu_memory_latency.json
    ~ tasks/reports/runtime/s12-stage-w/bakeoff_v3/P3/gear_shift/event_trace.json
    ~ tasks/reports/runtime/s12-stage-w/bakeoff_v3/P3/gear_shift/gain_trace.json
    ~ tasks/reports/runtime/s12-stage-w/bakeoff_v3/P3/gear_shift/metrics.json
    ~ tasks/reports/runtime/s12-stage-w/bakeoff_v3/P3/gear_shift/path_trace.json
    ~ tasks/reports/runtime/s12-stage-w/bakeoff_v3/P3/gear_shift/phase_trace.json
    ~ tasks/reports/runtime/s12-stage-w/bakeoff_v3/P3/gear_shift/sha256_manifest.json
    ~ tasks/reports/runtime/s12-stage-w/bakeoff_v3/P3/gear_shift/state_trace.json
    ~ tasks/reports/runtime/s12-stage-w/bakeoff_v3/P3/high_rpm_lift/cpu_memory_latency.json
    ~ tasks/reports/runtime/s12-stage-w/bakeoff_v3/P3/high_rpm_lift/event_trace.json
    ~ tasks/reports/runtime/s12-stage-w/bakeoff_v3/P3/high_rpm_lift/gain_trace.json
    ~ tasks/reports/runtime/s12-stage-w/bakeoff_v3/P3/high_rpm_lift/metrics.json
    ~ tasks/reports/runtime/s12-stage-w/bakeoff_v3/P3/high_rpm_lift/path_trace.json
    ~ tasks/reports/runtime/s12-stage-w/bakeoff_v3/P3/high_rpm_lift/phase_trace.json
    ~ tasks/reports/runtime/s12-stage-w/bakeoff_v3/P3/high_rpm_lift/sha256_manifest.json
    ~ tasks/reports/runtime/s12-stage-w/bakeoff_v3/P3/high_rpm_lift/state_trace.json
    ~ tasks/reports/runtime/s12-stage-w/bakeoff_v3/P3/hot_idle_20s/cpu_memory_latency.json
    ~ tasks/reports/runtime/s12-stage-w/bakeoff_v3/P3/hot_idle_20s/event_trace.json
    ~ tasks/reports/runtime/s12-stage-w/bakeoff_v3/P3/hot_idle_20s/gain_trace.json
    ~ tasks/reports/runtime/s12-stage-w/bakeoff_v3/P3/hot_idle_20s/metrics.json
    ~ tasks/reports/runtime/s12-stage-w/bakeoff_v3/P3/hot_idle_20s/path_trace.json
    ~ tasks/reports/runtime/s12-stage-w/bakeoff_v3/P3/hot_idle_20s/phase_trace.json
    ~ tasks/reports/runtime/s12-stage-w/bakeoff_v3/P3/hot_idle_20s/sha256_manifest.json
    ~ tasks/reports/runtime/s12-stage-w/bakeoff_v3/P3/hot_idle_20s/state_trace.json
    ~ tasks/reports/runtime/s12-stage-w/bakeoff_v3/P3/idle_return/cpu_memory_latency.json
    ~ tasks/reports/runtime/s12-stage-w/bakeoff_v3/P3/idle_return/event_trace.json
    ~ tasks/reports/runtime/s12-stage-w/bakeoff_v3/P3/idle_return/gain_trace.json
    ~ tasks/reports/runtime/s12-stage-w/bakeoff_v3/P3/idle_return/metrics.json
    ~ tasks/reports/runtime/s12-stage-w/bakeoff_v3/P3/idle_return/path_trace.json
    ~ tasks/reports/runtime/s12-stage-w/bakeoff_v3/P3/idle_return/phase_trace.json
    ~ tasks/reports/runtime/s12-stage-w/bakeoff_v3/P3/idle_return/sha256_manifest.json
    ~ tasks/reports/runtime/s12-stage-w/bakeoff_v3/P3/idle_return/state_trace.json
    ~ tasks/reports/runtime/s12-stage-w/bakeoff_v3/P3/steady_1200rpm/cpu_memory_latency.json
    ~ tasks/reports/runtime/s12-stage-w/bakeoff_v3/P3/steady_1200rpm/event_trace.json
    ~ tasks/reports/runtime/s12-stage-w/bakeoff_v3/P3/steady_1200rpm/gain_trace.json
    ~ tasks/reports/runtime/s12-stage-w/bakeoff_v3/P3/steady_1200rpm/metrics.json
    ~ tasks/reports/runtime/s12-stage-w/bakeoff_v3/P3/steady_1200rpm/path_trace.json
    ~ tasks/reports/runtime/s12-stage-w/bakeoff_v3/P3/steady_1200rpm/phase_trace.json
    ~ tasks/reports/runtime/s12-stage-w/bakeoff_v3/P3/steady_1200rpm/sha256_manifest.json
    ~ tasks/reports/runtime/s12-stage-w/bakeoff_v3/P3/steady_1200rpm/state_trace.json
    ~ tasks/reports/runtime/s12-stage-w/bakeoff_v3/P3/steady_2000rpm/cpu_memory_latency.json
    ~ tasks/reports/runtime/s12-stage-w/bakeoff_v3/P3/steady_2000rpm/event_trace.json
    ~ tasks/reports/runtime/s12-stage-w/bakeoff_v3/P3/steady_2000rpm/gain_trace.json
    ~ tasks/reports/runtime/s12-stage-w/bakeoff_v3/P3/steady_2000rpm/metrics.json
    ~ tasks/reports/runtime/s12-stage-w/bakeoff_v3/P3/steady_2000rpm/path_trace.json
    ~ tasks/reports/runtime/s12-stage-w/bakeoff_v3/P3/steady_2000rpm/phase_trace.json
    ~ tasks/reports/runtime/s12-stage-w/bakeoff_v3/P3/steady_2000rpm/sha256_manifest.json
    ~ tasks/reports/runtime/s12-stage-w/bakeoff_v3/P3/steady_2000rpm/state_trace.json
    ~ tasks/reports/runtime/s12-stage-w/bakeoff_v3/P3/steady_3000rpm/cpu_memory_latency.json
    ~ tasks/reports/runtime/s12-stage-w/bakeoff_v3/P3/steady_3000rpm/event_trace.json
    ~ tasks/reports/runtime/s12-stage-w/bakeoff_v3/P3/steady_3000rpm/gain_trace.json
    ~ tasks/reports/runtime/s12-stage-w/bakeoff_v3/P3/steady_3000rpm/metrics.json
    ~ tasks/reports/runtime/s12-stage-w/bakeoff_v3/P3/steady_3000rpm/path_trace.json
    ~ tasks/reports/runtime/s12-stage-w/bakeoff_v3/P3/steady_3000rpm/phase_trace.json
    ~ tasks/reports/runtime/s12-stage-w/bakeoff_v3/P3/steady_3000rpm/sha256_manifest.json
    ~ tasks/reports/runtime/s12-stage-w/bakeoff_v3/P3/steady_3000rpm/state_trace.json
    ~ tasks/reports/runtime/s12-stage-w/bakeoff_v3/P3/throttle_tip_in/cpu_memory_latency.json
    ~ tasks/reports/runtime/s12-stage-w/bakeoff_v3/P3/throttle_tip_in/event_trace.json
    ~ tasks/reports/runtime/s12-stage-w/bakeoff_v3/P3/throttle_tip_in/gain_trace.json
    ~ tasks/reports/runtime/s12-stage-w/bakeoff_v3/P3/throttle_tip_in/metrics.json
    ~ tasks/reports/runtime/s12-stage-w/bakeoff_v3/P3/throttle_tip_in/path_trace.json
    ~ tasks/reports/runtime/s12-stage-w/bakeoff_v3/P3/throttle_tip_in/phase_trace.json
    ~ tasks/reports/runtime/s12-stage-w/bakeoff_v3/P3/throttle_tip_in/sha256_manifest.json
    ~ tasks/reports/runtime/s12-stage-w/bakeoff_v3/P3/throttle_tip_in/state_trace.json
    ~ tasks/reports/runtime/s12-stage-w/bakeoff_v3/bakeoff_manifest.json
    ~ tasks/reports/runtime/s12-stage-w/bakeoff_v3/bakeoff_results.json
    ~ tasks/reports/runtime/s12-stage-w/bakeoff_v3/rejected_architectures.json
    ~ tasks/reports/runtime/s12-stage-w/bakeoff_v3/selected_architecture.json
    ~ tasks/reports/runtime/s12-stage-w/bakeoff_v5/P1/afterfire_eligible/cpu_memory_latency.json
    ~ tasks/reports/runtime/s12-stage-w/bakeoff_v5/P1/afterfire_eligible/event_trace.json
    ~ tasks/reports/runtime/s12-stage-w/bakeoff_v5/P1/afterfire_eligible/gain_trace.json
    ~ tasks/reports/runtime/s12-stage-w/bakeoff_v5/P1/afterfire_eligible/metrics.json
    ~ tasks/reports/runtime/s12-stage-w/bakeoff_v5/P1/afterfire_eligible/path_trace.json
    ~ tasks/reports/runtime/s12-stage-w/bakeoff_v5/P1/afterfire_eligible/phase_trace.json
    ~ tasks/reports/runtime/s12-stage-w/bakeoff_v5/P1/afterfire_eligible/sha256_manifest.json
    ~ tasks/reports/runtime/s12-stage-w/bakeoff_v5/P1/afterfire_eligible/state_trace.json
    ~ tasks/reports/runtime/s12-stage-w/bakeoff_v5/P1/afterfire_ineligible/cpu_memory_latency.json
    ~ tasks/reports/runtime/s12-stage-w/bakeoff_v5/P1/afterfire_ineligible/event_trace.json
    ~ tasks/reports/runtime/s12-stage-w/bakeoff_v5/P1/afterfire_ineligible/gain_trace.json
    ~ tasks/reports/runtime/s12-stage-w/bakeoff_v5/P1/afterfire_ineligible/metrics.json
    ~ tasks/reports/runtime/s12-stage-w/bakeoff_v5/P1/afterfire_ineligible/path_trace.json
    ~ tasks/reports/runtime/s12-stage-w/bakeoff_v5/P1/afterfire_ineligible/phase_trace.json
    ~ tasks/reports/runtime/s12-stage-w/bakeoff_v5/P1/afterfire_ineligible/sha256_manifest.json
    ~ tasks/reports/runtime/s12-stage-w/bakeoff_v5/P1/afterfire_ineligible/state_trace.json
    ~ tasks/reports/runtime/s12-stage-w/bakeoff_v5/P1/complete_cycle_60s/cpu_memory_latency.json
    ~ tasks/reports/runtime/s12-stage-w/bakeoff_v5/P1/complete_cycle_60s/event_trace.json
    ~ tasks/reports/runtime/s12-stage-w/bakeoff_v5/P1/complete_cycle_60s/gain_trace.json
    ~ tasks/reports/runtime/s12-stage-w/bakeoff_v5/P1/complete_cycle_60s/metrics.json
    ~ tasks/reports/runtime/s12-stage-w/bakeoff_v5/P1/complete_cycle_60s/path_trace.json
    ~ tasks/reports/runtime/s12-stage-w/bakeoff_v5/P1/complete_cycle_60s/phase_trace.json
    ~ tasks/reports/runtime/s12-stage-w/bakeoff_v5/P1/complete_cycle_60s/sha256_manifest.json
    ~ tasks/reports/runtime/s12-stage-w/bakeoff_v5/P1/complete_cycle_60s/state_trace.json
    ~ tasks/reports/runtime/s12-stage-w/bakeoff_v5/P1/full_load_acceleration/cpu_memory_latency.json
    ~ tasks/reports/runtime/s12-stage-w/bakeoff_v5/P1/full_load_acceleration/event_trace.json
    ~ tasks/reports/runtime/s12-stage-w/bakeoff_v5/P1/full_load_acceleration/gain_trace.json
    ~ tasks/reports/runtime/s12-stage-w/bakeoff_v5/P1/full_load_acceleration/metrics.json
    ~ tasks/reports/runtime/s12-stage-w/bakeoff_v5/P1/full_load_acceleration/path_trace.json
    ~ tasks/reports/runtime/s12-stage-w/bakeoff_v5/P1/full_load_acceleration/phase_trace.json
    ~ tasks/reports/runtime/s12-stage-w/bakeoff_v5/P1/full_load_acceleration/sha256_manifest.json
    ~ tasks/reports/runtime/s12-stage-w/bakeoff_v5/P1/full_load_acceleration/state_trace.json
    ~ tasks/reports/runtime/s12-stage-w/bakeoff_v5/P1/gear_shift/cpu_memory_latency.json
    ~ tasks/reports/runtime/s12-stage-w/bakeoff_v5/P1/gear_shift/event_trace.json
    ~ tasks/reports/runtime/s12-stage-w/bakeoff_v5/P1/gear_shift/gain_trace.json
    ~ tasks/reports/runtime/s12-stage-w/bakeoff_v5/P1/gear_shift/metrics.json
    ~ tasks/reports/runtime/s12-stage-w/bakeoff_v5/P1/gear_shift/path_trace.json
    ~ tasks/reports/runtime/s12-stage-w/bakeoff_v5/P1/gear_shift/phase_trace.json
    ~ tasks/reports/runtime/s12-stage-w/bakeoff_v5/P1/gear_shift/sha256_manifest.json
    ~ tasks/reports/runtime/s12-stage-w/bakeoff_v5/P1/gear_shift/state_trace.json
    ~ tasks/reports/runtime/s12-stage-w/bakeoff_v5/P1/high_rpm_lift/cpu_memory_latency.json
    ~ tasks/reports/runtime/s12-stage-w/bakeoff_v5/P1/high_rpm_lift/event_trace.json
    ~ tasks/reports/runtime/s12-stage-w/bakeoff_v5/P1/high_rpm_lift/gain_trace.json
    ~ tasks/reports/runtime/s12-stage-w/bakeoff_v5/P1/high_rpm_lift/metrics.json
    ~ tasks/reports/runtime/s12-stage-w/bakeoff_v5/P1/high_rpm_lift/path_trace.json
    ~ tasks/reports/runtime/s12-stage-w/bakeoff_v5/P1/high_rpm_lift/phase_trace.json
    ~ tasks/reports/runtime/s12-stage-w/bakeoff_v5/P1/high_rpm_lift/sha256_manifest.json
    ~ tasks/reports/runtime/s12-stage-w/bakeoff_v5/P1/high_rpm_lift/state_trace.json
    ~ tasks/reports/runtime/s12-stage-w/bakeoff_v5/P1/hot_idle_20s/cpu_memory_latency.json
    ~ tasks/reports/runtime/s12-stage-w/bakeoff_v5/P1/hot_idle_20s/event_trace.json
    ~ tasks/reports/runtime/s12-stage-w/bakeoff_v5/P1/hot_idle_20s/gain_trace.json
    ~ tasks/reports/runtime/s12-stage-w/bakeoff_v5/P1/hot_idle_20s/metrics.json
    ~ tasks/reports/runtime/s12-stage-w/bakeoff_v5/P1/hot_idle_20s/path_trace.json
    ~ tasks/reports/runtime/s12-stage-w/bakeoff_v5/P1/hot_idle_20s/phase_trace.json
    ~ tasks/reports/runtime/s12-stage-w/bakeoff_v5/P1/hot_idle_20s/sha256_manifest.json
    ~ tasks/reports/runtime/s12-stage-w/bakeoff_v5/P1/hot_idle_20s/state_trace.json
    ~ tasks/reports/runtime/s12-stage-w/bakeoff_v5/P1/idle_return/cpu_memory_latency.json
    ~ tasks/reports/runtime/s12-stage-w/bakeoff_v5/P1/idle_return/event_trace.json
    ~ tasks/reports/runtime/s12-stage-w/bakeoff_v5/P1/idle_return/gain_trace.json
    ~ tasks/reports/runtime/s12-stage-w/bakeoff_v5/P1/idle_return/metrics.json
    ~ tasks/reports/runtime/s12-stage-w/bakeoff_v5/P1/idle_return/path_trace.json
    ~ tasks/reports/runtime/s12-stage-w/bakeoff_v5/P1/idle_return/phase_trace.json
    ~ tasks/reports/runtime/s12-stage-w/bakeoff_v5/P1/idle_return/sha256_manifest.json
    ~ tasks/reports/runtime/s12-stage-w/bakeoff_v5/P1/idle_return/state_trace.json
    ~ tasks/reports/runtime/s12-stage-w/bakeoff_v5/P1/steady_1200rpm/cpu_memory_latency.json
    ~ tasks/reports/runtime/s12-stage-w/bakeoff_v5/P1/steady_1200rpm/event_trace.json
    ~ tasks/reports/runtime/s12-stage-w/bakeoff_v5/P1/steady_1200rpm/gain_trace.json
    ~ tasks/reports/runtime/s12-stage-w/bakeoff_v5/P1/steady_1200rpm/metrics.json
    ~ tasks/reports/runtime/s12-stage-w/bakeoff_v5/P1/steady_1200rpm/path_trace.json
    ~ tasks/reports/runtime/s12-stage-w/bakeoff_v5/P1/steady_1200rpm/phase_trace.json
    ~ tasks/reports/runtime/s12-stage-w/bakeoff_v5/P1/steady_1200rpm/sha256_manifest.json
    ~ tasks/reports/runtime/s12-stage-w/bakeoff_v5/P1/steady_1200rpm/state_trace.json
    ~ tasks/reports/runtime/s12-stage-w/bakeoff_v5/P1/steady_2000rpm/cpu_memory_latency.json
    ~ tasks/reports/runtime/s12-stage-w/bakeoff_v5/P1/steady_2000rpm/event_trace.json
    ~ tasks/reports/runtime/s12-stage-w/bakeoff_v5/P1/steady_2000rpm/gain_trace.json
    ~ tasks/reports/runtime/s12-stage-w/bakeoff_v5/P1/steady_2000rpm/metrics.json
    ~ tasks/reports/runtime/s12-stage-w/bakeoff_v5/P1/steady_2000rpm/path_trace.json
    ~ tasks/reports/runtime/s12-stage-w/bakeoff_v5/P1/steady_2000rpm/phase_trace.json
    ~ tasks/reports/runtime/s12-stage-w/bakeoff_v5/P1/steady_2000rpm/sha256_manifest.json
    ~ tasks/reports/runtime/s12-stage-w/bakeoff_v5/P1/steady_2000rpm/state_trace.json
    ~ tasks/reports/runtime/s12-stage-w/bakeoff_v5/P1/steady_3000rpm/cpu_memory_latency.json
    ~ tasks/reports/runtime/s12-stage-w/bakeoff_v5/P1/steady_3000rpm/event_trace.json
    ~ tasks/reports/runtime/s12-stage-w/bakeoff_v5/P1/steady_3000rpm/gain_trace.json
    ~ tasks/reports/runtime/s12-stage-w/bakeoff_v5/P1/steady_3000rpm/metrics.json
    ~ tasks/reports/runtime/s12-stage-w/bakeoff_v5/P1/steady_3000rpm/path_trace.json
    ~ tasks/reports/runtime/s12-stage-w/bakeoff_v5/P1/steady_3000rpm/phase_trace.json
    ~ tasks/reports/runtime/s12-stage-w/bakeoff_v5/P1/steady_3000rpm/sha256_manifest.json
    ~ tasks/reports/runtime/s12-stage-w/bakeoff_v5/P1/steady_3000rpm/state_trace.json
    ~ tasks/reports/runtime/s12-stage-w/bakeoff_v5/P1/throttle_tip_in/cpu_memory_latency.json
    ~ tasks/reports/runtime/s12-stage-w/bakeoff_v5/P1/throttle_tip_in/event_trace.json
    ~ tasks/reports/runtime/s12-stage-w/bakeoff_v5/P1/throttle_tip_in/gain_trace.json
    ~ tasks/reports/runtime/s12-stage-w/bakeoff_v5/P1/throttle_tip_in/metrics.json
    ~ tasks/reports/runtime/s12-stage-w/bakeoff_v5/P1/throttle_tip_in/path_trace.json
    ~ tasks/reports/runtime/s12-stage-w/bakeoff_v5/P1/throttle_tip_in/phase_trace.json
    ~ tasks/reports/runtime/s12-stage-w/bakeoff_v5/P1/throttle_tip_in/sha256_manifest.json
    ~ tasks/reports/runtime/s12-stage-w/bakeoff_v5/P1/throttle_tip_in/state_trace.json
    ~ tasks/reports/runtime/s12-stage-w/bakeoff_v5/P2/afterfire_eligible/cpu_memory_latency.json
    ~ tasks/reports/runtime/s12-stage-w/bakeoff_v5/P2/afterfire_eligible/event_trace.json
    ~ tasks/reports/runtime/s12-stage-w/bakeoff_v5/P2/afterfire_eligible/gain_trace.json
    ~ tasks/reports/runtime/s12-stage-w/bakeoff_v5/P2/afterfire_eligible/metrics.json
    ~ tasks/reports/runtime/s12-stage-w/bakeoff_v5/P2/afterfire_eligible/path_trace.json
    ~ tasks/reports/runtime/s12-stage-w/bakeoff_v5/P2/afterfire_eligible/phase_trace.json
    ~ tasks/reports/runtime/s12-stage-w/bakeoff_v5/P2/afterfire_eligible/sha256_manifest.json
    ~ tasks/reports/runtime/s12-stage-w/bakeoff_v5/P2/afterfire_eligible/state_trace.json
    ~ tasks/reports/runtime/s12-stage-w/bakeoff_v5/P2/afterfire_ineligible/cpu_memory_latency.json
    ~ tasks/reports/runtime/s12-stage-w/bakeoff_v5/P2/afterfire_ineligible/event_trace.json
    ~ tasks/reports/runtime/s12-stage-w/bakeoff_v5/P2/afterfire_ineligible/gain_trace.json
    ~ tasks/reports/runtime/s12-stage-w/bakeoff_v5/P2/afterfire_ineligible/metrics.json
    ~ tasks/reports/runtime/s12-stage-w/bakeoff_v5/P2/afterfire_ineligible/path_trace.json
    ~ tasks/reports/runtime/s12-stage-w/bakeoff_v5/P2/afterfire_ineligible/phase_trace.json
    ~ tasks/reports/runtime/s12-stage-w/bakeoff_v5/P2/afterfire_ineligible/sha256_manifest.json
    ~ tasks/reports/runtime/s12-stage-w/bakeoff_v5/P2/afterfire_ineligible/state_trace.json
    ~ tasks/reports/runtime/s12-stage-w/bakeoff_v5/P2/complete_cycle_60s/cpu_memory_latency.json
    ~ tasks/reports/runtime/s12-stage-w/bakeoff_v5/P2/complete_cycle_60s/event_trace.json
    ~ tasks/reports/runtime/s12-stage-w/bakeoff_v5/P2/complete_cycle_60s/gain_trace.json
    ~ tasks/reports/runtime/s12-stage-w/bakeoff_v5/P2/complete_cycle_60s/metrics.json
    ~ tasks/reports/runtime/s12-stage-w/bakeoff_v5/P2/complete_cycle_60s/path_trace.json
    ~ tasks/reports/runtime/s12-stage-w/bakeoff_v5/P2/complete_cycle_60s/phase_trace.json
    ~ tasks/reports/runtime/s12-stage-w/bakeoff_v5/P2/complete_cycle_60s/sha256_manifest.json
    ~ tasks/reports/runtime/s12-stage-w/bakeoff_v5/P2/complete_cycle_60s/state_trace.json
    ~ tasks/reports/runtime/s12-stage-w/bakeoff_v5/P2/full_load_acceleration/cpu_memory_latency.json
    ~ tasks/reports/runtime/s12-stage-w/bakeoff_v5/P2/full_load_acceleration/event_trace.json
    ~ tasks/reports/runtime/s12-stage-w/bakeoff_v5/P2/full_load_acceleration/gain_trace.json
    ~ tasks/reports/runtime/s12-stage-w/bakeoff_v5/P2/full_load_acceleration/metrics.json
    ~ tasks/reports/runtime/s12-stage-w/bakeoff_v5/P2/full_load_acceleration/path_trace.json
    ~ tasks/reports/runtime/s12-stage-w/bakeoff_v5/P2/full_load_acceleration/phase_trace.json
    ~ tasks/reports/runtime/s12-stage-w/bakeoff_v5/P2/full_load_acceleration/sha256_manifest.json
    ~ tasks/reports/runtime/s12-stage-w/bakeoff_v5/P2/full_load_acceleration/state_trace.json
    ~ tasks/reports/runtime/s12-stage-w/bakeoff_v5/P2/gear_shift/cpu_memory_latency.json
    ~ tasks/reports/runtime/s12-stage-w/bakeoff_v5/P2/gear_shift/event_trace.json
    ~ tasks/reports/runtime/s12-stage-w/bakeoff_v5/P2/gear_shift/gain_trace.json
    ~ tasks/reports/runtime/s12-stage-w/bakeoff_v5/P2/gear_shift/metrics.json
    ~ tasks/reports/runtime/s12-stage-w/bakeoff_v5/P2/gear_shift/path_trace.json
    ~ tasks/reports/runtime/s12-stage-w/bakeoff_v5/P2/gear_shift/phase_trace.json
    ~ tasks/reports/runtime/s12-stage-w/bakeoff_v5/P2/gear_shift/sha256_manifest.json
    ~ tasks/reports/runtime/s12-stage-w/bakeoff_v5/P2/gear_shift/state_trace.json
    ~ tasks/reports/runtime/s12-stage-w/bakeoff_v5/P2/high_rpm_lift/cpu_memory_latency.json
    ~ tasks/reports/runtime/s12-stage-w/bakeoff_v5/P2/high_rpm_lift/event_trace.json
    ~ tasks/reports/runtime/s12-stage-w/bakeoff_v5/P2/high_rpm_lift/gain_trace.json
    ~ tasks/reports/runtime/s12-stage-w/bakeoff_v5/P2/high_rpm_lift/metrics.json
    ~ tasks/reports/runtime/s12-stage-w/bakeoff_v5/P2/high_rpm_lift/path_trace.json
    ~ tasks/reports/runtime/s12-stage-w/bakeoff_v5/P2/high_rpm_lift/phase_trace.json
    ~ tasks/reports/runtime/s12-stage-w/bakeoff_v5/P2/high_rpm_lift/sha256_manifest.json
    ~ tasks/reports/runtime/s12-stage-w/bakeoff_v5/P2/high_rpm_lift/state_trace.json
    ~ tasks/reports/runtime/s12-stage-w/bakeoff_v5/P2/hot_idle_20s/cpu_memory_latency.json
    ~ tasks/reports/runtime/s12-stage-w/bakeoff_v5/P2/hot_idle_20s/event_trace.json
    ~ tasks/reports/runtime/s12-stage-w/bakeoff_v5/P2/hot_idle_20s/gain_trace.json
    ~ tasks/reports/runtime/s12-stage-w/bakeoff_v5/P2/hot_idle_20s/metrics.json
    ~ tasks/reports/runtime/s12-stage-w/bakeoff_v5/P2/hot_idle_20s/path_trace.json
    ~ tasks/reports/runtime/s12-stage-w/bakeoff_v5/P2/hot_idle_20s/phase_trace.json
    ~ tasks/reports/runtime/s12-stage-w/bakeoff_v5/P2/hot_idle_20s/sha256_manifest.json
    ~ tasks/reports/runtime/s12-stage-w/bakeoff_v5/P2/hot_idle_20s/state_trace.json
    ~ tasks/reports/runtime/s12-stage-w/bakeoff_v5/P2/idle_return/cpu_memory_latency.json
    ~ tasks/reports/runtime/s12-stage-w/bakeoff_v5/P2/idle_return/event_trace.json
    ~ tasks/reports/runtime/s12-stage-w/bakeoff_v5/P2/idle_return/gain_trace.json
    ~ tasks/reports/runtime/s12-stage-w/bakeoff_v5/P2/idle_return/metrics.json
    ~ tasks/reports/runtime/s12-stage-w/bakeoff_v5/P2/idle_return/path_trace.json
    ~ tasks/reports/runtime/s12-stage-w/bakeoff_v5/P2/idle_return/phase_trace.json
    ~ tasks/reports/runtime/s12-stage-w/bakeoff_v5/P2/idle_return/sha256_manifest.json
    ~ tasks/reports/runtime/s12-stage-w/bakeoff_v5/P2/idle_return/state_trace.json
    ~ tasks/reports/runtime/s12-stage-w/bakeoff_v5/P2/steady_1200rpm/cpu_memory_latency.json
    ~ tasks/reports/runtime/s12-stage-w/bakeoff_v5/P2/steady_1200rpm/event_trace.json
    ~ tasks/reports/runtime/s12-stage-w/bakeoff_v5/P2/steady_1200rpm/gain_trace.json
    ~ tasks/reports/runtime/s12-stage-w/bakeoff_v5/P2/steady_1200rpm/metrics.json
    ~ tasks/reports/runtime/s12-stage-w/bakeoff_v5/P2/steady_1200rpm/path_trace.json
    ~ tasks/reports/runtime/s12-stage-w/bakeoff_v5/P2/steady_1200rpm/phase_trace.json
    ~ tasks/reports/runtime/s12-stage-w/bakeoff_v5/P2/steady_1200rpm/sha256_manifest.json
    ~ tasks/reports/runtime/s12-stage-w/bakeoff_v5/P2/steady_1200rpm/state_trace.json
    ~ tasks/reports/runtime/s12-stage-w/bakeoff_v5/P2/steady_2000rpm/cpu_memory_latency.json
    ~ tasks/reports/runtime/s12-stage-w/bakeoff_v5/P2/steady_2000rpm/event_trace.json
    ~ tasks/reports/runtime/s12-stage-w/bakeoff_v5/P2/steady_2000rpm/gain_trace.json
    ~ tasks/reports/runtime/s12-stage-w/bakeoff_v5/P2/steady_2000rpm/metrics.json
    ~ tasks/reports/runtime/s12-stage-w/bakeoff_v5/P2/steady_2000rpm/path_trace.json
    ~ tasks/reports/runtime/s12-stage-w/bakeoff_v5/P2/steady_2000rpm/phase_trace.json
    ~ tasks/reports/runtime/s12-stage-w/bakeoff_v5/P2/steady_2000rpm/sha256_manifest.json
    ~ tasks/reports/runtime/s12-stage-w/bakeoff_v5/P2/steady_2000rpm/state_trace.json
    ~ tasks/reports/runtime/s12-stage-w/bakeoff_v5/P2/steady_3000rpm/cpu_memory_latency.json
    ~ tasks/reports/runtime/s12-stage-w/bakeoff_v5/P2/steady_3000rpm/event_trace.json
    ~ tasks/reports/runtime/s12-stage-w/bakeoff_v5/P2/steady_3000rpm/gain_trace.json
    ~ tasks/reports/runtime/s12-stage-w/bakeoff_v5/P2/steady_3000rpm/metrics.json
    ~ tasks/reports/runtime/s12-stage-w/bakeoff_v5/P2/steady_3000rpm/path_trace.json
    ~ tasks/reports/runtime/s12-stage-w/bakeoff_v5/P2/steady_3000rpm/phase_trace.json
    ~ tasks/reports/runtime/s12-stage-w/bakeoff_v5/P2/steady_3000rpm/sha256_manifest.json
    ~ tasks/reports/runtime/s12-stage-w/bakeoff_v5/P2/steady_3000rpm/state_trace.json
    ~ tasks/reports/runtime/s12-stage-w/bakeoff_v5/P2/throttle_tip_in/cpu_memory_latency.json
    ~ tasks/reports/runtime/s12-stage-w/bakeoff_v5/P2/throttle_tip_in/event_trace.json
    ~ tasks/reports/runtime/s12-stage-w/bakeoff_v5/P2/throttle_tip_in/gain_trace.json
    ~ tasks/reports/runtime/s12-stage-w/bakeoff_v5/P2/throttle_tip_in/metrics.json
    ~ tasks/reports/runtime/s12-stage-w/bakeoff_v5/P2/throttle_tip_in/path_trace.json
    ~ tasks/reports/runtime/s12-stage-w/bakeoff_v5/P2/throttle_tip_in/phase_trace.json
    ~ tasks/reports/runtime/s12-stage-w/bakeoff_v5/P2/throttle_tip_in/sha256_manifest.json
    ~ tasks/reports/runtime/s12-stage-w/bakeoff_v5/P2/throttle_tip_in/state_trace.json
    ~ tasks/reports/runtime/s12-stage-w/bakeoff_v5/P2H/afterfire_eligible/cpu_memory_latency.json
    ~ tasks/reports/runtime/s12-stage-w/bakeoff_v5/P2H/afterfire_eligible/event_trace.json
    ~ tasks/reports/runtime/s12-stage-w/bakeoff_v5/P2H/afterfire_eligible/gain_trace.json
    ~ tasks/reports/runtime/s12-stage-w/bakeoff_v5/P2H/afterfire_eligible/metrics.json
    ~ tasks/reports/runtime/s12-stage-w/bakeoff_v5/P2H/afterfire_eligible/path_trace.json
    ~ tasks/reports/runtime/s12-stage-w/bakeoff_v5/P2H/afterfire_eligible/phase_trace.json
    ~ tasks/reports/runtime/s12-stage-w/bakeoff_v5/P2H/afterfire_eligible/sha256_manifest.json
    ~ tasks/reports/runtime/s12-stage-w/bakeoff_v5/P2H/afterfire_eligible/state_trace.json
    ~ tasks/reports/runtime/s12-stage-w/bakeoff_v5/P2H/afterfire_ineligible/cpu_memory_latency.json
    ~ tasks/reports/runtime/s12-stage-w/bakeoff_v5/P2H/afterfire_ineligible/event_trace.json
    ~ tasks/reports/runtime/s12-stage-w/bakeoff_v5/P2H/afterfire_ineligible/gain_trace.json
    ~ tasks/reports/runtime/s12-stage-w/bakeoff_v5/P2H/afterfire_ineligible/metrics.json
    ~ tasks/reports/runtime/s12-stage-w/bakeoff_v5/P2H/afterfire_ineligible/path_trace.json
    ~ tasks/reports/runtime/s12-stage-w/bakeoff_v5/P2H/afterfire_ineligible/phase_trace.json
    ~ tasks/reports/runtime/s12-stage-w/bakeoff_v5/P2H/afterfire_ineligible/sha256_manifest.json
    ~ tasks/reports/runtime/s12-stage-w/bakeoff_v5/P2H/afterfire_ineligible/state_trace.json
    ~ tasks/reports/runtime/s12-stage-w/bakeoff_v5/P2H/complete_cycle_60s/cpu_memory_latency.json
    ~ tasks/reports/runtime/s12-stage-w/bakeoff_v5/P2H/complete_cycle_60s/event_trace.json
    ~ tasks/reports/runtime/s12-stage-w/bakeoff_v5/P2H/complete_cycle_60s/gain_trace.json
    ~ tasks/reports/runtime/s12-stage-w/bakeoff_v5/P2H/complete_cycle_60s/metrics.json
    ~ tasks/reports/runtime/s12-stage-w/bakeoff_v5/P2H/complete_cycle_60s/path_trace.json
    ~ tasks/reports/runtime/s12-stage-w/bakeoff_v5/P2H/complete_cycle_60s/phase_trace.json
    ~ tasks/reports/runtime/s12-stage-w/bakeoff_v5/P2H/complete_cycle_60s/sha256_manifest.json
    ~ tasks/reports/runtime/s12-stage-w/bakeoff_v5/P2H/complete_cycle_60s/state_trace.json
    ~ tasks/reports/runtime/s12-stage-w/bakeoff_v5/P2H/full_load_acceleration/cpu_memory_latency.json
    ~ tasks/reports/runtime/s12-stage-w/bakeoff_v5/P2H/full_load_acceleration/event_trace.json
    ~ tasks/reports/runtime/s12-stage-w/bakeoff_v5/P2H/full_load_acceleration/gain_trace.json
    ~ tasks/reports/runtime/s12-stage-w/bakeoff_v5/P2H/full_load_acceleration/metrics.json
    ~ tasks/reports/runtime/s12-stage-w/bakeoff_v5/P2H/full_load_acceleration/path_trace.json
    ~ tasks/reports/runtime/s12-stage-w/bakeoff_v5/P2H/full_load_acceleration/phase_trace.json
    ~ tasks/reports/runtime/s12-stage-w/bakeoff_v5/P2H/full_load_acceleration/sha256_manifest.json
    ~ tasks/reports/runtime/s12-stage-w/bakeoff_v5/P2H/full_load_acceleration/state_trace.json
    ~ tasks/reports/runtime/s12-stage-w/bakeoff_v5/P2H/gear_shift/cpu_memory_latency.json
    ~ tasks/reports/runtime/s12-stage-w/bakeoff_v5/P2H/gear_shift/event_trace.json
    ~ tasks/reports/runtime/s12-stage-w/bakeoff_v5/P2H/gear_shift/gain_trace.json
    ~ tasks/reports/runtime/s12-stage-w/bakeoff_v5/P2H/gear_shift/metrics.json
    ~ tasks/reports/runtime/s12-stage-w/bakeoff_v5/P2H/gear_shift/path_trace.json
    ~ tasks/reports/runtime/s12-stage-w/bakeoff_v5/P2H/gear_shift/phase_trace.json
    ~ tasks/reports/runtime/s12-stage-w/bakeoff_v5/P2H/gear_shift/sha256_manifest.json
    ~ tasks/reports/runtime/s12-stage-w/bakeoff_v5/P2H/gear_shift/state_trace.json
    ~ tasks/reports/runtime/s12-stage-w/bakeoff_v5/P2H/high_rpm_lift/cpu_memory_latency.json
    ~ tasks/reports/runtime/s12-stage-w/bakeoff_v5/P2H/high_rpm_lift/event_trace.json
    ~ tasks/reports/runtime/s12-stage-w/bakeoff_v5/P2H/high_rpm_lift/gain_trace.json
    ~ tasks/reports/runtime/s12-stage-w/bakeoff_v5/P2H/high_rpm_lift/metrics.json
    ~ tasks/reports/runtime/s12-stage-w/bakeoff_v5/P2H/high_rpm_lift/path_trace.json
    ~ tasks/reports/runtime/s12-stage-w/bakeoff_v5/P2H/high_rpm_lift/phase_trace.json
    ~ tasks/reports/runtime/s12-stage-w/bakeoff_v5/P2H/high_rpm_lift/sha256_manifest.json
    ~ tasks/reports/runtime/s12-stage-w/bakeoff_v5/P2H/high_rpm_lift/state_trace.json
    ~ tasks/reports/runtime/s12-stage-w/bakeoff_v5/P2H/hot_idle_20s/cpu_memory_latency.json
    ~ tasks/reports/runtime/s12-stage-w/bakeoff_v5/P2H/hot_idle_20s/event_trace.json
    ~ tasks/reports/runtime/s12-stage-w/bakeoff_v5/P2H/hot_idle_20s/gain_trace.json
    ~ tasks/reports/runtime/s12-stage-w/bakeoff_v5/P2H/hot_idle_20s/metrics.json
    ~ tasks/reports/runtime/s12-stage-w/bakeoff_v5/P2H/hot_idle_20s/path_trace.json
    ~ tasks/reports/runtime/s12-stage-w/bakeoff_v5/P2H/hot_idle_20s/phase_trace.json
    ~ tasks/reports/runtime/s12-stage-w/bakeoff_v5/P2H/hot_idle_20s/sha256_manifest.json
    ~ tasks/reports/runtime/s12-stage-w/bakeoff_v5/P2H/hot_idle_20s/state_trace.json
    ~ tasks/reports/runtime/s12-stage-w/bakeoff_v5/P2H/idle_return/cpu_memory_latency.json
    ~ tasks/reports/runtime/s12-stage-w/bakeoff_v5/P2H/idle_return/event_trace.json
    ~ tasks/reports/runtime/s12-stage-w/bakeoff_v5/P2H/idle_return/gain_trace.json
    ~ tasks/reports/runtime/s12-stage-w/bakeoff_v5/P2H/idle_return/metrics.json
    ~ tasks/reports/runtime/s12-stage-w/bakeoff_v5/P2H/idle_return/path_trace.json
    ~ tasks/reports/runtime/s12-stage-w/bakeoff_v5/P2H/idle_return/phase_trace.json
    ~ tasks/reports/runtime/s12-stage-w/bakeoff_v5/P2H/idle_return/sha256_manifest.json
    ~ tasks/reports/runtime/s12-stage-w/bakeoff_v5/P2H/idle_return/state_trace.json
    ~ tasks/reports/runtime/s12-stage-w/bakeoff_v5/P2H/steady_1200rpm/cpu_memory_latency.json
    ~ tasks/reports/runtime/s12-stage-w/bakeoff_v5/P2H/steady_1200rpm/event_trace.json
    ~ tasks/reports/runtime/s12-stage-w/bakeoff_v5/P2H/steady_1200rpm/gain_trace.json
    ~ tasks/reports/runtime/s12-stage-w/bakeoff_v5/P2H/steady_1200rpm/metrics.json
    ~ tasks/reports/runtime/s12-stage-w/bakeoff_v5/P2H/steady_1200rpm/path_trace.json
    ~ tasks/reports/runtime/s12-stage-w/bakeoff_v5/P2H/steady_1200rpm/phase_trace.json
    ~ tasks/reports/runtime/s12-stage-w/bakeoff_v5/P2H/steady_1200rpm/sha256_manifest.json
    ~ tasks/reports/runtime/s12-stage-w/bakeoff_v5/P2H/steady_1200rpm/state_trace.json
    ~ tasks/reports/runtime/s12-stage-w/bakeoff_v5/P2H/steady_2000rpm/cpu_memory_latency.json
    ~ tasks/reports/runtime/s12-stage-w/bakeoff_v5/P2H/steady_2000rpm/event_trace.json
    ~ tasks/reports/runtime/s12-stage-w/bakeoff_v5/P2H/steady_2000rpm/gain_trace.json
    ~ tasks/reports/runtime/s12-stage-w/bakeoff_v5/P2H/steady_2000rpm/metrics.json
    ~ tasks/reports/runtime/s12-stage-w/bakeoff_v5/P2H/steady_2000rpm/path_trace.json
    ~ tasks/reports/runtime/s12-stage-w/bakeoff_v5/P2H/steady_2000rpm/phase_trace.json
    ~ tasks/reports/runtime/s12-stage-w/bakeoff_v5/P2H/steady_2000rpm/sha256_manifest.json
    ~ tasks/reports/runtime/s12-stage-w/bakeoff_v5/P2H/steady_2000rpm/state_trace.json
    ~ tasks/reports/runtime/s12-stage-w/bakeoff_v5/P2H/steady_3000rpm/cpu_memory_latency.json
    ~ tasks/reports/runtime/s12-stage-w/bakeoff_v5/P2H/steady_3000rpm/event_trace.json
    ~ tasks/reports/runtime/s12-stage-w/bakeoff_v5/P2H/steady_3000rpm/gain_trace.json
    ~ tasks/reports/runtime/s12-stage-w/bakeoff_v5/P2H/steady_3000rpm/metrics.json
    ~ tasks/reports/runtime/s12-stage-w/bakeoff_v5/P2H/steady_3000rpm/path_trace.json
    ~ tasks/reports/runtime/s12-stage-w/bakeoff_v5/P2H/steady_3000rpm/phase_trace.json
    ~ tasks/reports/runtime/s12-stage-w/bakeoff_v5/P2H/steady_3000rpm/sha256_manifest.json
    ~ tasks/reports/runtime/s12-stage-w/bakeoff_v5/P2H/steady_3000rpm/state_trace.json
    ~ tasks/reports/runtime/s12-stage-w/bakeoff_v5/P2H/throttle_tip_in/cpu_memory_latency.json
    ~ tasks/reports/runtime/s12-stage-w/bakeoff_v5/P2H/throttle_tip_in/event_trace.json
    ~ tasks/reports/runtime/s12-stage-w/bakeoff_v5/P2H/throttle_tip_in/gain_trace.json
    ~ tasks/reports/runtime/s12-stage-w/bakeoff_v5/P2H/throttle_tip_in/metrics.json
    ~ tasks/reports/runtime/s12-stage-w/bakeoff_v5/P2H/throttle_tip_in/path_trace.json
    ~ tasks/reports/runtime/s12-stage-w/bakeoff_v5/P2H/throttle_tip_in/phase_trace.json
    ~ tasks/reports/runtime/s12-stage-w/bakeoff_v5/P2H/throttle_tip_in/sha256_manifest.json
    ~ tasks/reports/runtime/s12-stage-w/bakeoff_v5/P2H/throttle_tip_in/state_trace.json
    ~ tasks/reports/runtime/s12-stage-w/bakeoff_v5/P3/afterfire_eligible/cpu_memory_latency.json
    ~ tasks/reports/runtime/s12-stage-w/bakeoff_v5/P3/afterfire_eligible/event_trace.json
    ~ tasks/reports/runtime/s12-stage-w/bakeoff_v5/P3/afterfire_eligible/gain_trace.json
    ~ tasks/reports/runtime/s12-stage-w/bakeoff_v5/P3/afterfire_eligible/metrics.json
    ~ tasks/reports/runtime/s12-stage-w/bakeoff_v5/P3/afterfire_eligible/path_trace.json
    ~ tasks/reports/runtime/s12-stage-w/bakeoff_v5/P3/afterfire_eligible/phase_trace.json
    ~ tasks/reports/runtime/s12-stage-w/bakeoff_v5/P3/afterfire_eligible/sha256_manifest.json
    ~ tasks/reports/runtime/s12-stage-w/bakeoff_v5/P3/afterfire_eligible/state_trace.json
    ~ tasks/reports/runtime/s12-stage-w/bakeoff_v5/P3/afterfire_ineligible/cpu_memory_latency.json
    ~ tasks/reports/runtime/s12-stage-w/bakeoff_v5/P3/afterfire_ineligible/event_trace.json
    ~ tasks/reports/runtime/s12-stage-w/bakeoff_v5/P3/afterfire_ineligible/gain_trace.json
    ~ tasks/reports/runtime/s12-stage-w/bakeoff_v5/P3/afterfire_ineligible/metrics.json
    ~ tasks/reports/runtime/s12-stage-w/bakeoff_v5/P3/afterfire_ineligible/path_trace.json
    ~ tasks/reports/runtime/s12-stage-w/bakeoff_v5/P3/afterfire_ineligible/phase_trace.json
    ~ tasks/reports/runtime/s12-stage-w/bakeoff_v5/P3/afterfire_ineligible/sha256_manifest.json
    ~ tasks/reports/runtime/s12-stage-w/bakeoff_v5/P3/afterfire_ineligible/state_trace.json
    ~ tasks/reports/runtime/s12-stage-w/bakeoff_v5/P3/complete_cycle_60s/cpu_memory_latency.json
    ~ tasks/reports/runtime/s12-stage-w/bakeoff_v5/P3/complete_cycle_60s/event_trace.json
    ~ tasks/reports/runtime/s12-stage-w/bakeoff_v5/P3/complete_cycle_60s/gain_trace.json
    ~ tasks/reports/runtime/s12-stage-w/bakeoff_v5/P3/complete_cycle_60s/metrics.json
    ~ tasks/reports/runtime/s12-stage-w/bakeoff_v5/P3/complete_cycle_60s/path_trace.json
    ~ tasks/reports/runtime/s12-stage-w/bakeoff_v5/P3/complete_cycle_60s/phase_trace.json
    ~ tasks/reports/runtime/s12-stage-w/bakeoff_v5/P3/complete_cycle_60s/sha256_manifest.json
    ~ tasks/reports/runtime/s12-stage-w/bakeoff_v5/P3/complete_cycle_60s/state_trace.json
    ~ tasks/reports/runtime/s12-stage-w/bakeoff_v5/P3/full_load_acceleration/cpu_memory_latency.json
    ~ tasks/reports/runtime/s12-stage-w/bakeoff_v5/P3/full_load_acceleration/event_trace.json
    ~ tasks/reports/runtime/s12-stage-w/bakeoff_v5/P3/full_load_acceleration/gain_trace.json
    ~ tasks/reports/runtime/s12-stage-w/bakeoff_v5/P3/full_load_acceleration/metrics.json
    ~ tasks/reports/runtime/s12-stage-w/bakeoff_v5/P3/full_load_acceleration/path_trace.json
    ~ tasks/reports/runtime/s12-stage-w/bakeoff_v5/P3/full_load_acceleration/phase_trace.json
    ~ tasks/reports/runtime/s12-stage-w/bakeoff_v5/P3/full_load_acceleration/sha256_manifest.json
    ~ tasks/reports/runtime/s12-stage-w/bakeoff_v5/P3/full_load_acceleration/state_trace.json
    ~ tasks/reports/runtime/s12-stage-w/bakeoff_v5/P3/gear_shift/cpu_memory_latency.json
    ~ tasks/reports/runtime/s12-stage-w/bakeoff_v5/P3/gear_shift/event_trace.json
    ~ tasks/reports/runtime/s12-stage-w/bakeoff_v5/P3/gear_shift/gain_trace.json
    ~ tasks/reports/runtime/s12-stage-w/bakeoff_v5/P3/gear_shift/metrics.json
    ~ tasks/reports/runtime/s12-stage-w/bakeoff_v5/P3/gear_shift/path_trace.json
    ~ tasks/reports/runtime/s12-stage-w/bakeoff_v5/P3/gear_shift/phase_trace.json
    ~ tasks/reports/runtime/s12-stage-w/bakeoff_v5/P3/gear_shift/sha256_manifest.json
    ~ tasks/reports/runtime/s12-stage-w/bakeoff_v5/P3/gear_shift/state_trace.json
    ~ tasks/reports/runtime/s12-stage-w/bakeoff_v5/P3/high_rpm_lift/cpu_memory_latency.json
    ~ tasks/reports/runtime/s12-stage-w/bakeoff_v5/P3/high_rpm_lift/event_trace.json
    ~ tasks/reports/runtime/s12-stage-w/bakeoff_v5/P3/high_rpm_lift/gain_trace.json
    ~ tasks/reports/runtime/s12-stage-w/bakeoff_v5/P3/high_rpm_lift/metrics.json
    ~ tasks/reports/runtime/s12-stage-w/bakeoff_v5/P3/high_rpm_lift/path_trace.json
    ~ tasks/reports/runtime/s12-stage-w/bakeoff_v5/P3/high_rpm_lift/phase_trace.json
    ~ tasks/reports/runtime/s12-stage-w/bakeoff_v5/P3/high_rpm_lift/sha256_manifest.json
    ~ tasks/reports/runtime/s12-stage-w/bakeoff_v5/P3/high_rpm_lift/state_trace.json
    ~ tasks/reports/runtime/s12-stage-w/bakeoff_v5/P3/hot_idle_20s/cpu_memory_latency.json
    ~ tasks/reports/runtime/s12-stage-w/bakeoff_v5/P3/hot_idle_20s/event_trace.json
    ~ tasks/reports/runtime/s12-stage-w/bakeoff_v5/P3/hot_idle_20s/gain_trace.json
    ~ tasks/reports/runtime/s12-stage-w/bakeoff_v5/P3/hot_idle_20s/metrics.json
    ~ tasks/reports/runtime/s12-stage-w/bakeoff_v5/P3/hot_idle_20s/path_trace.json
    ~ tasks/reports/runtime/s12-stage-w/bakeoff_v5/P3/hot_idle_20s/phase_trace.json
    ~ tasks/reports/runtime/s12-stage-w/bakeoff_v5/P3/hot_idle_20s/sha256_manifest.json
    ~ tasks/reports/runtime/s12-stage-w/bakeoff_v5/P3/hot_idle_20s/state_trace.json
    ~ tasks/reports/runtime/s12-stage-w/bakeoff_v5/P3/idle_return/cpu_memory_latency.json
    ~ tasks/reports/runtime/s12-stage-w/bakeoff_v5/P3/idle_return/event_trace.json
    ~ tasks/reports/runtime/s12-stage-w/bakeoff_v5/P3/idle_return/gain_trace.json
    ~ tasks/reports/runtime/s12-stage-w/bakeoff_v5/P3/idle_return/metrics.json
    ~ tasks/reports/runtime/s12-stage-w/bakeoff_v5/P3/idle_return/path_trace.json
    ~ tasks/reports/runtime/s12-stage-w/bakeoff_v5/P3/idle_return/phase_trace.json
    ~ tasks/reports/runtime/s12-stage-w/bakeoff_v5/P3/idle_return/sha256_manifest.json
    ~ tasks/reports/runtime/s12-stage-w/bakeoff_v5/P3/idle_return/state_trace.json
    ~ tasks/reports/runtime/s12-stage-w/bakeoff_v5/P3/steady_1200rpm/cpu_memory_latency.json
    ~ tasks/reports/runtime/s12-stage-w/bakeoff_v5/P3/steady_1200rpm/event_trace.json
    ~ tasks/reports/runtime/s12-stage-w/bakeoff_v5/P3/steady_1200rpm/gain_trace.json
    ~ tasks/reports/runtime/s12-stage-w/bakeoff_v5/P3/steady_1200rpm/metrics.json
    ~ tasks/reports/runtime/s12-stage-w/bakeoff_v5/P3/steady_1200rpm/path_trace.json
    ~ tasks/reports/runtime/s12-stage-w/bakeoff_v5/P3/steady_1200rpm/phase_trace.json
    ~ tasks/reports/runtime/s12-stage-w/bakeoff_v5/P3/steady_1200rpm/sha256_manifest.json
    ~ tasks/reports/runtime/s12-stage-w/bakeoff_v5/P3/steady_1200rpm/state_trace.json
    ~ tasks/reports/runtime/s12-stage-w/bakeoff_v5/P3/steady_2000rpm/cpu_memory_latency.json
    ~ tasks/reports/runtime/s12-stage-w/bakeoff_v5/P3/steady_2000rpm/event_trace.json
    ~ tasks/reports/runtime/s12-stage-w/bakeoff_v5/P3/steady_2000rpm/gain_trace.json
    ~ tasks/reports/runtime/s12-stage-w/bakeoff_v5/P3/steady_2000rpm/metrics.json
    ~ tasks/reports/runtime/s12-stage-w/bakeoff_v5/P3/steady_2000rpm/path_trace.json
    ~ tasks/reports/runtime/s12-stage-w/bakeoff_v5/P3/steady_2000rpm/phase_trace.json
    ~ tasks/reports/runtime/s12-stage-w/bakeoff_v5/P3/steady_2000rpm/sha256_manifest.json
    ~ tasks/reports/runtime/s12-stage-w/bakeoff_v5/P3/steady_2000rpm/state_trace.json
    ~ tasks/reports/runtime/s12-stage-w/bakeoff_v5/P3/steady_3000rpm/cpu_memory_latency.json
    ~ tasks/reports/runtime/s12-stage-w/bakeoff_v5/P3/steady_3000rpm/event_trace.json
    ~ tasks/reports/runtime/s12-stage-w/bakeoff_v5/P3/steady_3000rpm/gain_trace.json
    ~ tasks/reports/runtime/s12-stage-w/bakeoff_v5/P3/steady_3000rpm/metrics.json
    ~ tasks/reports/runtime/s12-stage-w/bakeoff_v5/P3/steady_3000rpm/path_trace.json
    ~ tasks/reports/runtime/s12-stage-w/bakeoff_v5/P3/steady_3000rpm/phase_trace.json
    ~ tasks/reports/runtime/s12-stage-w/bakeoff_v5/P3/steady_3000rpm/sha256_manifest.json
    ~ tasks/reports/runtime/s12-stage-w/bakeoff_v5/P3/steady_3000rpm/state_trace.json
    ~ tasks/reports/runtime/s12-stage-w/bakeoff_v5/P3/throttle_tip_in/cpu_memory_latency.json
    ~ tasks/reports/runtime/s12-stage-w/bakeoff_v5/P3/throttle_tip_in/event_trace.json
    ~ tasks/reports/runtime/s12-stage-w/bakeoff_v5/P3/throttle_tip_in/gain_trace.json
    ~ tasks/reports/runtime/s12-stage-w/bakeoff_v5/P3/throttle_tip_in/metrics.json
    ~ tasks/reports/runtime/s12-stage-w/bakeoff_v5/P3/throttle_tip_in/path_trace.json
    ~ tasks/reports/runtime/s12-stage-w/bakeoff_v5/P3/throttle_tip_in/phase_trace.json
    ~ tasks/reports/runtime/s12-stage-w/bakeoff_v5/P3/throttle_tip_in/sha256_manifest.json
    ~ tasks/reports/runtime/s12-stage-w/bakeoff_v5/P3/throttle_tip_in/state_trace.json
    ~ tasks/reports/runtime/s12-stage-w/bakeoff_v5/P5/afterfire_eligible/cpu_memory_latency.json
    ~ tasks/reports/runtime/s12-stage-w/bakeoff_v5/P5/afterfire_eligible/event_trace.json
    ~ tasks/reports/runtime/s12-stage-w/bakeoff_v5/P5/afterfire_eligible/gain_trace.json
    ~ tasks/reports/runtime/s12-stage-w/bakeoff_v5/P5/afterfire_eligible/metrics.json
    ~ tasks/reports/runtime/s12-stage-w/bakeoff_v5/P5/afterfire_eligible/path_trace.json
    ~ tasks/reports/runtime/s12-stage-w/bakeoff_v5/P5/afterfire_eligible/phase_trace.json
    ~ tasks/reports/runtime/s12-stage-w/bakeoff_v5/P5/afterfire_eligible/sha256_manifest.json
    ~ tasks/reports/runtime/s12-stage-w/bakeoff_v5/P5/afterfire_eligible/state_trace.json
    ~ tasks/reports/runtime/s12-stage-w/bakeoff_v5/P5/afterfire_ineligible/cpu_memory_latency.json
    ~ tasks/reports/runtime/s12-stage-w/bakeoff_v5/P5/afterfire_ineligible/event_trace.json
    ~ tasks/reports/runtime/s12-stage-w/bakeoff_v5/P5/afterfire_ineligible/gain_trace.json
    ~ tasks/reports/runtime/s12-stage-w/bakeoff_v5/P5/afterfire_ineligible/metrics.json
    ~ tasks/reports/runtime/s12-stage-w/bakeoff_v5/P5/afterfire_ineligible/path_trace.json
    ~ tasks/reports/runtime/s12-stage-w/bakeoff_v5/P5/afterfire_ineligible/phase_trace.json
    ~ tasks/reports/runtime/s12-stage-w/bakeoff_v5/P5/afterfire_ineligible/sha256_manifest.json
    ~ tasks/reports/runtime/s12-stage-w/bakeoff_v5/P5/afterfire_ineligible/state_trace.json
    ~ tasks/reports/runtime/s12-stage-w/bakeoff_v5/P5/complete_cycle_60s/cpu_memory_latency.json
    ~ tasks/reports/runtime/s12-stage-w/bakeoff_v5/P5/complete_cycle_60s/event_trace.json
    ~ tasks/reports/runtime/s12-stage-w/bakeoff_v5/P5/complete_cycle_60s/gain_trace.json
    ~ tasks/reports/runtime/s12-stage-w/bakeoff_v5/P5/complete_cycle_60s/metrics.json
    ~ tasks/reports/runtime/s12-stage-w/bakeoff_v5/P5/complete_cycle_60s/path_trace.json
    ~ tasks/reports/runtime/s12-stage-w/bakeoff_v5/P5/complete_cycle_60s/phase_trace.json
    ~ tasks/reports/runtime/s12-stage-w/bakeoff_v5/P5/complete_cycle_60s/sha256_manifest.json
    ~ tasks/reports/runtime/s12-stage-w/bakeoff_v5/P5/complete_cycle_60s/state_trace.json
    ~ tasks/reports/runtime/s12-stage-w/bakeoff_v5/P5/full_load_acceleration/cpu_memory_latency.json
    ~ tasks/reports/runtime/s12-stage-w/bakeoff_v5/P5/full_load_acceleration/event_trace.json
    ~ tasks/reports/runtime/s12-stage-w/bakeoff_v5/P5/full_load_acceleration/gain_trace.json
    ~ tasks/reports/runtime/s12-stage-w/bakeoff_v5/P5/full_load_acceleration/metrics.json
    ~ tasks/reports/runtime/s12-stage-w/bakeoff_v5/P5/full_load_acceleration/path_trace.json
    ~ tasks/reports/runtime/s12-stage-w/bakeoff_v5/P5/full_load_acceleration/phase_trace.json
    ~ tasks/reports/runtime/s12-stage-w/bakeoff_v5/P5/full_load_acceleration/sha256_manifest.json
    ~ tasks/reports/runtime/s12-stage-w/bakeoff_v5/P5/full_load_acceleration/state_trace.json
    ~ tasks/reports/runtime/s12-stage-w/bakeoff_v5/P5/gear_shift/cpu_memory_latency.json
    ~ tasks/reports/runtime/s12-stage-w/bakeoff_v5/P5/gear_shift/event_trace.json
    ~ tasks/reports/runtime/s12-stage-w/bakeoff_v5/P5/gear_shift/gain_trace.json
    ~ tasks/reports/runtime/s12-stage-w/bakeoff_v5/P5/gear_shift/metrics.json
    ~ tasks/reports/runtime/s12-stage-w/bakeoff_v5/P5/gear_shift/path_trace.json
    ~ tasks/reports/runtime/s12-stage-w/bakeoff_v5/P5/gear_shift/phase_trace.json
    ~ tasks/reports/runtime/s12-stage-w/bakeoff_v5/P5/gear_shift/sha256_manifest.json
    ~ tasks/reports/runtime/s12-stage-w/bakeoff_v5/P5/gear_shift/state_trace.json
    ~ tasks/reports/runtime/s12-stage-w/bakeoff_v5/P5/high_rpm_lift/cpu_memory_latency.json
    ~ tasks/reports/runtime/s12-stage-w/bakeoff_v5/P5/high_rpm_lift/event_trace.json
    ~ tasks/reports/runtime/s12-stage-w/bakeoff_v5/P5/high_rpm_lift/gain_trace.json
    ~ tasks/reports/runtime/s12-stage-w/bakeoff_v5/P5/high_rpm_lift/metrics.json
    ~ tasks/reports/runtime/s12-stage-w/bakeoff_v5/P5/high_rpm_lift/path_trace.json
    ~ tasks/reports/runtime/s12-stage-w/bakeoff_v5/P5/high_rpm_lift/phase_trace.json
    ~ tasks/reports/runtime/s12-stage-w/bakeoff_v5/P5/high_rpm_lift/sha256_manifest.json
    ~ tasks/reports/runtime/s12-stage-w/bakeoff_v5/P5/high_rpm_lift/state_trace.json
    ~ tasks/reports/runtime/s12-stage-w/bakeoff_v5/P5/hot_idle_20s/cpu_memory_latency.json
    ~ tasks/reports/runtime/s12-stage-w/bakeoff_v5/P5/hot_idle_20s/event_trace.json
    ~ tasks/reports/runtime/s12-stage-w/bakeoff_v5/P5/hot_idle_20s/gain_trace.json
    ~ tasks/reports/runtime/s12-stage-w/bakeoff_v5/P5/hot_idle_20s/metrics.json
    ~ tasks/reports/runtime/s12-stage-w/bakeoff_v5/P5/hot_idle_20s/path_trace.json
    ~ tasks/reports/runtime/s12-stage-w/bakeoff_v5/P5/hot_idle_20s/phase_trace.json
    ~ tasks/reports/runtime/s12-stage-w/bakeoff_v5/P5/hot_idle_20s/sha256_manifest.json
    ~ tasks/reports/runtime/s12-stage-w/bakeoff_v5/P5/hot_idle_20s/state_trace.json
    ~ tasks/reports/runtime/s12-stage-w/bakeoff_v5/P5/idle_return/cpu_memory_latency.json
    ~ tasks/reports/runtime/s12-stage-w/bakeoff_v5/P5/idle_return/event_trace.json
    ~ tasks/reports/runtime/s12-stage-w/bakeoff_v5/P5/idle_return/gain_trace.json
    ~ tasks/reports/runtime/s12-stage-w/bakeoff_v5/P5/idle_return/metrics.json
    ~ tasks/reports/runtime/s12-stage-w/bakeoff_v5/P5/idle_return/path_trace.json
    ~ tasks/reports/runtime/s12-stage-w/bakeoff_v5/P5/idle_return/phase_trace.json
    ~ tasks/reports/runtime/s12-stage-w/bakeoff_v5/P5/idle_return/sha256_manifest.json
    ~ tasks/reports/runtime/s12-stage-w/bakeoff_v5/P5/idle_return/state_trace.json
    ~ tasks/reports/runtime/s12-stage-w/bakeoff_v5/P5/steady_1200rpm/cpu_memory_latency.json
    ~ tasks/reports/runtime/s12-stage-w/bakeoff_v5/P5/steady_1200rpm/event_trace.json
    ~ tasks/reports/runtime/s12-stage-w/bakeoff_v5/P5/steady_1200rpm/gain_trace.json
    ~ tasks/reports/runtime/s12-stage-w/bakeoff_v5/P5/steady_1200rpm/metrics.json
    ~ tasks/reports/runtime/s12-stage-w/bakeoff_v5/P5/steady_1200rpm/path_trace.json
    ~ tasks/reports/runtime/s12-stage-w/bakeoff_v5/P5/steady_1200rpm/phase_trace.json
    ~ tasks/reports/runtime/s12-stage-w/bakeoff_v5/P5/steady_1200rpm/sha256_manifest.json
    ~ tasks/reports/runtime/s12-stage-w/bakeoff_v5/P5/steady_1200rpm/state_trace.json
    ~ tasks/reports/runtime/s12-stage-w/bakeoff_v5/P5/steady_2000rpm/cpu_memory_latency.json
    ~ tasks/reports/runtime/s12-stage-w/bakeoff_v5/P5/steady_2000rpm/event_trace.json
    ~ tasks/reports/runtime/s12-stage-w/bakeoff_v5/P5/steady_2000rpm/gain_trace.json
    ~ tasks/reports/runtime/s12-stage-w/bakeoff_v5/P5/steady_2000rpm/metrics.json
    ~ tasks/reports/runtime/s12-stage-w/bakeoff_v5/P5/steady_2000rpm/path_trace.json
    ~ tasks/reports/runtime/s12-stage-w/bakeoff_v5/P5/steady_2000rpm/phase_trace.json
    ~ tasks/reports/runtime/s12-stage-w/bakeoff_v5/P5/steady_2000rpm/sha256_manifest.json
    ~ tasks/reports/runtime/s12-stage-w/bakeoff_v5/P5/steady_2000rpm/state_trace.json
    ~ tasks/reports/runtime/s12-stage-w/bakeoff_v5/P5/steady_3000rpm/cpu_memory_latency.json
    ~ tasks/reports/runtime/s12-stage-w/bakeoff_v5/P5/steady_3000rpm/event_trace.json
    ~ tasks/reports/runtime/s12-stage-w/bakeoff_v5/P5/steady_3000rpm/gain_trace.json
    ~ tasks/reports/runtime/s12-stage-w/bakeoff_v5/P5/steady_3000rpm/metrics.json
    ~ tasks/reports/runtime/s12-stage-w/bakeoff_v5/P5/steady_3000rpm/path_trace.json
    ~ tasks/reports/runtime/s12-stage-w/bakeoff_v5/P5/steady_3000rpm/phase_trace.json
    ~ tasks/reports/runtime/s12-stage-w/bakeoff_v5/P5/steady_3000rpm/sha256_manifest.json
    ~ tasks/reports/runtime/s12-stage-w/bakeoff_v5/P5/steady_3000rpm/state_trace.json
    ~ tasks/reports/runtime/s12-stage-w/bakeoff_v5/P5/throttle_tip_in/cpu_memory_latency.json
    ~ tasks/reports/runtime/s12-stage-w/bakeoff_v5/P5/throttle_tip_in/event_trace.json
    ~ tasks/reports/runtime/s12-stage-w/bakeoff_v5/P5/throttle_tip_in/gain_trace.json
    ~ tasks/reports/runtime/s12-stage-w/bakeoff_v5/P5/throttle_tip_in/metrics.json
    ~ tasks/reports/runtime/s12-stage-w/bakeoff_v5/P5/throttle_tip_in/path_trace.json
    ~ tasks/reports/runtime/s12-stage-w/bakeoff_v5/P5/throttle_tip_in/phase_trace.json
    ~ tasks/reports/runtime/s12-stage-w/bakeoff_v5/P5/throttle_tip_in/sha256_manifest.json
    ~ tasks/reports/runtime/s12-stage-w/bakeoff_v5/P5/throttle_tip_in/state_trace.json
    ~ tasks/reports/runtime/s12-stage-w/bakeoff_v5/bakeoff_manifest.json
    ~ tasks/reports/runtime/s12-stage-w/bakeoff_v5/bakeoff_results.json
    ~ tasks/reports/runtime/s12-stage-w/bakeoff_v5/rejected_architectures.json
    ~ tasks/reports/runtime/s12-stage-w/bakeoff_v5/selected_architecture.json
    ~ tasks/reports/runtime/s12-stage-w/bakeoff_v6/P1/afterfire_eligible/cpu_memory_latency.json
    ~ tasks/reports/runtime/s12-stage-w/bakeoff_v6/P1/afterfire_eligible/event_trace.json
    ~ tasks/reports/runtime/s12-stage-w/bakeoff_v6/P1/afterfire_eligible/gain_trace.json
    ~ tasks/reports/runtime/s12-stage-w/bakeoff_v6/P1/afterfire_eligible/metrics.json
    ~ tasks/reports/runtime/s12-stage-w/bakeoff_v6/P1/afterfire_eligible/path_trace.json
    ~ tasks/reports/runtime/s12-stage-w/bakeoff_v6/P1/afterfire_eligible/phase_trace.json
    ~ tasks/reports/runtime/s12-stage-w/bakeoff_v6/P1/afterfire_eligible/sha256_manifest.json
    ~ tasks/reports/runtime/s12-stage-w/bakeoff_v6/P1/afterfire_eligible/state_trace.json
    ~ tasks/reports/runtime/s12-stage-w/bakeoff_v6/P1/afterfire_ineligible/cpu_memory_latency.json
    ~ tasks/reports/runtime/s12-stage-w/bakeoff_v6/P1/afterfire_ineligible/event_trace.json
    ~ tasks/reports/runtime/s12-stage-w/bakeoff_v6/P1/afterfire_ineligible/gain_trace.json
    ~ tasks/reports/runtime/s12-stage-w/bakeoff_v6/P1/afterfire_ineligible/metrics.json
    ~ tasks/reports/runtime/s12-stage-w/bakeoff_v6/P1/afterfire_ineligible/path_trace.json
    ~ tasks/reports/runtime/s12-stage-w/bakeoff_v6/P1/afterfire_ineligible/phase_trace.json
    ~ tasks/reports/runtime/s12-stage-w/bakeoff_v6/P1/afterfire_ineligible/sha256_manifest.json
    ~ tasks/reports/runtime/s12-stage-w/bakeoff_v6/P1/afterfire_ineligible/state_trace.json
    ~ tasks/reports/runtime/s12-stage-w/bakeoff_v6/P1/complete_cycle_60s/cpu_memory_latency.json
    ~ tasks/reports/runtime/s12-stage-w/bakeoff_v6/P1/complete_cycle_60s/event_trace.json
    ~ tasks/reports/runtime/s12-stage-w/bakeoff_v6/P1/complete_cycle_60s/gain_trace.json
    ~ tasks/reports/runtime/s12-stage-w/bakeoff_v6/P1/complete_cycle_60s/metrics.json
    ~ tasks/reports/runtime/s12-stage-w/bakeoff_v6/P1/complete_cycle_60s/path_trace.json
    ~ tasks/reports/runtime/s12-stage-w/bakeoff_v6/P1/complete_cycle_60s/phase_trace.json
    ~ tasks/reports/runtime/s12-stage-w/bakeoff_v6/P1/complete_cycle_60s/sha256_manifest.json
    ~ tasks/reports/runtime/s12-stage-w/bakeoff_v6/P1/complete_cycle_60s/state_trace.json
    ~ tasks/reports/runtime/s12-stage-w/bakeoff_v6/P1/full_load_acceleration/cpu_memory_latency.json
    ~ tasks/reports/runtime/s12-stage-w/bakeoff_v6/P1/full_load_acceleration/event_trace.json
    ~ tasks/reports/runtime/s12-stage-w/bakeoff_v6/P1/full_load_acceleration/gain_trace.json
    ~ tasks/reports/runtime/s12-stage-w/bakeoff_v6/P1/full_load_acceleration/metrics.json
    ~ tasks/reports/runtime/s12-stage-w/bakeoff_v6/P1/full_load_acceleration/path_trace.json
    ~ tasks/reports/runtime/s12-stage-w/bakeoff_v6/P1/full_load_acceleration/phase_trace.json
    ~ tasks/reports/runtime/s12-stage-w/bakeoff_v6/P1/full_load_acceleration/sha256_manifest.json
    ~ tasks/reports/runtime/s12-stage-w/bakeoff_v6/P1/full_load_acceleration/state_trace.json
    ~ tasks/reports/runtime/s12-stage-w/bakeoff_v6/P1/gear_shift/cpu_memory_latency.json
    ~ tasks/reports/runtime/s12-stage-w/bakeoff_v6/P1/gear_shift/event_trace.json
    ~ tasks/reports/runtime/s12-stage-w/bakeoff_v6/P1/gear_shift/gain_trace.json
    ~ tasks/reports/runtime/s12-stage-w/bakeoff_v6/P1/gear_shift/metrics.json
    ~ tasks/reports/runtime/s12-stage-w/bakeoff_v6/P1/gear_shift/path_trace.json
    ~ tasks/reports/runtime/s12-stage-w/bakeoff_v6/P1/gear_shift/phase_trace.json
    ~ tasks/reports/runtime/s12-stage-w/bakeoff_v6/P1/gear_shift/sha256_manifest.json
    ~ tasks/reports/runtime/s12-stage-w/bakeoff_v6/P1/gear_shift/state_trace.json
    ~ tasks/reports/runtime/s12-stage-w/bakeoff_v6/P1/high_rpm_lift/cpu_memory_latency.json
    ~ tasks/reports/runtime/s12-stage-w/bakeoff_v6/P1/high_rpm_lift/event_trace.json
    ~ tasks/reports/runtime/s12-stage-w/bakeoff_v6/P1/high_rpm_lift/gain_trace.json
    ~ tasks/reports/runtime/s12-stage-w/bakeoff_v6/P1/high_rpm_lift/metrics.json
    ~ tasks/reports/runtime/s12-stage-w/bakeoff_v6/P1/high_rpm_lift/path_trace.json
    ~ tasks/reports/runtime/s12-stage-w/bakeoff_v6/P1/high_rpm_lift/phase_trace.json
    ~ tasks/reports/runtime/s12-stage-w/bakeoff_v6/P1/high_rpm_lift/sha256_manifest.json
    ~ tasks/reports/runtime/s12-stage-w/bakeoff_v6/P1/high_rpm_lift/state_trace.json
    ~ tasks/reports/runtime/s12-stage-w/bakeoff_v6/P1/hot_idle_20s/cpu_memory_latency.json
    ~ tasks/reports/runtime/s12-stage-w/bakeoff_v6/P1/hot_idle_20s/event_trace.json
    ~ tasks/reports/runtime/s12-stage-w/bakeoff_v6/P1/hot_idle_20s/gain_trace.json
    ~ tasks/reports/runtime/s12-stage-w/bakeoff_v6/P1/hot_idle_20s/metrics.json
    ~ tasks/reports/runtime/s12-stage-w/bakeoff_v6/P1/hot_idle_20s/path_trace.json
    ~ tasks/reports/runtime/s12-stage-w/bakeoff_v6/P1/hot_idle_20s/phase_trace.json
    ~ tasks/reports/runtime/s12-stage-w/bakeoff_v6/P1/hot_idle_20s/sha256_manifest.json
    ~ tasks/reports/runtime/s12-stage-w/bakeoff_v6/P1/hot_idle_20s/state_trace.json
    ~ tasks/reports/runtime/s12-stage-w/bakeoff_v6/P1/idle_return/cpu_memory_latency.json
    ~ tasks/reports/runtime/s12-stage-w/bakeoff_v6/P1/idle_return/event_trace.json
    ~ tasks/reports/runtime/s12-stage-w/bakeoff_v6/P1/idle_return/gain_trace.json
    ~ tasks/reports/runtime/s12-stage-w/bakeoff_v6/P1/idle_return/metrics.json
    ~ tasks/reports/runtime/s12-stage-w/bakeoff_v6/P1/idle_return/path_trace.json
    ~ tasks/reports/runtime/s12-stage-w/bakeoff_v6/P1/idle_return/phase_trace.json
    ~ tasks/reports/runtime/s12-stage-w/bakeoff_v6/P1/idle_return/sha256_manifest.json
    ~ tasks/reports/runtime/s12-stage-w/bakeoff_v6/P1/idle_return/state_trace.json
    ~ tasks/reports/runtime/s12-stage-w/bakeoff_v6/P1/steady_1200rpm/cpu_memory_latency.json
    ~ tasks/reports/runtime/s12-stage-w/bakeoff_v6/P1/steady_1200rpm/event_trace.json
    ~ tasks/reports/runtime/s12-stage-w/bakeoff_v6/P1/steady_1200rpm/gain_trace.json
    ~ tasks/reports/runtime/s12-stage-w/bakeoff_v6/P1/steady_1200rpm/metrics.json
    ~ tasks/reports/runtime/s12-stage-w/bakeoff_v6/P1/steady_1200rpm/path_trace.json
    ~ tasks/reports/runtime/s12-stage-w/bakeoff_v6/P1/steady_1200rpm/phase_trace.json
    ~ tasks/reports/runtime/s12-stage-w/bakeoff_v6/P1/steady_1200rpm/sha256_manifest.json
    ~ tasks/reports/runtime/s12-stage-w/bakeoff_v6/P1/steady_1200rpm/state_trace.json
    ~ tasks/reports/runtime/s12-stage-w/bakeoff_v6/P1/steady_2000rpm/cpu_memory_latency.json
    ~ tasks/reports/runtime/s12-stage-w/bakeoff_v6/P1/steady_2000rpm/event_trace.json
    ~ tasks/reports/runtime/s12-stage-w/bakeoff_v6/P1/steady_2000rpm/gain_trace.json
    ~ tasks/reports/runtime/s12-stage-w/bakeoff_v6/P1/steady_2000rpm/metrics.json
    ~ tasks/reports/runtime/s12-stage-w/bakeoff_v6/P1/steady_2000rpm/path_trace.json
    ~ tasks/reports/runtime/s12-stage-w/bakeoff_v6/P1/steady_2000rpm/phase_trace.json
    ~ tasks/reports/runtime/s12-stage-w/bakeoff_v6/P1/steady_2000rpm/sha256_manifest.json
    ~ tasks/reports/runtime/s12-stage-w/bakeoff_v6/P1/steady_2000rpm/state_trace.json
    ~ tasks/reports/runtime/s12-stage-w/bakeoff_v6/P1/steady_3000rpm/cpu_memory_latency.json
    ~ tasks/reports/runtime/s12-stage-w/bakeoff_v6/P1/steady_3000rpm/event_trace.json
    ~ tasks/reports/runtime/s12-stage-w/bakeoff_v6/P1/steady_3000rpm/gain_trace.json
    ~ tasks/reports/runtime/s12-stage-w/bakeoff_v6/P1/steady_3000rpm/metrics.json
    ~ tasks/reports/runtime/s12-stage-w/bakeoff_v6/P1/steady_3000rpm/path_trace.json
    ~ tasks/reports/runtime/s12-stage-w/bakeoff_v6/P1/steady_3000rpm/phase_trace.json
    ~ tasks/reports/runtime/s12-stage-w/bakeoff_v6/P1/steady_3000rpm/sha256_manifest.json
    ~ tasks/reports/runtime/s12-stage-w/bakeoff_v6/P1/steady_3000rpm/state_trace.json
    ~ tasks/reports/runtime/s12-stage-w/bakeoff_v6/P1/throttle_tip_in/cpu_memory_latency.json
    ~ tasks/reports/runtime/s12-stage-w/bakeoff_v6/P1/throttle_tip_in/event_trace.json
    ~ tasks/reports/runtime/s12-stage-w/bakeoff_v6/P1/throttle_tip_in/gain_trace.json
    ~ tasks/reports/runtime/s12-stage-w/bakeoff_v6/P1/throttle_tip_in/metrics.json
    ~ tasks/reports/runtime/s12-stage-w/bakeoff_v6/P1/throttle_tip_in/path_trace.json
    ~ tasks/reports/runtime/s12-stage-w/bakeoff_v6/P1/throttle_tip_in/phase_trace.json
    ~ tasks/reports/runtime/s12-stage-w/bakeoff_v6/P1/throttle_tip_in/sha256_manifest.json
    ~ tasks/reports/runtime/s12-stage-w/bakeoff_v6/P1/throttle_tip_in/state_trace.json
    ~ tasks/reports/runtime/s12-stage-w/bakeoff_v6/P2/afterfire_eligible/cpu_memory_latency.json
    ~ tasks/reports/runtime/s12-stage-w/bakeoff_v6/P2/afterfire_eligible/event_trace.json
    ~ tasks/reports/runtime/s12-stage-w/bakeoff_v6/P2/afterfire_eligible/gain_trace.json
    ~ tasks/reports/runtime/s12-stage-w/bakeoff_v6/P2/afterfire_eligible/metrics.json
    ~ tasks/reports/runtime/s12-stage-w/bakeoff_v6/P2/afterfire_eligible/path_trace.json
    ~ tasks/reports/runtime/s12-stage-w/bakeoff_v6/P2/afterfire_eligible/phase_trace.json
    ~ tasks/reports/runtime/s12-stage-w/bakeoff_v6/P2/afterfire_eligible/sha256_manifest.json
    ~ tasks/reports/runtime/s12-stage-w/bakeoff_v6/P2/afterfire_eligible/state_trace.json
    ~ tasks/reports/runtime/s12-stage-w/bakeoff_v6/P2/afterfire_ineligible/cpu_memory_latency.json
    ~ tasks/reports/runtime/s12-stage-w/bakeoff_v6/P2/afterfire_ineligible/event_trace.json
    ~ tasks/reports/runtime/s12-stage-w/bakeoff_v6/P2/afterfire_ineligible/gain_trace.json
    ~ tasks/reports/runtime/s12-stage-w/bakeoff_v6/P2/afterfire_ineligible/metrics.json
    ~ tasks/reports/runtime/s12-stage-w/bakeoff_v6/P2/afterfire_ineligible/path_trace.json
    ~ tasks/reports/runtime/s12-stage-w/bakeoff_v6/P2/afterfire_ineligible/phase_trace.json
    ~ tasks/reports/runtime/s12-stage-w/bakeoff_v6/P2/afterfire_ineligible/sha256_manifest.json
    ~ tasks/reports/runtime/s12-stage-w/bakeoff_v6/P2/afterfire_ineligible/state_trace.json
    ~ tasks/reports/runtime/s12-stage-w/bakeoff_v6/P2/complete_cycle_60s/cpu_memory_latency.json
    ~ tasks/reports/runtime/s12-stage-w/bakeoff_v6/P2/complete_cycle_60s/event_trace.json
    ~ tasks/reports/runtime/s12-stage-w/bakeoff_v6/P2/complete_cycle_60s/gain_trace.json
    ~ tasks/reports/runtime/s12-stage-w/bakeoff_v6/P2/complete_cycle_60s/metrics.json
    ~ tasks/reports/runtime/s12-stage-w/bakeoff_v6/P2/complete_cycle_60s/path_trace.json
    ~ tasks/reports/runtime/s12-stage-w/bakeoff_v6/P2/complete_cycle_60s/phase_trace.json
    ~ tasks/reports/runtime/s12-stage-w/bakeoff_v6/P2/complete_cycle_60s/sha256_manifest.json
    ~ tasks/reports/runtime/s12-stage-w/bakeoff_v6/P2/complete_cycle_60s/state_trace.json
    ~ tasks/reports/runtime/s12-stage-w/bakeoff_v6/P2/full_load_acceleration/cpu_memory_latency.json
    ~ tasks/reports/runtime/s12-stage-w/bakeoff_v6/P2/full_load_acceleration/event_trace.json
    ~ tasks/reports/runtime/s12-stage-w/bakeoff_v6/P2/full_load_acceleration/gain_trace.json
    ~ tasks/reports/runtime/s12-stage-w/bakeoff_v6/P2/full_load_acceleration/metrics.json
    ~ tasks/reports/runtime/s12-stage-w/bakeoff_v6/P2/full_load_acceleration/path_trace.json
    ~ tasks/reports/runtime/s12-stage-w/bakeoff_v6/P2/full_load_acceleration/phase_trace.json
    ~ tasks/reports/runtime/s12-stage-w/bakeoff_v6/P2/full_load_acceleration/sha256_manifest.json
    ~ tasks/reports/runtime/s12-stage-w/bakeoff_v6/P2/full_load_acceleration/state_trace.json
    ~ tasks/reports/runtime/s12-stage-w/bakeoff_v6/P2/gear_shift/cpu_memory_latency.json
    ~ tasks/reports/runtime/s12-stage-w/bakeoff_v6/P2/gear_shift/event_trace.json
    ~ tasks/reports/runtime/s12-stage-w/bakeoff_v6/P2/gear_shift/gain_trace.json
    ~ tasks/reports/runtime/s12-stage-w/bakeoff_v6/P2/gear_shift/metrics.json
    ~ tasks/reports/runtime/s12-stage-w/bakeoff_v6/P2/gear_shift/path_trace.json
    ~ tasks/reports/runtime/s12-stage-w/bakeoff_v6/P2/gear_shift/phase_trace.json
    ~ tasks/reports/runtime/s12-stage-w/bakeoff_v6/P2/gear_shift/sha256_manifest.json
    ~ tasks/reports/runtime/s12-stage-w/bakeoff_v6/P2/gear_shift/state_trace.json
    ~ tasks/reports/runtime/s12-stage-w/bakeoff_v6/P2/high_rpm_lift/cpu_memory_latency.json
    ~ tasks/reports/runtime/s12-stage-w/bakeoff_v6/P2/high_rpm_lift/event_trace.json
    ~ tasks/reports/runtime/s12-stage-w/bakeoff_v6/P2/high_rpm_lift/gain_trace.json
    ~ tasks/reports/runtime/s12-stage-w/bakeoff_v6/P2/high_rpm_lift/metrics.json
    ~ tasks/reports/runtime/s12-stage-w/bakeoff_v6/P2/high_rpm_lift/path_trace.json
    ~ tasks/reports/runtime/s12-stage-w/bakeoff_v6/P2/high_rpm_lift/phase_trace.json
    ~ tasks/reports/runtime/s12-stage-w/bakeoff_v6/P2/high_rpm_lift/sha256_manifest.json
    ~ tasks/reports/runtime/s12-stage-w/bakeoff_v6/P2/high_rpm_lift/state_trace.json
    ~ tasks/reports/runtime/s12-stage-w/bakeoff_v6/P2/hot_idle_20s/cpu_memory_latency.json
    ~ tasks/reports/runtime/s12-stage-w/bakeoff_v6/P2/hot_idle_20s/event_trace.json
    ~ tasks/reports/runtime/s12-stage-w/bakeoff_v6/P2/hot_idle_20s/gain_trace.json
    ~ tasks/reports/runtime/s12-stage-w/bakeoff_v6/P2/hot_idle_20s/metrics.json
    ~ tasks/reports/runtime/s12-stage-w/bakeoff_v6/P2/hot_idle_20s/path_trace.json
    ~ tasks/reports/runtime/s12-stage-w/bakeoff_v6/P2/hot_idle_20s/phase_trace.json
    ~ tasks/reports/runtime/s12-stage-w/bakeoff_v6/P2/hot_idle_20s/sha256_manifest.json
    ~ tasks/reports/runtime/s12-stage-w/bakeoff_v6/P2/hot_idle_20s/state_trace.json
    ~ tasks/reports/runtime/s12-stage-w/bakeoff_v6/P2/idle_return/cpu_memory_latency.json
    ~ tasks/reports/runtime/s12-stage-w/bakeoff_v6/P2/idle_return/event_trace.json
    ~ tasks/reports/runtime/s12-stage-w/bakeoff_v6/P2/idle_return/gain_trace.json
    ~ tasks/reports/runtime/s12-stage-w/bakeoff_v6/P2/idle_return/metrics.json
    ~ tasks/reports/runtime/s12-stage-w/bakeoff_v6/P2/idle_return/path_trace.json
    ~ tasks/reports/runtime/s12-stage-w/bakeoff_v6/P2/idle_return/phase_trace.json
    ~ tasks/reports/runtime/s12-stage-w/bakeoff_v6/P2/idle_return/sha256_manifest.json
    ~ tasks/reports/runtime/s12-stage-w/bakeoff_v6/P2/idle_return/state_trace.json
    ~ tasks/reports/runtime/s12-stage-w/bakeoff_v6/P2/steady_1200rpm/cpu_memory_latency.json
    ~ tasks/reports/runtime/s12-stage-w/bakeoff_v6/P2/steady_1200rpm/event_trace.json
    ~ tasks/reports/runtime/s12-stage-w/bakeoff_v6/P2/steady_1200rpm/gain_trace.json
    ~ tasks/reports/runtime/s12-stage-w/bakeoff_v6/P2/steady_1200rpm/metrics.json
    ~ tasks/reports/runtime/s12-stage-w/bakeoff_v6/P2/steady_1200rpm/path_trace.json
    ~ tasks/reports/runtime/s12-stage-w/bakeoff_v6/P2/steady_1200rpm/phase_trace.json
    ~ tasks/reports/runtime/s12-stage-w/bakeoff_v6/P2/steady_1200rpm/sha256_manifest.json
    ~ tasks/reports/runtime/s12-stage-w/bakeoff_v6/P2/steady_1200rpm/state_trace.json
    ~ tasks/reports/runtime/s12-stage-w/bakeoff_v6/P2/steady_2000rpm/cpu_memory_latency.json
    ~ tasks/reports/runtime/s12-stage-w/bakeoff_v6/P2/steady_2000rpm/event_trace.json
    ~ tasks/reports/runtime/s12-stage-w/bakeoff_v6/P2/steady_2000rpm/gain_trace.json
    ~ tasks/reports/runtime/s12-stage-w/bakeoff_v6/P2/steady_2000rpm/metrics.json
    ~ tasks/reports/runtime/s12-stage-w/bakeoff_v6/P2/steady_2000rpm/path_trace.json
    ~ tasks/reports/runtime/s12-stage-w/bakeoff_v6/P2/steady_2000rpm/phase_trace.json
    ~ tasks/reports/runtime/s12-stage-w/bakeoff_v6/P2/steady_2000rpm/sha256_manifest.json
    ~ tasks/reports/runtime/s12-stage-w/bakeoff_v6/P2/steady_2000rpm/state_trace.json
    ~ tasks/reports/runtime/s12-stage-w/bakeoff_v6/P2/steady_3000rpm/cpu_memory_latency.json
    ~ tasks/reports/runtime/s12-stage-w/bakeoff_v6/P2/steady_3000rpm/event_trace.json
    ~ tasks/reports/runtime/s12-stage-w/bakeoff_v6/P2/steady_3000rpm/gain_trace.json
    ~ tasks/reports/runtime/s12-stage-w/bakeoff_v6/P2/steady_3000rpm/metrics.json
    ~ tasks/reports/runtime/s12-stage-w/bakeoff_v6/P2/steady_3000rpm/path_trace.json
    ~ tasks/reports/runtime/s12-stage-w/bakeoff_v6/P2/steady_3000rpm/phase_trace.json
    ~ tasks/reports/runtime/s12-stage-w/bakeoff_v6/P2/steady_3000rpm/sha256_manifest.json
    ~ tasks/reports/runtime/s12-stage-w/bakeoff_v6/P2/steady_3000rpm/state_trace.json
    ~ tasks/reports/runtime/s12-stage-w/bakeoff_v6/P2/throttle_tip_in/cpu_memory_latency.json
    ~ tasks/reports/runtime/s12-stage-w/bakeoff_v6/P2/throttle_tip_in/event_trace.json
    ~ tasks/reports/runtime/s12-stage-w/bakeoff_v6/P2/throttle_tip_in/gain_trace.json
    ~ tasks/reports/runtime/s12-stage-w/bakeoff_v6/P2/throttle_tip_in/metrics.json
    ~ tasks/reports/runtime/s12-stage-w/bakeoff_v6/P2/throttle_tip_in/path_trace.json
    ~ tasks/reports/runtime/s12-stage-w/bakeoff_v6/P2/throttle_tip_in/phase_trace.json
    ~ tasks/reports/runtime/s12-stage-w/bakeoff_v6/P2/throttle_tip_in/sha256_manifest.json
    ~ tasks/reports/runtime/s12-stage-w/bakeoff_v6/P2/throttle_tip_in/state_trace.json
    ~ tasks/reports/runtime/s12-stage-w/bakeoff_v6/P2H/afterfire_eligible/cpu_memory_latency.json
    ~ tasks/reports/runtime/s12-stage-w/bakeoff_v6/P2H/afterfire_eligible/event_trace.json
    ~ tasks/reports/runtime/s12-stage-w/bakeoff_v6/P2H/afterfire_eligible/gain_trace.json
    ~ tasks/reports/runtime/s12-stage-w/bakeoff_v6/P2H/afterfire_eligible/metrics.json
    ~ tasks/reports/runtime/s12-stage-w/bakeoff_v6/P2H/afterfire_eligible/path_trace.json
    ~ tasks/reports/runtime/s12-stage-w/bakeoff_v6/P2H/afterfire_eligible/phase_trace.json
    ~ tasks/reports/runtime/s12-stage-w/bakeoff_v6/P2H/afterfire_eligible/sha256_manifest.json
    ~ tasks/reports/runtime/s12-stage-w/bakeoff_v6/P2H/afterfire_eligible/state_trace.json
    ~ tasks/reports/runtime/s12-stage-w/bakeoff_v6/P2H/afterfire_ineligible/cpu_memory_latency.json
    ~ tasks/reports/runtime/s12-stage-w/bakeoff_v6/P2H/afterfire_ineligible/event_trace.json
    ~ tasks/reports/runtime/s12-stage-w/bakeoff_v6/P2H/afterfire_ineligible/gain_trace.json
    ~ tasks/reports/runtime/s12-stage-w/bakeoff_v6/P2H/afterfire_ineligible/metrics.json
    ~ tasks/reports/runtime/s12-stage-w/bakeoff_v6/P2H/afterfire_ineligible/path_trace.json
    ~ tasks/reports/runtime/s12-stage-w/bakeoff_v6/P2H/afterfire_ineligible/phase_trace.json
    ~ tasks/reports/runtime/s12-stage-w/bakeoff_v6/P2H/afterfire_ineligible/sha256_manifest.json
    ~ tasks/reports/runtime/s12-stage-w/bakeoff_v6/P2H/afterfire_ineligible/state_trace.json
    ~ tasks/reports/runtime/s12-stage-w/bakeoff_v6/P2H/complete_cycle_60s/cpu_memory_latency.json
    ~ tasks/reports/runtime/s12-stage-w/bakeoff_v6/P2H/complete_cycle_60s/event_trace.json
    ~ tasks/reports/runtime/s12-stage-w/bakeoff_v6/P2H/complete_cycle_60s/gain_trace.json
    ~ tasks/reports/runtime/s12-stage-w/bakeoff_v6/P2H/complete_cycle_60s/metrics.json
    ~ tasks/reports/runtime/s12-stage-w/bakeoff_v6/P2H/complete_cycle_60s/path_trace.json
    ~ tasks/reports/runtime/s12-stage-w/bakeoff_v6/P2H/complete_cycle_60s/phase_trace.json
    ~ tasks/reports/runtime/s12-stage-w/bakeoff_v6/P2H/complete_cycle_60s/sha256_manifest.json
    ~ tasks/reports/runtime/s12-stage-w/bakeoff_v6/P2H/complete_cycle_60s/state_trace.json
    ~ tasks/reports/runtime/s12-stage-w/bakeoff_v6/P2H/full_load_acceleration/cpu_memory_latency.json
    ~ tasks/reports/runtime/s12-stage-w/bakeoff_v6/P2H/full_load_acceleration/event_trace.json
    ~ tasks/reports/runtime/s12-stage-w/bakeoff_v6/P2H/full_load_acceleration/gain_trace.json
    ~ tasks/reports/runtime/s12-stage-w/bakeoff_v6/P2H/full_load_acceleration/metrics.json
    ~ tasks/reports/runtime/s12-stage-w/bakeoff_v6/P2H/full_load_acceleration/path_trace.json
    ~ tasks/reports/runtime/s12-stage-w/bakeoff_v6/P2H/full_load_acceleration/phase_trace.json
    ~ tasks/reports/runtime/s12-stage-w/bakeoff_v6/P2H/full_load_acceleration/sha256_manifest.json
    ~ tasks/reports/runtime/s12-stage-w/bakeoff_v6/P2H/full_load_acceleration/state_trace.json
    ~ tasks/reports/runtime/s12-stage-w/bakeoff_v6/P2H/gear_shift/cpu_memory_latency.json
    ~ tasks/reports/runtime/s12-stage-w/bakeoff_v6/P2H/gear_shift/event_trace.json
    ~ tasks/reports/runtime/s12-stage-w/bakeoff_v6/P2H/gear_shift/gain_trace.json
    ~ tasks/reports/runtime/s12-stage-w/bakeoff_v6/P2H/gear_shift/metrics.json
    ~ tasks/reports/runtime/s12-stage-w/bakeoff_v6/P2H/gear_shift/path_trace.json
    ~ tasks/reports/runtime/s12-stage-w/bakeoff_v6/P2H/gear_shift/phase_trace.json
    ~ tasks/reports/runtime/s12-stage-w/bakeoff_v6/P2H/gear_shift/sha256_manifest.json
    ~ tasks/reports/runtime/s12-stage-w/bakeoff_v6/P2H/gear_shift/state_trace.json
    ~ tasks/reports/runtime/s12-stage-w/bakeoff_v6/P2H/high_rpm_lift/cpu_memory_latency.json
    ~ tasks/reports/runtime/s12-stage-w/bakeoff_v6/P2H/high_rpm_lift/event_trace.json
    ~ tasks/reports/runtime/s12-stage-w/bakeoff_v6/P2H/high_rpm_lift/gain_trace.json
    ~ tasks/reports/runtime/s12-stage-w/bakeoff_v6/P2H/high_rpm_lift/metrics.json
    ~ tasks/reports/runtime/s12-stage-w/bakeoff_v6/P2H/high_rpm_lift/path_trace.json
    ~ tasks/reports/runtime/s12-stage-w/bakeoff_v6/P2H/high_rpm_lift/phase_trace.json
    ~ tasks/reports/runtime/s12-stage-w/bakeoff_v6/P2H/high_rpm_lift/sha256_manifest.json
    ~ tasks/reports/runtime/s12-stage-w/bakeoff_v6/P2H/high_rpm_lift/state_trace.json
    ~ tasks/reports/runtime/s12-stage-w/bakeoff_v6/P2H/hot_idle_20s/cpu_memory_latency.json
    ~ tasks/reports/runtime/s12-stage-w/bakeoff_v6/P2H/hot_idle_20s/event_trace.json
    ~ tasks/reports/runtime/s12-stage-w/bakeoff_v6/P2H/hot_idle_20s/gain_trace.json
    ~ tasks/reports/runtime/s12-stage-w/bakeoff_v6/P2H/hot_idle_20s/metrics.json
    ~ tasks/reports/runtime/s12-stage-w/bakeoff_v6/P2H/hot_idle_20s/path_trace.json
    ~ tasks/reports/runtime/s12-stage-w/bakeoff_v6/P2H/hot_idle_20s/phase_trace.json
    ~ tasks/reports/runtime/s12-stage-w/bakeoff_v6/P2H/hot_idle_20s/sha256_manifest.json
    ~ tasks/reports/runtime/s12-stage-w/bakeoff_v6/P2H/hot_idle_20s/state_trace.json
    ~ tasks/reports/runtime/s12-stage-w/bakeoff_v6/P2H/idle_return/cpu_memory_latency.json
    ~ tasks/reports/runtime/s12-stage-w/bakeoff_v6/P2H/idle_return/event_trace.json
    ~ tasks/reports/runtime/s12-stage-w/bakeoff_v6/P2H/idle_return/gain_trace.json
    ~ tasks/reports/runtime/s12-stage-w/bakeoff_v6/P2H/idle_return/metrics.json
    ~ tasks/reports/runtime/s12-stage-w/bakeoff_v6/P2H/idle_return/path_trace.json
    ~ tasks/reports/runtime/s12-stage-w/bakeoff_v6/P2H/idle_return/phase_trace.json
    ~ tasks/reports/runtime/s12-stage-w/bakeoff_v6/P2H/idle_return/sha256_manifest.json
    ~ tasks/reports/runtime/s12-stage-w/bakeoff_v6/P2H/idle_return/state_trace.json
    ~ tasks/reports/runtime/s12-stage-w/bakeoff_v6/P2H/steady_1200rpm/cpu_memory_latency.json
    ~ tasks/reports/runtime/s12-stage-w/bakeoff_v6/P2H/steady_1200rpm/event_trace.json
    ~ tasks/reports/runtime/s12-stage-w/bakeoff_v6/P2H/steady_1200rpm/gain_trace.json
    ~ tasks/reports/runtime/s12-stage-w/bakeoff_v6/P2H/steady_1200rpm/metrics.json
    ~ tasks/reports/runtime/s12-stage-w/bakeoff_v6/P2H/steady_1200rpm/path_trace.json
    ~ tasks/reports/runtime/s12-stage-w/bakeoff_v6/P2H/steady_1200rpm/phase_trace.json
    ~ tasks/reports/runtime/s12-stage-w/bakeoff_v6/P2H/steady_1200rpm/sha256_manifest.json
    ~ tasks/reports/runtime/s12-stage-w/bakeoff_v6/P2H/steady_1200rpm/state_trace.json
    ~ tasks/reports/runtime/s12-stage-w/bakeoff_v6/P2H/steady_2000rpm/cpu_memory_latency.json
    ~ tasks/reports/runtime/s12-stage-w/bakeoff_v6/P2H/steady_2000rpm/event_trace.json
    ~ tasks/reports/runtime/s12-stage-w/bakeoff_v6/P2H/steady_2000rpm/gain_trace.json
    ~ tasks/reports/runtime/s12-stage-w/bakeoff_v6/P2H/steady_2000rpm/metrics.json
    ~ tasks/reports/runtime/s12-stage-w/bakeoff_v6/P2H/steady_2000rpm/path_trace.json
    ~ tasks/reports/runtime/s12-stage-w/bakeoff_v6/P2H/steady_2000rpm/phase_trace.json
    ~ tasks/reports/runtime/s12-stage-w/bakeoff_v6/P2H/steady_2000rpm/sha256_manifest.json
    ~ tasks/reports/runtime/s12-stage-w/bakeoff_v6/P2H/steady_2000rpm/state_trace.json
    ~ tasks/reports/runtime/s12-stage-w/bakeoff_v6/P2H/steady_3000rpm/cpu_memory_latency.json
    ~ tasks/reports/runtime/s12-stage-w/bakeoff_v6/P2H/steady_3000rpm/event_trace.json
    ~ tasks/reports/runtime/s12-stage-w/bakeoff_v6/P2H/steady_3000rpm/gain_trace.json
    ~ tasks/reports/runtime/s12-stage-w/bakeoff_v6/P2H/steady_3000rpm/metrics.json
    ~ tasks/reports/runtime/s12-stage-w/bakeoff_v6/P2H/steady_3000rpm/path_trace.json
    ~ tasks/reports/runtime/s12-stage-w/bakeoff_v6/P2H/steady_3000rpm/phase_trace.json
    ~ tasks/reports/runtime/s12-stage-w/bakeoff_v6/P2H/steady_3000rpm/sha256_manifest.json
    ~ tasks/reports/runtime/s12-stage-w/bakeoff_v6/P2H/steady_3000rpm/state_trace.json
    ~ tasks/reports/runtime/s12-stage-w/bakeoff_v6/P2H/throttle_tip_in/cpu_memory_latency.json
    ~ tasks/reports/runtime/s12-stage-w/bakeoff_v6/P2H/throttle_tip_in/event_trace.json
    ~ tasks/reports/runtime/s12-stage-w/bakeoff_v6/P2H/throttle_tip_in/gain_trace.json
    ~ tasks/reports/runtime/s12-stage-w/bakeoff_v6/P2H/throttle_tip_in/metrics.json
    ~ tasks/reports/runtime/s12-stage-w/bakeoff_v6/P2H/throttle_tip_in/path_trace.json
    ~ tasks/reports/runtime/s12-stage-w/bakeoff_v6/P2H/throttle_tip_in/phase_trace.json
    ~ tasks/reports/runtime/s12-stage-w/bakeoff_v6/P2H/throttle_tip_in/sha256_manifest.json
    ~ tasks/reports/runtime/s12-stage-w/bakeoff_v6/P2H/throttle_tip_in/state_trace.json
    ~ tasks/reports/runtime/s12-stage-w/bakeoff_v6/P3/afterfire_eligible/cpu_memory_latency.json
    ~ tasks/reports/runtime/s12-stage-w/bakeoff_v6/P3/afterfire_eligible/event_trace.json
    ~ tasks/reports/runtime/s12-stage-w/bakeoff_v6/P3/afterfire_eligible/gain_trace.json
    ~ tasks/reports/runtime/s12-stage-w/bakeoff_v6/P3/afterfire_eligible/metrics.json
    ~ tasks/reports/runtime/s12-stage-w/bakeoff_v6/P3/afterfire_eligible/path_trace.json
    ~ tasks/reports/runtime/s12-stage-w/bakeoff_v6/P3/afterfire_eligible/phase_trace.json
    ~ tasks/reports/runtime/s12-stage-w/bakeoff_v6/P3/afterfire_eligible/sha256_manifest.json
    ~ tasks/reports/runtime/s12-stage-w/bakeoff_v6/P3/afterfire_eligible/state_trace.json
    ~ tasks/reports/runtime/s12-stage-w/bakeoff_v6/P3/afterfire_ineligible/cpu_memory_latency.json
    ~ tasks/reports/runtime/s12-stage-w/bakeoff_v6/P3/afterfire_ineligible/event_trace.json
    ~ tasks/reports/runtime/s12-stage-w/bakeoff_v6/P3/afterfire_ineligible/gain_trace.json
    ~ tasks/reports/runtime/s12-stage-w/bakeoff_v6/P3/afterfire_ineligible/metrics.json
    ~ tasks/reports/runtime/s12-stage-w/bakeoff_v6/P3/afterfire_ineligible/path_trace.json
    ~ tasks/reports/runtime/s12-stage-w/bakeoff_v6/P3/afterfire_ineligible/phase_trace.json
    ~ tasks/reports/runtime/s12-stage-w/bakeoff_v6/P3/afterfire_ineligible/sha256_manifest.json
    ~ tasks/reports/runtime/s12-stage-w/bakeoff_v6/P3/afterfire_ineligible/state_trace.json
    ~ tasks/reports/runtime/s12-stage-w/bakeoff_v6/P3/complete_cycle_60s/cpu_memory_latency.json
    ~ tasks/reports/runtime/s12-stage-w/bakeoff_v6/P3/complete_cycle_60s/event_trace.json
    ~ tasks/reports/runtime/s12-stage-w/bakeoff_v6/P3/complete_cycle_60s/gain_trace.json
    ~ tasks/reports/runtime/s12-stage-w/bakeoff_v6/P3/complete_cycle_60s/metrics.json
    ~ tasks/reports/runtime/s12-stage-w/bakeoff_v6/P3/complete_cycle_60s/path_trace.json
    ~ tasks/reports/runtime/s12-stage-w/bakeoff_v6/P3/complete_cycle_60s/phase_trace.json
    ~ tasks/reports/runtime/s12-stage-w/bakeoff_v6/P3/complete_cycle_60s/sha256_manifest.json
    ~ tasks/reports/runtime/s12-stage-w/bakeoff_v6/P3/complete_cycle_60s/state_trace.json
    ~ tasks/reports/runtime/s12-stage-w/bakeoff_v6/P3/full_load_acceleration/cpu_memory_latency.json
    ~ tasks/reports/runtime/s12-stage-w/bakeoff_v6/P3/full_load_acceleration/event_trace.json
    ~ tasks/reports/runtime/s12-stage-w/bakeoff_v6/P3/full_load_acceleration/gain_trace.json
    ~ tasks/reports/runtime/s12-stage-w/bakeoff_v6/P3/full_load_acceleration/metrics.json
    ~ tasks/reports/runtime/s12-stage-w/bakeoff_v6/P3/full_load_acceleration/path_trace.json
    ~ tasks/reports/runtime/s12-stage-w/bakeoff_v6/P3/full_load_acceleration/phase_trace.json
    ~ tasks/reports/runtime/s12-stage-w/bakeoff_v6/P3/full_load_acceleration/sha256_manifest.json
    ~ tasks/reports/runtime/s12-stage-w/bakeoff_v6/P3/full_load_acceleration/state_trace.json
    ~ tasks/reports/runtime/s12-stage-w/bakeoff_v6/P3/gear_shift/cpu_memory_latency.json
    ~ tasks/reports/runtime/s12-stage-w/bakeoff_v6/P3/gear_shift/event_trace.json
    ~ tasks/reports/runtime/s12-stage-w/bakeoff_v6/P3/gear_shift/gain_trace.json
    ~ tasks/reports/runtime/s12-stage-w/bakeoff_v6/P3/gear_shift/metrics.json
    ~ tasks/reports/runtime/s12-stage-w/bakeoff_v6/P3/gear_shift/path_trace.json
    ~ tasks/reports/runtime/s12-stage-w/bakeoff_v6/P3/gear_shift/phase_trace.json
    ~ tasks/reports/runtime/s12-stage-w/bakeoff_v6/P3/gear_shift/sha256_manifest.json
    ~ tasks/reports/runtime/s12-stage-w/bakeoff_v6/P3/gear_shift/state_trace.json
    ~ tasks/reports/runtime/s12-stage-w/bakeoff_v6/P3/high_rpm_lift/cpu_memory_latency.json
    ~ tasks/reports/runtime/s12-stage-w/bakeoff_v6/P3/high_rpm_lift/event_trace.json
    ~ tasks/reports/runtime/s12-stage-w/bakeoff_v6/P3/high_rpm_lift/gain_trace.json
    ~ tasks/reports/runtime/s12-stage-w/bakeoff_v6/P3/high_rpm_lift/metrics.json
    ~ tasks/reports/runtime/s12-stage-w/bakeoff_v6/P3/high_rpm_lift/path_trace.json
    ~ tasks/reports/runtime/s12-stage-w/bakeoff_v6/P3/high_rpm_lift/phase_trace.json
    ~ tasks/reports/runtime/s12-stage-w/bakeoff_v6/P3/high_rpm_lift/sha256_manifest.json
    ~ tasks/reports/runtime/s12-stage-w/bakeoff_v6/P3/high_rpm_lift/state_trace.json
    ~ tasks/reports/runtime/s12-stage-w/bakeoff_v6/P3/hot_idle_20s/cpu_memory_latency.json
    ~ tasks/reports/runtime/s12-stage-w/bakeoff_v6/P3/hot_idle_20s/event_trace.json
    ~ tasks/reports/runtime/s12-stage-w/bakeoff_v6/P3/hot_idle_20s/gain_trace.json
    ~ tasks/reports/runtime/s12-stage-w/bakeoff_v6/P3/hot_idle_20s/metrics.json
    ~ tasks/reports/runtime/s12-stage-w/bakeoff_v6/P3/hot_idle_20s/path_trace.json
    ~ tasks/reports/runtime/s12-stage-w/bakeoff_v6/P3/hot_idle_20s/phase_trace.json
    ~ tasks/reports/runtime/s12-stage-w/bakeoff_v6/P3/hot_idle_20s/sha256_manifest.json
    ~ tasks/reports/runtime/s12-stage-w/bakeoff_v6/P3/hot_idle_20s/state_trace.json
    ~ tasks/reports/runtime/s12-stage-w/bakeoff_v6/P3/idle_return/cpu_memory_latency.json
    ~ tasks/reports/runtime/s12-stage-w/bakeoff_v6/P3/idle_return/event_trace.json
    ~ tasks/reports/runtime/s12-stage-w/bakeoff_v6/P3/idle_return/gain_trace.json
    ~ tasks/reports/runtime/s12-stage-w/bakeoff_v6/P3/idle_return/metrics.json
    ~ tasks/reports/runtime/s12-stage-w/bakeoff_v6/P3/idle_return/path_trace.json
    ~ tasks/reports/runtime/s12-stage-w/bakeoff_v6/P3/idle_return/phase_trace.json
    ~ tasks/reports/runtime/s12-stage-w/bakeoff_v6/P3/idle_return/sha256_manifest.json
    ~ tasks/reports/runtime/s12-stage-w/bakeoff_v6/P3/idle_return/state_trace.json
    ~ tasks/reports/runtime/s12-stage-w/bakeoff_v6/P3/steady_1200rpm/cpu_memory_latency.json
    ~ tasks/reports/runtime/s12-stage-w/bakeoff_v6/P3/steady_1200rpm/event_trace.json
    ~ tasks/reports/runtime/s12-stage-w/bakeoff_v6/P3/steady_1200rpm/gain_trace.json
    ~ tasks/reports/runtime/s12-stage-w/bakeoff_v6/P3/steady_1200rpm/metrics.json
    ~ tasks/reports/runtime/s12-stage-w/bakeoff_v6/P3/steady_1200rpm/path_trace.json
    ~ tasks/reports/runtime/s12-stage-w/bakeoff_v6/P3/steady_1200rpm/phase_trace.json
    ~ tasks/reports/runtime/s12-stage-w/bakeoff_v6/P3/steady_1200rpm/sha256_manifest.json
    ~ tasks/reports/runtime/s12-stage-w/bakeoff_v6/P3/steady_1200rpm/state_trace.json
    ~ tasks/reports/runtime/s12-stage-w/bakeoff_v6/P3/steady_2000rpm/cpu_memory_latency.json
    ~ tasks/reports/runtime/s12-stage-w/bakeoff_v6/P3/steady_2000rpm/event_trace.json
    ~ tasks/reports/runtime/s12-stage-w/bakeoff_v6/P3/steady_2000rpm/gain_trace.json
    ~ tasks/reports/runtime/s12-stage-w/bakeoff_v6/P3/steady_2000rpm/metrics.json
    ~ tasks/reports/runtime/s12-stage-w/bakeoff_v6/P3/steady_2000rpm/path_trace.json
    ~ tasks/reports/runtime/s12-stage-w/bakeoff_v6/P3/steady_2000rpm/phase_trace.json
    ~ tasks/reports/runtime/s12-stage-w/bakeoff_v6/P3/steady_2000rpm/sha256_manifest.json
    ~ tasks/reports/runtime/s12-stage-w/bakeoff_v6/P3/steady_2000rpm/state_trace.json
    ~ tasks/reports/runtime/s12-stage-w/bakeoff_v6/P3/steady_3000rpm/cpu_memory_latency.json
    ~ tasks/reports/runtime/s12-stage-w/bakeoff_v6/P3/steady_3000rpm/event_trace.json
    ~ tasks/reports/runtime/s12-stage-w/bakeoff_v6/P3/steady_3000rpm/gain_trace.json
    ~ tasks/reports/runtime/s12-stage-w/bakeoff_v6/P3/steady_3000rpm/metrics.json
    ~ tasks/reports/runtime/s12-stage-w/bakeoff_v6/P3/steady_3000rpm/path_trace.json
    ~ tasks/reports/runtime/s12-stage-w/bakeoff_v6/P3/steady_3000rpm/phase_trace.json
    ~ tasks/reports/runtime/s12-stage-w/bakeoff_v6/P3/steady_3000rpm/sha256_manifest.json
    ~ tasks/reports/runtime/s12-stage-w/bakeoff_v6/P3/steady_3000rpm/state_trace.json
    ~ tasks/reports/runtime/s12-stage-w/bakeoff_v6/P3/throttle_tip_in/cpu_memory_latency.json
    ~ tasks/reports/runtime/s12-stage-w/bakeoff_v6/P3/throttle_tip_in/event_trace.json
    ~ tasks/reports/runtime/s12-stage-w/bakeoff_v6/P3/throttle_tip_in/gain_trace.json
    ~ tasks/reports/runtime/s12-stage-w/bakeoff_v6/P3/throttle_tip_in/metrics.json
    ~ tasks/reports/runtime/s12-stage-w/bakeoff_v6/P3/throttle_tip_in/path_trace.json
    ~ tasks/reports/runtime/s12-stage-w/bakeoff_v6/P3/throttle_tip_in/phase_trace.json
    ~ tasks/reports/runtime/s12-stage-w/bakeoff_v6/P3/throttle_tip_in/sha256_manifest.json
    ~ tasks/reports/runtime/s12-stage-w/bakeoff_v6/P3/throttle_tip_in/state_trace.json
    ~ tasks/reports/runtime/s12-stage-w/bakeoff_v6/P5/afterfire_eligible/cpu_memory_latency.json
    ~ tasks/reports/runtime/s12-stage-w/bakeoff_v6/P5/afterfire_eligible/event_trace.json
    ~ tasks/reports/runtime/s12-stage-w/bakeoff_v6/P5/afterfire_eligible/gain_trace.json
    ~ tasks/reports/runtime/s12-stage-w/bakeoff_v6/P5/afterfire_eligible/metrics.json
    ~ tasks/reports/runtime/s12-stage-w/bakeoff_v6/P5/afterfire_eligible/path_trace.json
    ~ tasks/reports/runtime/s12-stage-w/bakeoff_v6/P5/afterfire_eligible/phase_trace.json
    ~ tasks/reports/runtime/s12-stage-w/bakeoff_v6/P5/afterfire_eligible/sha256_manifest.json
    ~ tasks/reports/runtime/s12-stage-w/bakeoff_v6/P5/afterfire_eligible/state_trace.json
    ~ tasks/reports/runtime/s12-stage-w/bakeoff_v6/P5/afterfire_ineligible/cpu_memory_latency.json
    ~ tasks/reports/runtime/s12-stage-w/bakeoff_v6/P5/afterfire_ineligible/event_trace.json
    ~ tasks/reports/runtime/s12-stage-w/bakeoff_v6/P5/afterfire_ineligible/gain_trace.json
    ~ tasks/reports/runtime/s12-stage-w/bakeoff_v6/P5/afterfire_ineligible/metrics.json
    ~ tasks/reports/runtime/s12-stage-w/bakeoff_v6/P5/afterfire_ineligible/path_trace.json
    ~ tasks/reports/runtime/s12-stage-w/bakeoff_v6/P5/afterfire_ineligible/phase_trace.json
    ~ tasks/reports/runtime/s12-stage-w/bakeoff_v6/P5/afterfire_ineligible/sha256_manifest.json
    ~ tasks/reports/runtime/s12-stage-w/bakeoff_v6/P5/afterfire_ineligible/state_trace.json
    ~ tasks/reports/runtime/s12-stage-w/bakeoff_v6/P5/complete_cycle_60s/cpu_memory_latency.json
    ~ tasks/reports/runtime/s12-stage-w/bakeoff_v6/P5/complete_cycle_60s/event_trace.json
    ~ tasks/reports/runtime/s12-stage-w/bakeoff_v6/P5/complete_cycle_60s/gain_trace.json
    ~ tasks/reports/runtime/s12-stage-w/bakeoff_v6/P5/complete_cycle_60s/metrics.json
    ~ tasks/reports/runtime/s12-stage-w/bakeoff_v6/P5/complete_cycle_60s/path_trace.json
    ~ tasks/reports/runtime/s12-stage-w/bakeoff_v6/P5/complete_cycle_60s/phase_trace.json
    ~ tasks/reports/runtime/s12-stage-w/bakeoff_v6/P5/complete_cycle_60s/sha256_manifest.json
    ~ tasks/reports/runtime/s12-stage-w/bakeoff_v6/P5/complete_cycle_60s/state_trace.json
    ~ tasks/reports/runtime/s12-stage-w/bakeoff_v6/P5/full_load_acceleration/cpu_memory_latency.json
    ~ tasks/reports/runtime/s12-stage-w/bakeoff_v6/P5/full_load_acceleration/event_trace.json
    ~ tasks/reports/runtime/s12-stage-w/bakeoff_v6/P5/full_load_acceleration/gain_trace.json
    ~ tasks/reports/runtime/s12-stage-w/bakeoff_v6/P5/full_load_acceleration/metrics.json
    ~ tasks/reports/runtime/s12-stage-w/bakeoff_v6/P5/full_load_acceleration/path_trace.json
    ~ tasks/reports/runtime/s12-stage-w/bakeoff_v6/P5/full_load_acceleration/phase_trace.json
    ~ tasks/reports/runtime/s12-stage-w/bakeoff_v6/P5/full_load_acceleration/sha256_manifest.json
    ~ tasks/reports/runtime/s12-stage-w/bakeoff_v6/P5/full_load_acceleration/state_trace.json
    ~ tasks/reports/runtime/s12-stage-w/bakeoff_v6/P5/gear_shift/cpu_memory_latency.json
    ~ tasks/reports/runtime/s12-stage-w/bakeoff_v6/P5/gear_shift/event_trace.json
    ~ tasks/reports/runtime/s12-stage-w/bakeoff_v6/P5/gear_shift/gain_trace.json
    ~ tasks/reports/runtime/s12-stage-w/bakeoff_v6/P5/gear_shift/metrics.json
    ~ tasks/reports/runtime/s12-stage-w/bakeoff_v6/P5/gear_shift/path_trace.json
    ~ tasks/reports/runtime/s12-stage-w/bakeoff_v6/P5/gear_shift/phase_trace.json
    ~ tasks/reports/runtime/s12-stage-w/bakeoff_v6/P5/gear_shift/sha256_manifest.json
    ~ tasks/reports/runtime/s12-stage-w/bakeoff_v6/P5/gear_shift/state_trace.json
    ~ tasks/reports/runtime/s12-stage-w/bakeoff_v6/P5/high_rpm_lift/cpu_memory_latency.json
    ~ tasks/reports/runtime/s12-stage-w/bakeoff_v6/P5/high_rpm_lift/event_trace.json
    ~ tasks/reports/runtime/s12-stage-w/bakeoff_v6/P5/high_rpm_lift/gain_trace.json
    ~ tasks/reports/runtime/s12-stage-w/bakeoff_v6/P5/high_rpm_lift/metrics.json
    ~ tasks/reports/runtime/s12-stage-w/bakeoff_v6/P5/high_rpm_lift/path_trace.json
    ~ tasks/reports/runtime/s12-stage-w/bakeoff_v6/P5/high_rpm_lift/phase_trace.json
    ~ tasks/reports/runtime/s12-stage-w/bakeoff_v6/P5/high_rpm_lift/sha256_manifest.json
    ~ tasks/reports/runtime/s12-stage-w/bakeoff_v6/P5/high_rpm_lift/state_trace.json
    ~ tasks/reports/runtime/s12-stage-w/bakeoff_v6/P5/hot_idle_20s/cpu_memory_latency.json
    ~ tasks/reports/runtime/s12-stage-w/bakeoff_v6/P5/hot_idle_20s/event_trace.json
    ~ tasks/reports/runtime/s12-stage-w/bakeoff_v6/P5/hot_idle_20s/gain_trace.json
    ~ tasks/reports/runtime/s12-stage-w/bakeoff_v6/P5/hot_idle_20s/metrics.json
    ~ tasks/reports/runtime/s12-stage-w/bakeoff_v6/P5/hot_idle_20s/path_trace.json
    ~ tasks/reports/runtime/s12-stage-w/bakeoff_v6/P5/hot_idle_20s/phase_trace.json
    ~ tasks/reports/runtime/s12-stage-w/bakeoff_v6/P5/hot_idle_20s/sha256_manifest.json
    ~ tasks/reports/runtime/s12-stage-w/bakeoff_v6/P5/hot_idle_20s/state_trace.json
    ~ tasks/reports/runtime/s12-stage-w/bakeoff_v6/P5/idle_return/cpu_memory_latency.json
    ~ tasks/reports/runtime/s12-stage-w/bakeoff_v6/P5/idle_return/event_trace.json
    ~ tasks/reports/runtime/s12-stage-w/bakeoff_v6/P5/idle_return/gain_trace.json
    ~ tasks/reports/runtime/s12-stage-w/bakeoff_v6/P5/idle_return/metrics.json
    ~ tasks/reports/runtime/s12-stage-w/bakeoff_v6/P5/idle_return/path_trace.json
    ~ tasks/reports/runtime/s12-stage-w/bakeoff_v6/P5/idle_return/phase_trace.json
    ~ tasks/reports/runtime/s12-stage-w/bakeoff_v6/P5/idle_return/sha256_manifest.json
    ~ tasks/reports/runtime/s12-stage-w/bakeoff_v6/P5/idle_return/state_trace.json
    ~ tasks/reports/runtime/s12-stage-w/bakeoff_v6/P5/steady_1200rpm/cpu_memory_latency.json
    ~ tasks/reports/runtime/s12-stage-w/bakeoff_v6/P5/steady_1200rpm/event_trace.json
    ~ tasks/reports/runtime/s12-stage-w/bakeoff_v6/P5/steady_1200rpm/gain_trace.json
    ~ tasks/reports/runtime/s12-stage-w/bakeoff_v6/P5/steady_1200rpm/metrics.json
    ~ tasks/reports/runtime/s12-stage-w/bakeoff_v6/P5/steady_1200rpm/path_trace.json
    ~ tasks/reports/runtime/s12-stage-w/bakeoff_v6/P5/steady_1200rpm/phase_trace.json
    ~ tasks/reports/runtime/s12-stage-w/bakeoff_v6/P5/steady_1200rpm/sha256_manifest.json
    ~ tasks/reports/runtime/s12-stage-w/bakeoff_v6/P5/steady_1200rpm/state_trace.json
    ~ tasks/reports/runtime/s12-stage-w/bakeoff_v6/P5/steady_2000rpm/cpu_memory_latency.json
    ~ tasks/reports/runtime/s12-stage-w/bakeoff_v6/P5/steady_2000rpm/event_trace.json
    ~ tasks/reports/runtime/s12-stage-w/bakeoff_v6/P5/steady_2000rpm/gain_trace.json
    ~ tasks/reports/runtime/s12-stage-w/bakeoff_v6/P5/steady_2000rpm/metrics.json
    ~ tasks/reports/runtime/s12-stage-w/bakeoff_v6/P5/steady_2000rpm/path_trace.json
    ~ tasks/reports/runtime/s12-stage-w/bakeoff_v6/P5/steady_2000rpm/phase_trace.json
    ~ tasks/reports/runtime/s12-stage-w/bakeoff_v6/P5/steady_2000rpm/sha256_manifest.json
    ~ tasks/reports/runtime/s12-stage-w/bakeoff_v6/P5/steady_2000rpm/state_trace.json
    ~ tasks/reports/runtime/s12-stage-w/bakeoff_v6/P5/steady_3000rpm/cpu_memory_latency.json
    ~ tasks/reports/runtime/s12-stage-w/bakeoff_v6/P5/steady_3000rpm/event_trace.json
    ~ tasks/reports/runtime/s12-stage-w/bakeoff_v6/P5/steady_3000rpm/gain_trace.json
    ~ tasks/reports/runtime/s12-stage-w/bakeoff_v6/P5/steady_3000rpm/metrics.json
    ~ tasks/reports/runtime/s12-stage-w/bakeoff_v6/P5/steady_3000rpm/path_trace.json
    ~ tasks/reports/runtime/s12-stage-w/bakeoff_v6/P5/steady_3000rpm/phase_trace.json
    ~ tasks/reports/runtime/s12-stage-w/bakeoff_v6/P5/steady_3000rpm/sha256_manifest.json
    ~ tasks/reports/runtime/s12-stage-w/bakeoff_v6/P5/steady_3000rpm/state_trace.json
    ~ tasks/reports/runtime/s12-stage-w/bakeoff_v6/P5/throttle_tip_in/cpu_memory_latency.json
    ~ tasks/reports/runtime/s12-stage-w/bakeoff_v6/P5/throttle_tip_in/event_trace.json
    ~ tasks/reports/runtime/s12-stage-w/bakeoff_v6/P5/throttle_tip_in/gain_trace.json
    ~ tasks/reports/runtime/s12-stage-w/bakeoff_v6/P5/throttle_tip_in/metrics.json
    ~ tasks/reports/runtime/s12-stage-w/bakeoff_v6/P5/throttle_tip_in/path_trace.json
    ~ tasks/reports/runtime/s12-stage-w/bakeoff_v6/P5/throttle_tip_in/phase_trace.json
    ~ tasks/reports/runtime/s12-stage-w/bakeoff_v6/P5/throttle_tip_in/sha256_manifest.json
    ~ tasks/reports/runtime/s12-stage-w/bakeoff_v6/P5/throttle_tip_in/state_trace.json
    ~ tasks/reports/runtime/s12-stage-w/bakeoff_v6/bakeoff_manifest.json
    ~ tasks/reports/runtime/s12-stage-w/bakeoff_v6/bakeoff_results.json
    ~ tasks/reports/runtime/s12-stage-w/bakeoff_v6/rejected_architectures.json
    ~ tasks/reports/runtime/s12-stage-w/bakeoff_v6/selected_architecture.json
    ~ tasks/reports/runtime/s12-stage-w/blockers/README.md
    ~ tasks/reports/runtime/s12-stage-w/checkpoints/README.md
    ~ tasks/reports/runtime/s12-stage-w/ensim4_teacher_response_receipt.json
    ~ tasks/reports/runtime/s12-stage-w/execution_state.json
    ~ tasks/reports/runtime/s12-stage-w/license_receipts.json
    ~ tasks/reports/runtime/s12-stage-w/logs/README.md
    ~ tasks/reports/runtime/s12-stage-w/logs/bakeoff_final_remediation_v1.stderr.log
    ~ tasks/reports/runtime/s12-stage-w/logs/bakeoff_final_remediation_v1.stdout.log
    ~ tasks/reports/runtime/s12-stage-w/logs/bakeoff_final_remediation_v10.stderr.log
    ~ tasks/reports/runtime/s12-stage-w/logs/bakeoff_final_remediation_v10.stdout.log
    ~ tasks/reports/runtime/s12-stage-w/logs/bakeoff_final_remediation_v3.stderr.log
    ~ tasks/reports/runtime/s12-stage-w/logs/bakeoff_final_remediation_v3.stdout.log
    ~ tasks/reports/runtime/s12-stage-w/logs/bakeoff_final_remediation_v4.stderr.log
    ~ tasks/reports/runtime/s12-stage-w/logs/bakeoff_final_remediation_v4.stdout.log
    ~ tasks/reports/runtime/s12-stage-w/logs/bakeoff_final_remediation_v5.stderr.log
    ~ tasks/reports/runtime/s12-stage-w/logs/bakeoff_final_remediation_v5.stdout.log
    ~ tasks/reports/runtime/s12-stage-w/logs/bakeoff_final_remediation_v6.stderr.log
    ~ tasks/reports/runtime/s12-stage-w/logs/bakeoff_final_remediation_v6.stdout.log
    ~ tasks/reports/runtime/s12-stage-w/logs/bakeoff_final_remediation_v7.stderr.log
    ~ tasks/reports/runtime/s12-stage-w/logs/bakeoff_final_remediation_v7.stdout.log
    ~ tasks/reports/runtime/s12-stage-w/logs/bakeoff_final_remediation_v8.stderr.log
    ~ tasks/reports/runtime/s12-stage-w/logs/bakeoff_final_remediation_v8.stdout.log
    ~ tasks/reports/runtime/s12-stage-w/logs/bakeoff_final_remediation_v9.stderr.log
    ~ tasks/reports/runtime/s12-stage-w/logs/bakeoff_final_remediation_v9.stdout.log
    ~ tasks/reports/runtime/s12-stage-w/logs/bakeoff_long_v1.stderr.log
    ~ tasks/reports/runtime/s12-stage-w/logs/bakeoff_long_v1.stdout.log
    ~ tasks/reports/runtime/s12-stage-w/logs/bakeoff_long_v2.stderr.log
    ~ tasks/reports/runtime/s12-stage-w/logs/bakeoff_long_v2.stdout.log
    ~ tasks/reports/runtime/s12-stage-w/logs/compileall_final.stdout.log
    ~ tasks/reports/runtime/s12-stage-w/logs/final_gate_check.stdout.log
    ~ tasks/reports/runtime/s12-stage-w/logs/full_s12_regression_b9a1111.json
    ~ tasks/reports/runtime/s12-stage-w/logs/full_s12_regression_final.stdout.log
    ~ tasks/reports/runtime/s12-stage-w/logs/migration_final_remediation_ferrari_v1.stdout.log
    ~ tasks/reports/runtime/s12-stage-w/logs/migration_final_remediation_ferrari_v10.stderr.log
    ~ tasks/reports/runtime/s12-stage-w/logs/migration_final_remediation_ferrari_v10.stdout.log
    ~ tasks/reports/runtime/s12-stage-w/logs/migration_final_remediation_ferrari_v11.stderr.log
    ~ tasks/reports/runtime/s12-stage-w/logs/migration_final_remediation_ferrari_v11.stdout.log
    ~ tasks/reports/runtime/s12-stage-w/logs/migration_final_remediation_ferrari_v2.stdout.log
    ~ tasks/reports/runtime/s12-stage-w/logs/migration_final_remediation_ferrari_v3.stdout.log
    ~ tasks/reports/runtime/s12-stage-w/logs/migration_final_remediation_ferrari_v4.stderr.log
    ~ tasks/reports/runtime/s12-stage-w/logs/migration_final_remediation_ferrari_v4.stdout.log
    ~ tasks/reports/runtime/s12-stage-w/logs/migration_final_remediation_ferrari_v5.stderr.log
    ~ tasks/reports/runtime/s12-stage-w/logs/migration_final_remediation_ferrari_v5.stdout.log
    ~ tasks/reports/runtime/s12-stage-w/logs/migration_final_remediation_ferrari_v6.stderr.log
    ~ tasks/reports/runtime/s12-stage-w/logs/migration_final_remediation_ferrari_v6.stdout.log
    ~ tasks/reports/runtime/s12-stage-w/logs/migration_final_remediation_ferrari_v7.stderr.log
    ~ tasks/reports/runtime/s12-stage-w/logs/migration_final_remediation_ferrari_v7.stdout.log
    ~ tasks/reports/runtime/s12-stage-w/logs/migration_final_remediation_ferrari_v8.stderr.log
    ~ tasks/reports/runtime/s12-stage-w/logs/migration_final_remediation_ferrari_v8.stdout.log
    ~ tasks/reports/runtime/s12-stage-w/logs/migration_final_remediation_ferrari_v9.stderr.log
    ~ tasks/reports/runtime/s12-stage-w/logs/migration_final_remediation_ferrari_v9.stdout.log
    ~ tasks/reports/runtime/s12-stage-w/logs/migration_final_remediation_rx7_v1.stdout.log
    ~ tasks/reports/runtime/s12-stage-w/logs/migration_final_remediation_rx7_v10.stderr.log
    ~ tasks/reports/runtime/s12-stage-w/logs/migration_final_remediation_rx7_v10.stdout.log
    ~ tasks/reports/runtime/s12-stage-w/logs/migration_final_remediation_rx7_v3.stderr.log
    ~ tasks/reports/runtime/s12-stage-w/logs/migration_final_remediation_rx7_v3.stdout.log
    ~ tasks/reports/runtime/s12-stage-w/logs/migration_final_remediation_rx7_v4.stderr.log
    ~ tasks/reports/runtime/s12-stage-w/logs/migration_final_remediation_rx7_v4.stdout.log
    ~ tasks/reports/runtime/s12-stage-w/logs/migration_final_remediation_rx7_v5.stderr.log
    ~ tasks/reports/runtime/s12-stage-w/logs/migration_final_remediation_rx7_v5.stdout.log
    ~ tasks/reports/runtime/s12-stage-w/logs/migration_final_remediation_rx7_v6.stderr.log
    ~ tasks/reports/runtime/s12-stage-w/logs/migration_final_remediation_rx7_v6.stdout.log
    ~ tasks/reports/runtime/s12-stage-w/logs/migration_final_remediation_rx7_v7.stderr.log
    ~ tasks/reports/runtime/s12-stage-w/logs/migration_final_remediation_rx7_v7.stdout.log
    ~ tasks/reports/runtime/s12-stage-w/logs/migration_final_remediation_rx7_v8.stderr.log
    ~ tasks/reports/runtime/s12-stage-w/logs/migration_final_remediation_rx7_v8.stdout.log
    ~ tasks/reports/runtime/s12-stage-w/logs/migration_final_remediation_rx7_v9.stderr.log
    ~ tasks/reports/runtime/s12-stage-w/logs/migration_final_remediation_rx7_v9.stdout.log
    ~ tasks/reports/runtime/s12-stage-w/logs/slow_3000_current.json
    ~ tasks/reports/runtime/s12-stage-w/logs/slow_3000_current.stderr.log
    ~ tasks/reports/runtime/s12-stage-w/logs/slow_3000_current.stdout.log
    ~ tasks/reports/runtime/s12-stage-w/logs/slow_3000_final.stdout.log
    ~ tasks/reports/runtime/s12-stage-w/logs/stage_v_focused_addendum2_current.stderr.log
    ~ tasks/reports/runtime/s12-stage-w/logs/stage_v_focused_addendum2_current.stdout.log
    ~ tasks/reports/runtime/s12-stage-w/logs/stage_v_focused_addendum3_current.stderr.log
    ~ tasks/reports/runtime/s12-stage-w/logs/stage_v_focused_addendum3_current.stdout.log
    ~ tasks/reports/runtime/s12-stage-w/logs/stage_v_focused_final.stdout.log
    ~ tasks/reports/runtime/s12-stage-w/logs/stage_v_focused_task4_addendum3_final.stderr.log
    ~ tasks/reports/runtime/s12-stage-w/logs/stage_v_focused_task4_addendum3_final.stdout.log
    ~ tasks/reports/runtime/s12-stage-w/logs/stage_v_focused_task4_current.stderr.log
    ~ tasks/reports/runtime/s12-stage-w/logs/stage_v_focused_task4_current.stdout.log
    ~ tasks/reports/runtime/s12-stage-w/logs/stage_w_focused_addendum2.stderr.log
    ~ tasks/reports/runtime/s12-stage-w/logs/stage_w_focused_addendum2.stdout.log
    ~ tasks/reports/runtime/s12-stage-w/logs/stage_w_focused_addendum3_current.stderr.log
    ~ tasks/reports/runtime/s12-stage-w/logs/stage_w_focused_addendum3_current.stdout.log
    ~ tasks/reports/runtime/s12-stage-w/logs/stage_w_focused_current.stderr.log
    ~ tasks/reports/runtime/s12-stage-w/logs/stage_w_focused_current.stdout.log
    ~ tasks/reports/runtime/s12-stage-w/logs/stage_w_focused_final.stdout.log
    ~ tasks/reports/runtime/s12-stage-w/logs/stage_w_focused_repair1.stderr.log
    ~ tasks/reports/runtime/s12-stage-w/logs/stage_w_focused_repair1.stdout.log
    ~ tasks/reports/runtime/s12-stage-w/logs/stage_w_focused_task4_addendum3_current.stderr.log
    ~ tasks/reports/runtime/s12-stage-w/logs/stage_w_focused_task4_addendum3_current.stdout.log
    ~ tasks/reports/runtime/s12-stage-w/logs/stage_w_focused_task4_current.stderr.log
    ~ tasks/reports/runtime/s12-stage-w/logs/stage_w_focused_task4_current.stdout.log
    ~ tasks/reports/runtime/s12-stage-w/logs/track_p_guard_addendum2_pass_v1.stdout.log
    ~ tasks/reports/runtime/s12-stage-w/logs/track_p_guard_addendum3_source.stdout.log
    ~ tasks/reports/runtime/s12-stage-w/logs/track_p_guard_addendum4_final_head.stdout.log
    ~ tasks/reports/runtime/s12-stage-w/logs/track_p_guard_addendum4_final_metadata.stdout.log
    ~ tasks/reports/runtime/s12-stage-w/logs/track_p_guard_addendum4_source.stdout.log
    ~ tasks/reports/runtime/s12-stage-w/logs/track_p_guard_b9a1111.json
    ~ tasks/reports/runtime/s12-stage-w/logs/track_p_guard_final.stdout.log
    ~ tasks/reports/runtime/s12-stage-w/logs/track_p_guard_final_metadata.stdout.log
    ~ tasks/reports/runtime/s12-stage-w/logs/track_p_guard_final_metadata_v2.stdout.log
    ~ tasks/reports/runtime/s12-stage-w/logs/track_p_guard_final_pass_v2.stdout.log
    ~ tasks/reports/runtime/s12-stage-w/logs/track_p_guard_final_pass_v3.stdout.log
    ~ tasks/reports/runtime/s12-stage-w/logs/track_p_guard_pre_fix_failure.stdout.log
    ~ tasks/reports/runtime/s12-stage-w/logs/track_p_guard_second_final_head.stdout.log
    ~ tasks/reports/runtime/s12-stage-w/logs/track_p_guard_second_final_metadata.stdout.log
    ~ tasks/reports/runtime/s12-stage-w/logs/track_p_guard_task4_addendum2_final.stdout.log
    ~ tasks/reports/runtime/s12-stage-w/logs/track_p_guard_task4_addendum2_final_head.stdout.log
    ~ tasks/reports/runtime/s12-stage-w/logs/track_p_guard_task4_addendum2_source.stdout.log
    ~ tasks/reports/runtime/s12-stage-w/logs/track_p_guard_task4_addendum3_source_current.stdout.log
    ~ tasks/reports/runtime/s12-stage-w/logs/track_p_guard_task4_addendum_source.stdout.log
    ~ tasks/reports/runtime/s12-stage-w/logs/track_p_guard_task4_final_metadata.stdout.log
    ~ tasks/reports/runtime/s12-stage-w/logs/track_p_guard_task4_final_receipt_v2.stdout.log
    ~ tasks/reports/runtime/s12-stage-w/logs/track_p_guard_task4_final_source_v2.stdout.log
    ~ tasks/reports/runtime/s12-stage-w/logs/track_p_guard_task4_source.stdout.log
    ~ tasks/reports/runtime/s12-stage-w/logs/track_p_guard_task4_v2_final.stdout.log
    ~ tasks/reports/runtime/s12-stage-w/logs/track_p_guard_third_final_metadata.stdout.log
    ~ tasks/reports/runtime/s12-stage-w/migration_v3/ferrari_458/P1/complete_cycle/cpu_memory_latency.json
    ~ tasks/reports/runtime/s12-stage-w/migration_v3/ferrari_458/P1/complete_cycle/event_trace.json
    ~ tasks/reports/runtime/s12-stage-w/migration_v3/ferrari_458/P1/complete_cycle/gain_trace.json
    ~ tasks/reports/runtime/s12-stage-w/migration_v3/ferrari_458/P1/complete_cycle/metrics.json
    ~ tasks/reports/runtime/s12-stage-w/migration_v3/ferrari_458/P1/complete_cycle/path_trace.json
    ~ tasks/reports/runtime/s12-stage-w/migration_v3/ferrari_458/P1/complete_cycle/phase_trace.json
    ~ tasks/reports/runtime/s12-stage-w/migration_v3/ferrari_458/P1/complete_cycle/sha256_manifest.json
    ~ tasks/reports/runtime/s12-stage-w/migration_v3/ferrari_458/P1/complete_cycle/state_trace.json
    ~ tasks/reports/runtime/s12-stage-w/migration_v3/ferrari_458/P1/full_pull/cpu_memory_latency.json
    ~ tasks/reports/runtime/s12-stage-w/migration_v3/ferrari_458/P1/full_pull/event_trace.json
    ~ tasks/reports/runtime/s12-stage-w/migration_v3/ferrari_458/P1/full_pull/gain_trace.json
    ~ tasks/reports/runtime/s12-stage-w/migration_v3/ferrari_458/P1/full_pull/metrics.json
    ~ tasks/reports/runtime/s12-stage-w/migration_v3/ferrari_458/P1/full_pull/path_trace.json
    ~ tasks/reports/runtime/s12-stage-w/migration_v3/ferrari_458/P1/full_pull/phase_trace.json
    ~ tasks/reports/runtime/s12-stage-w/migration_v3/ferrari_458/P1/full_pull/sha256_manifest.json
    ~ tasks/reports/runtime/s12-stage-w/migration_v3/ferrari_458/P1/full_pull/state_trace.json
    ~ tasks/reports/runtime/s12-stage-w/migration_v3/ferrari_458/P1/hot_idle/cpu_memory_latency.json
    ~ tasks/reports/runtime/s12-stage-w/migration_v3/ferrari_458/P1/hot_idle/event_trace.json
    ~ tasks/reports/runtime/s12-stage-w/migration_v3/ferrari_458/P1/hot_idle/gain_trace.json
    ~ tasks/reports/runtime/s12-stage-w/migration_v3/ferrari_458/P1/hot_idle/metrics.json
    ~ tasks/reports/runtime/s12-stage-w/migration_v3/ferrari_458/P1/hot_idle/path_trace.json
    ~ tasks/reports/runtime/s12-stage-w/migration_v3/ferrari_458/P1/hot_idle/phase_trace.json
    ~ tasks/reports/runtime/s12-stage-w/migration_v3/ferrari_458/P1/hot_idle/sha256_manifest.json
    ~ tasks/reports/runtime/s12-stage-w/migration_v3/ferrari_458/P1/hot_idle/state_trace.json
    ~ tasks/reports/runtime/s12-stage-w/migration_v3/ferrari_458/P1/lift/cpu_memory_latency.json
    ~ tasks/reports/runtime/s12-stage-w/migration_v3/ferrari_458/P1/lift/event_trace.json
    ~ tasks/reports/runtime/s12-stage-w/migration_v3/ferrari_458/P1/lift/gain_trace.json
    ~ tasks/reports/runtime/s12-stage-w/migration_v3/ferrari_458/P1/lift/metrics.json
    ~ tasks/reports/runtime/s12-stage-w/migration_v3/ferrari_458/P1/lift/path_trace.json
    ~ tasks/reports/runtime/s12-stage-w/migration_v3/ferrari_458/P1/lift/phase_trace.json
    ~ tasks/reports/runtime/s12-stage-w/migration_v3/ferrari_458/P1/lift/sha256_manifest.json
    ~ tasks/reports/runtime/s12-stage-w/migration_v3/ferrari_458/P1/lift/state_trace.json
    ~ tasks/reports/runtime/s12-stage-w/migration_v3/ferrari_458/P1/steady_mid/cpu_memory_latency.json
    ~ tasks/reports/runtime/s12-stage-w/migration_v3/ferrari_458/P1/steady_mid/event_trace.json
    ~ tasks/reports/runtime/s12-stage-w/migration_v3/ferrari_458/P1/steady_mid/gain_trace.json
    ~ tasks/reports/runtime/s12-stage-w/migration_v3/ferrari_458/P1/steady_mid/metrics.json
    ~ tasks/reports/runtime/s12-stage-w/migration_v3/ferrari_458/P1/steady_mid/path_trace.json
    ~ tasks/reports/runtime/s12-stage-w/migration_v3/ferrari_458/P1/steady_mid/phase_trace.json
    ~ tasks/reports/runtime/s12-stage-w/migration_v3/ferrari_458/P1/steady_mid/sha256_manifest.json
    ~ tasks/reports/runtime/s12-stage-w/migration_v3/ferrari_458/P1/steady_mid/state_trace.json
    ~ tasks/reports/runtime/s12-stage-w/migration_v3/ferrari_458/P2H/complete_cycle/cpu_memory_latency.json
    ~ tasks/reports/runtime/s12-stage-w/migration_v3/ferrari_458/P2H/complete_cycle/event_trace.json
    ~ tasks/reports/runtime/s12-stage-w/migration_v3/ferrari_458/P2H/complete_cycle/gain_trace.json
    ~ tasks/reports/runtime/s12-stage-w/migration_v3/ferrari_458/P2H/complete_cycle/metrics.json
    ~ tasks/reports/runtime/s12-stage-w/migration_v3/ferrari_458/P2H/complete_cycle/path_trace.json
    ~ tasks/reports/runtime/s12-stage-w/migration_v3/ferrari_458/P2H/complete_cycle/phase_trace.json
    ~ tasks/reports/runtime/s12-stage-w/migration_v3/ferrari_458/P2H/complete_cycle/sha256_manifest.json
    ~ tasks/reports/runtime/s12-stage-w/migration_v3/ferrari_458/P2H/complete_cycle/state_trace.json
    ~ tasks/reports/runtime/s12-stage-w/migration_v3/ferrari_458/P2H/full_pull/cpu_memory_latency.json
    ~ tasks/reports/runtime/s12-stage-w/migration_v3/ferrari_458/P2H/full_pull/event_trace.json
    ~ tasks/reports/runtime/s12-stage-w/migration_v3/ferrari_458/P2H/full_pull/gain_trace.json
    ~ tasks/reports/runtime/s12-stage-w/migration_v3/ferrari_458/P2H/full_pull/metrics.json
    ~ tasks/reports/runtime/s12-stage-w/migration_v3/ferrari_458/P2H/full_pull/path_trace.json
    ~ tasks/reports/runtime/s12-stage-w/migration_v3/ferrari_458/P2H/full_pull/phase_trace.json
    ~ tasks/reports/runtime/s12-stage-w/migration_v3/ferrari_458/P2H/full_pull/sha256_manifest.json
    ~ tasks/reports/runtime/s12-stage-w/migration_v3/ferrari_458/P2H/full_pull/state_trace.json
    ~ tasks/reports/runtime/s12-stage-w/migration_v3/ferrari_458/P2H/hot_idle/cpu_memory_latency.json
    ~ tasks/reports/runtime/s12-stage-w/migration_v3/ferrari_458/P2H/hot_idle/event_trace.json
    ~ tasks/reports/runtime/s12-stage-w/migration_v3/ferrari_458/P2H/hot_idle/gain_trace.json
    ~ tasks/reports/runtime/s12-stage-w/migration_v3/ferrari_458/P2H/hot_idle/metrics.json
    ~ tasks/reports/runtime/s12-stage-w/migration_v3/ferrari_458/P2H/hot_idle/path_trace.json
    ~ tasks/reports/runtime/s12-stage-w/migration_v3/ferrari_458/P2H/hot_idle/phase_trace.json
    ~ tasks/reports/runtime/s12-stage-w/migration_v3/ferrari_458/P2H/hot_idle/sha256_manifest.json
    ~ tasks/reports/runtime/s12-stage-w/migration_v3/ferrari_458/P2H/hot_idle/state_trace.json
    ~ tasks/reports/runtime/s12-stage-w/migration_v3/ferrari_458/P2H/lift/cpu_memory_latency.json
    ~ tasks/reports/runtime/s12-stage-w/migration_v3/ferrari_458/P2H/lift/event_trace.json
    ~ tasks/reports/runtime/s12-stage-w/migration_v3/ferrari_458/P2H/lift/gain_trace.json
    ~ tasks/reports/runtime/s12-stage-w/migration_v3/ferrari_458/P2H/lift/metrics.json
    ~ tasks/reports/runtime/s12-stage-w/migration_v3/ferrari_458/P2H/lift/path_trace.json
    ~ tasks/reports/runtime/s12-stage-w/migration_v3/ferrari_458/P2H/lift/phase_trace.json
    ~ tasks/reports/runtime/s12-stage-w/migration_v3/ferrari_458/P2H/lift/sha256_manifest.json
    ~ tasks/reports/runtime/s12-stage-w/migration_v3/ferrari_458/P2H/lift/state_trace.json
    ~ tasks/reports/runtime/s12-stage-w/migration_v3/ferrari_458/P2H/steady_mid/cpu_memory_latency.json
    ~ tasks/reports/runtime/s12-stage-w/migration_v3/ferrari_458/P2H/steady_mid/event_trace.json
    ~ tasks/reports/runtime/s12-stage-w/migration_v3/ferrari_458/P2H/steady_mid/gain_trace.json
    ~ tasks/reports/runtime/s12-stage-w/migration_v3/ferrari_458/P2H/steady_mid/metrics.json
    ~ tasks/reports/runtime/s12-stage-w/migration_v3/ferrari_458/P2H/steady_mid/path_trace.json
    ~ tasks/reports/runtime/s12-stage-w/migration_v3/ferrari_458/P2H/steady_mid/phase_trace.json
    ~ tasks/reports/runtime/s12-stage-w/migration_v3/ferrari_458/P2H/steady_mid/sha256_manifest.json
    ~ tasks/reports/runtime/s12-stage-w/migration_v3/ferrari_458/P2H/steady_mid/state_trace.json
    ~ tasks/reports/runtime/s12-stage-w/migration_v3/ferrari_458/P3/complete_cycle/cpu_memory_latency.json
    ~ tasks/reports/runtime/s12-stage-w/migration_v3/ferrari_458/P3/complete_cycle/event_trace.json
    ~ tasks/reports/runtime/s12-stage-w/migration_v3/ferrari_458/P3/complete_cycle/gain_trace.json
    ~ tasks/reports/runtime/s12-stage-w/migration_v3/ferrari_458/P3/complete_cycle/metrics.json
    ~ tasks/reports/runtime/s12-stage-w/migration_v3/ferrari_458/P3/complete_cycle/path_trace.json
    ~ tasks/reports/runtime/s12-stage-w/migration_v3/ferrari_458/P3/complete_cycle/phase_trace.json
    ~ tasks/reports/runtime/s12-stage-w/migration_v3/ferrari_458/P3/complete_cycle/sha256_manifest.json
    ~ tasks/reports/runtime/s12-stage-w/migration_v3/ferrari_458/P3/complete_cycle/state_trace.json
    ~ tasks/reports/runtime/s12-stage-w/migration_v3/ferrari_458/P3/full_pull/cpu_memory_latency.json
    ~ tasks/reports/runtime/s12-stage-w/migration_v3/ferrari_458/P3/full_pull/event_trace.json
    ~ tasks/reports/runtime/s12-stage-w/migration_v3/ferrari_458/P3/full_pull/gain_trace.json
    ~ tasks/reports/runtime/s12-stage-w/migration_v3/ferrari_458/P3/full_pull/metrics.json
    ~ tasks/reports/runtime/s12-stage-w/migration_v3/ferrari_458/P3/full_pull/path_trace.json
    ~ tasks/reports/runtime/s12-stage-w/migration_v3/ferrari_458/P3/full_pull/phase_trace.json
    ~ tasks/reports/runtime/s12-stage-w/migration_v3/ferrari_458/P3/full_pull/sha256_manifest.json
    ~ tasks/reports/runtime/s12-stage-w/migration_v3/ferrari_458/P3/full_pull/state_trace.json
    ~ tasks/reports/runtime/s12-stage-w/migration_v3/ferrari_458/P3/hot_idle/cpu_memory_latency.json
    ~ tasks/reports/runtime/s12-stage-w/migration_v3/ferrari_458/P3/hot_idle/event_trace.json
    ~ tasks/reports/runtime/s12-stage-w/migration_v3/ferrari_458/P3/hot_idle/gain_trace.json
    ~ tasks/reports/runtime/s12-stage-w/migration_v3/ferrari_458/P3/hot_idle/metrics.json
    ~ tasks/reports/runtime/s12-stage-w/migration_v3/ferrari_458/P3/hot_idle/path_trace.json
    ~ tasks/reports/runtime/s12-stage-w/migration_v3/ferrari_458/P3/hot_idle/phase_trace.json
    ~ tasks/reports/runtime/s12-stage-w/migration_v3/ferrari_458/P3/hot_idle/sha256_manifest.json
    ~ tasks/reports/runtime/s12-stage-w/migration_v3/ferrari_458/P3/hot_idle/state_trace.json
    ~ tasks/reports/runtime/s12-stage-w/migration_v3/ferrari_458/P3/lift/cpu_memory_latency.json
    ~ tasks/reports/runtime/s12-stage-w/migration_v3/ferrari_458/P3/lift/event_trace.json
    ~ tasks/reports/runtime/s12-stage-w/migration_v3/ferrari_458/P3/lift/gain_trace.json
    ~ tasks/reports/runtime/s12-stage-w/migration_v3/ferrari_458/P3/lift/metrics.json
    ~ tasks/reports/runtime/s12-stage-w/migration_v3/ferrari_458/P3/lift/path_trace.json
    ~ tasks/reports/runtime/s12-stage-w/migration_v3/ferrari_458/P3/lift/phase_trace.json
    ~ tasks/reports/runtime/s12-stage-w/migration_v3/ferrari_458/P3/lift/sha256_manifest.json
    ~ tasks/reports/runtime/s12-stage-w/migration_v3/ferrari_458/P3/lift/state_trace.json
    ~ tasks/reports/runtime/s12-stage-w/migration_v3/ferrari_458/P3/steady_mid/cpu_memory_latency.json
    ~ tasks/reports/runtime/s12-stage-w/migration_v3/ferrari_458/P3/steady_mid/event_trace.json
    ~ tasks/reports/runtime/s12-stage-w/migration_v3/ferrari_458/P3/steady_mid/gain_trace.json
    ~ tasks/reports/runtime/s12-stage-w/migration_v3/ferrari_458/P3/steady_mid/metrics.json
    ~ tasks/reports/runtime/s12-stage-w/migration_v3/ferrari_458/P3/steady_mid/path_trace.json
    ~ tasks/reports/runtime/s12-stage-w/migration_v3/ferrari_458/P3/steady_mid/phase_trace.json
    ~ tasks/reports/runtime/s12-stage-w/migration_v3/ferrari_458/P3/steady_mid/sha256_manifest.json
    ~ tasks/reports/runtime/s12-stage-w/migration_v3/ferrari_458/P3/steady_mid/state_trace.json
    ~ tasks/reports/runtime/s12-stage-w/migration_v3/ferrari_458/migration_manifest.json
    ~ tasks/reports/runtime/s12-stage-w/migration_v3/ferrari_458/migration_results.json
    ~ tasks/reports/runtime/s12-stage-w/migration_v3/rx7_fd/P1/complete_cycle/cpu_memory_latency.json
    ~ tasks/reports/runtime/s12-stage-w/migration_v3/rx7_fd/P1/complete_cycle/event_trace.json
    ~ tasks/reports/runtime/s12-stage-w/migration_v3/rx7_fd/P1/complete_cycle/gain_trace.json
    ~ tasks/reports/runtime/s12-stage-w/migration_v3/rx7_fd/P1/complete_cycle/metrics.json
    ~ tasks/reports/runtime/s12-stage-w/migration_v3/rx7_fd/P1/complete_cycle/path_trace.json
    ~ tasks/reports/runtime/s12-stage-w/migration_v3/rx7_fd/P1/complete_cycle/phase_trace.json
    ~ tasks/reports/runtime/s12-stage-w/migration_v3/rx7_fd/P1/complete_cycle/sha256_manifest.json
    ~ tasks/reports/runtime/s12-stage-w/migration_v3/rx7_fd/P1/complete_cycle/state_trace.json
    ~ tasks/reports/runtime/s12-stage-w/migration_v3/rx7_fd/P1/full_pull/cpu_memory_latency.json
    ~ tasks/reports/runtime/s12-stage-w/migration_v3/rx7_fd/P1/full_pull/event_trace.json
    ~ tasks/reports/runtime/s12-stage-w/migration_v3/rx7_fd/P1/full_pull/gain_trace.json
    ~ tasks/reports/runtime/s12-stage-w/migration_v3/rx7_fd/P1/full_pull/metrics.json
    ~ tasks/reports/runtime/s12-stage-w/migration_v3/rx7_fd/P1/full_pull/path_trace.json
    ~ tasks/reports/runtime/s12-stage-w/migration_v3/rx7_fd/P1/full_pull/phase_trace.json
    ~ tasks/reports/runtime/s12-stage-w/migration_v3/rx7_fd/P1/full_pull/sha256_manifest.json
    ~ tasks/reports/runtime/s12-stage-w/migration_v3/rx7_fd/P1/full_pull/state_trace.json
    ~ tasks/reports/runtime/s12-stage-w/migration_v3/rx7_fd/P1/hot_idle/cpu_memory_latency.json
    ~ tasks/reports/runtime/s12-stage-w/migration_v3/rx7_fd/P1/hot_idle/event_trace.json
    ~ tasks/reports/runtime/s12-stage-w/migration_v3/rx7_fd/P1/hot_idle/gain_trace.json
    ~ tasks/reports/runtime/s12-stage-w/migration_v3/rx7_fd/P1/hot_idle/metrics.json
    ~ tasks/reports/runtime/s12-stage-w/migration_v3/rx7_fd/P1/hot_idle/path_trace.json
    ~ tasks/reports/runtime/s12-stage-w/migration_v3/rx7_fd/P1/hot_idle/phase_trace.json
    ~ tasks/reports/runtime/s12-stage-w/migration_v3/rx7_fd/P1/hot_idle/sha256_manifest.json
    ~ tasks/reports/runtime/s12-stage-w/migration_v3/rx7_fd/P1/hot_idle/state_trace.json
    ~ tasks/reports/runtime/s12-stage-w/migration_v3/rx7_fd/P1/lift/cpu_memory_latency.json
    ~ tasks/reports/runtime/s12-stage-w/migration_v3/rx7_fd/P1/lift/event_trace.json
    ~ tasks/reports/runtime/s12-stage-w/migration_v3/rx7_fd/P1/lift/gain_trace.json
    ~ tasks/reports/runtime/s12-stage-w/migration_v3/rx7_fd/P1/lift/metrics.json
    ~ tasks/reports/runtime/s12-stage-w/migration_v3/rx7_fd/P1/lift/path_trace.json
    ~ tasks/reports/runtime/s12-stage-w/migration_v3/rx7_fd/P1/lift/phase_trace.json
    ~ tasks/reports/runtime/s12-stage-w/migration_v3/rx7_fd/P1/lift/sha256_manifest.json
    ~ tasks/reports/runtime/s12-stage-w/migration_v3/rx7_fd/P1/lift/state_trace.json
    ~ tasks/reports/runtime/s12-stage-w/migration_v3/rx7_fd/P1/steady_mid/cpu_memory_latency.json
    ~ tasks/reports/runtime/s12-stage-w/migration_v3/rx7_fd/P1/steady_mid/event_trace.json
    ~ tasks/reports/runtime/s12-stage-w/migration_v3/rx7_fd/P1/steady_mid/gain_trace.json
    ~ tasks/reports/runtime/s12-stage-w/migration_v3/rx7_fd/P1/steady_mid/metrics.json
    ~ tasks/reports/runtime/s12-stage-w/migration_v3/rx7_fd/P1/steady_mid/path_trace.json
    ~ tasks/reports/runtime/s12-stage-w/migration_v3/rx7_fd/P1/steady_mid/phase_trace.json
    ~ tasks/reports/runtime/s12-stage-w/migration_v3/rx7_fd/P1/steady_mid/sha256_manifest.json
    ~ tasks/reports/runtime/s12-stage-w/migration_v3/rx7_fd/P1/steady_mid/state_trace.json
    ~ tasks/reports/runtime/s12-stage-w/migration_v3/rx7_fd/P2H/complete_cycle/cpu_memory_latency.json
    ~ tasks/reports/runtime/s12-stage-w/migration_v3/rx7_fd/P2H/complete_cycle/event_trace.json
    ~ tasks/reports/runtime/s12-stage-w/migration_v3/rx7_fd/P2H/complete_cycle/gain_trace.json
    ~ tasks/reports/runtime/s12-stage-w/migration_v3/rx7_fd/P2H/complete_cycle/metrics.json
    ~ tasks/reports/runtime/s12-stage-w/migration_v3/rx7_fd/P2H/complete_cycle/path_trace.json
    ~ tasks/reports/runtime/s12-stage-w/migration_v3/rx7_fd/P2H/complete_cycle/phase_trace.json
    ~ tasks/reports/runtime/s12-stage-w/migration_v3/rx7_fd/P2H/complete_cycle/sha256_manifest.json
    ~ tasks/reports/runtime/s12-stage-w/migration_v3/rx7_fd/P2H/complete_cycle/state_trace.json
    ~ tasks/reports/runtime/s12-stage-w/migration_v3/rx7_fd/P2H/full_pull/cpu_memory_latency.json
    ~ tasks/reports/runtime/s12-stage-w/migration_v3/rx7_fd/P2H/full_pull/event_trace.json
    ~ tasks/reports/runtime/s12-stage-w/migration_v3/rx7_fd/P2H/full_pull/gain_trace.json
    ~ tasks/reports/runtime/s12-stage-w/migration_v3/rx7_fd/P2H/full_pull/metrics.json
    ~ tasks/reports/runtime/s12-stage-w/migration_v3/rx7_fd/P2H/full_pull/path_trace.json
    ~ tasks/reports/runtime/s12-stage-w/migration_v3/rx7_fd/P2H/full_pull/phase_trace.json
    ~ tasks/reports/runtime/s12-stage-w/migration_v3/rx7_fd/P2H/full_pull/sha256_manifest.json
    ~ tasks/reports/runtime/s12-stage-w/migration_v3/rx7_fd/P2H/full_pull/state_trace.json
    ~ tasks/reports/runtime/s12-stage-w/migration_v3/rx7_fd/P2H/hot_idle/cpu_memory_latency.json
    ~ tasks/reports/runtime/s12-stage-w/migration_v3/rx7_fd/P2H/hot_idle/event_trace.json
    ~ tasks/reports/runtime/s12-stage-w/migration_v3/rx7_fd/P2H/hot_idle/gain_trace.json
    ~ tasks/reports/runtime/s12-stage-w/migration_v3/rx7_fd/P2H/hot_idle/metrics.json
    ~ tasks/reports/runtime/s12-stage-w/migration_v3/rx7_fd/P2H/hot_idle/path_trace.json
    ~ tasks/reports/runtime/s12-stage-w/migration_v3/rx7_fd/P2H/hot_idle/phase_trace.json
    ~ tasks/reports/runtime/s12-stage-w/migration_v3/rx7_fd/P2H/hot_idle/sha256_manifest.json
    ~ tasks/reports/runtime/s12-stage-w/migration_v3/rx7_fd/P2H/hot_idle/state_trace.json
    ~ tasks/reports/runtime/s12-stage-w/migration_v3/rx7_fd/P2H/lift/cpu_memory_latency.json
    ~ tasks/reports/runtime/s12-stage-w/migration_v3/rx7_fd/P2H/lift/event_trace.json
    ~ tasks/reports/runtime/s12-stage-w/migration_v3/rx7_fd/P2H/lift/gain_trace.json
    ~ tasks/reports/runtime/s12-stage-w/migration_v3/rx7_fd/P2H/lift/metrics.json
    ~ tasks/reports/runtime/s12-stage-w/migration_v3/rx7_fd/P2H/lift/path_trace.json
    ~ tasks/reports/runtime/s12-stage-w/migration_v3/rx7_fd/P2H/lift/phase_trace.json
    ~ tasks/reports/runtime/s12-stage-w/migration_v3/rx7_fd/P2H/lift/sha256_manifest.json
    ~ tasks/reports/runtime/s12-stage-w/migration_v3/rx7_fd/P2H/lift/state_trace.json
    ~ tasks/reports/runtime/s12-stage-w/migration_v3/rx7_fd/P2H/steady_mid/cpu_memory_latency.json
    ~ tasks/reports/runtime/s12-stage-w/migration_v3/rx7_fd/P2H/steady_mid/event_trace.json
    ~ tasks/reports/runtime/s12-stage-w/migration_v3/rx7_fd/P2H/steady_mid/gain_trace.json
    ~ tasks/reports/runtime/s12-stage-w/migration_v3/rx7_fd/P2H/steady_mid/metrics.json
    ~ tasks/reports/runtime/s12-stage-w/migration_v3/rx7_fd/P2H/steady_mid/path_trace.json
    ~ tasks/reports/runtime/s12-stage-w/migration_v3/rx7_fd/P2H/steady_mid/phase_trace.json
    ~ tasks/reports/runtime/s12-stage-w/migration_v3/rx7_fd/P2H/steady_mid/sha256_manifest.json
    ~ tasks/reports/runtime/s12-stage-w/migration_v3/rx7_fd/P2H/steady_mid/state_trace.json
    ~ tasks/reports/runtime/s12-stage-w/migration_v3/rx7_fd/P3/complete_cycle/cpu_memory_latency.json
    ~ tasks/reports/runtime/s12-stage-w/migration_v3/rx7_fd/P3/complete_cycle/event_trace.json
    ~ tasks/reports/runtime/s12-stage-w/migration_v3/rx7_fd/P3/complete_cycle/gain_trace.json
    ~ tasks/reports/runtime/s12-stage-w/migration_v3/rx7_fd/P3/complete_cycle/metrics.json
    ~ tasks/reports/runtime/s12-stage-w/migration_v3/rx7_fd/P3/complete_cycle/path_trace.json
    ~ tasks/reports/runtime/s12-stage-w/migration_v3/rx7_fd/P3/complete_cycle/phase_trace.json
    ~ tasks/reports/runtime/s12-stage-w/migration_v3/rx7_fd/P3/complete_cycle/sha256_manifest.json
    ~ tasks/reports/runtime/s12-stage-w/migration_v3/rx7_fd/P3/complete_cycle/state_trace.json
    ~ tasks/reports/runtime/s12-stage-w/migration_v3/rx7_fd/P3/full_pull/cpu_memory_latency.json
    ~ tasks/reports/runtime/s12-stage-w/migration_v3/rx7_fd/P3/full_pull/event_trace.json
    ~ tasks/reports/runtime/s12-stage-w/migration_v3/rx7_fd/P3/full_pull/gain_trace.json
    ~ tasks/reports/runtime/s12-stage-w/migration_v3/rx7_fd/P3/full_pull/metrics.json
    ~ tasks/reports/runtime/s12-stage-w/migration_v3/rx7_fd/P3/full_pull/path_trace.json
    ~ tasks/reports/runtime/s12-stage-w/migration_v3/rx7_fd/P3/full_pull/phase_trace.json
    ~ tasks/reports/runtime/s12-stage-w/migration_v3/rx7_fd/P3/full_pull/sha256_manifest.json
    ~ tasks/reports/runtime/s12-stage-w/migration_v3/rx7_fd/P3/full_pull/state_trace.json
    ~ tasks/reports/runtime/s12-stage-w/migration_v3/rx7_fd/P3/hot_idle/cpu_memory_latency.json
    ~ tasks/reports/runtime/s12-stage-w/migration_v3/rx7_fd/P3/hot_idle/event_trace.json
    ~ tasks/reports/runtime/s12-stage-w/migration_v3/rx7_fd/P3/hot_idle/gain_trace.json
    ~ tasks/reports/runtime/s12-stage-w/migration_v3/rx7_fd/P3/hot_idle/metrics.json
    ~ tasks/reports/runtime/s12-stage-w/migration_v3/rx7_fd/P3/hot_idle/path_trace.json
    ~ tasks/reports/runtime/s12-stage-w/migration_v3/rx7_fd/P3/hot_idle/phase_trace.json
    ~ tasks/reports/runtime/s12-stage-w/migration_v3/rx7_fd/P3/hot_idle/sha256_manifest.json
    ~ tasks/reports/runtime/s12-stage-w/migration_v3/rx7_fd/P3/hot_idle/state_trace.json
    ~ tasks/reports/runtime/s12-stage-w/migration_v3/rx7_fd/P3/lift/cpu_memory_latency.json
    ~ tasks/reports/runtime/s12-stage-w/migration_v3/rx7_fd/P3/lift/event_trace.json
    ~ tasks/reports/runtime/s12-stage-w/migration_v3/rx7_fd/P3/lift/gain_trace.json
    ~ tasks/reports/runtime/s12-stage-w/migration_v3/rx7_fd/P3/lift/metrics.json
    ~ tasks/reports/runtime/s12-stage-w/migration_v3/rx7_fd/P3/lift/path_trace.json
    ~ tasks/reports/runtime/s12-stage-w/migration_v3/rx7_fd/P3/lift/phase_trace.json
    ~ tasks/reports/runtime/s12-stage-w/migration_v3/rx7_fd/P3/lift/sha256_manifest.json
    ~ tasks/reports/runtime/s12-stage-w/migration_v3/rx7_fd/P3/lift/state_trace.json
    ~ tasks/reports/runtime/s12-stage-w/migration_v3/rx7_fd/P3/steady_mid/cpu_memory_latency.json
    ~ tasks/reports/runtime/s12-stage-w/migration_v3/rx7_fd/P3/steady_mid/event_trace.json
    ~ tasks/reports/runtime/s12-stage-w/migration_v3/rx7_fd/P3/steady_mid/gain_trace.json
    ~ tasks/reports/runtime/s12-stage-w/migration_v3/rx7_fd/P3/steady_mid/metrics.json
    ~ tasks/reports/runtime/s12-stage-w/migration_v3/rx7_fd/P3/steady_mid/path_trace.json
    ~ tasks/reports/runtime/s12-stage-w/migration_v3/rx7_fd/P3/steady_mid/phase_trace.json
    ~ tasks/reports/runtime/s12-stage-w/migration_v3/rx7_fd/P3/steady_mid/sha256_manifest.json
    ~ tasks/reports/runtime/s12-stage-w/migration_v3/rx7_fd/P3/steady_mid/state_trace.json
    ~ tasks/reports/runtime/s12-stage-w/migration_v3/rx7_fd/migration_manifest.json
    ~ tasks/reports/runtime/s12-stage-w/migration_v3/rx7_fd/migration_results.json
    ~ tasks/reports/runtime/s12-stage-w/obsidian_sync_manifest.json
    ~ tasks/reports/runtime/s12-stage-w/parameter_usage_matrix.json
    ~ tasks/reports/runtime/s12-stage-w/parent_candidate_metrics.json
    ~ tasks/reports/runtime/s12-stage-w/phase_receipts/README.md
    ~ tasks/reports/runtime/s12-stage-w/phase_receipts/W9_FINAL_QUALIFICATION.json
    ~ tasks/reports/runtime/s12-stage-w/rejected_architectures.json
    ~ tasks/reports/runtime/s12-stage-w/selected_architecture.json
    ~ tasks/reports/runtime/s12-stage-w/source_build_receipts.json
    ~ tasks/reports/runtime/s12-stage-w/stage_v_exact_tip_regression.json
    ~ tasks/reports/runtime/s12-stage-w/stage_v_missing_contracts.json
    ~ tasks/reports/runtime/s12-stage-w/stage_v_parameter_usage_matrix.json
    ~ tasks/reports/runtime/s12-stage-w/stage_v_requirement_matrix.json
    ~ tasks/reports/runtime/s12-stage-w/stage_v_signal_flow_callgraph.json
    ~ tasks/reports/runtime/s12-stage-w/stage_w_review_package_receipt.json
    ~ tasks/reports/runtime/s12-stage-w/teacher_reduction_v1/artifact_manifest.json
    ~ tasks/reports/runtime/s12-stage-w/teacher_reduction_v1/delay_lpf_v1/metrics.json
    ~ tasks/reports/runtime/s12-stage-w/teacher_reduction_v1/delay_lpf_v1/sha256_manifest.json
    ~ tasks/reports/runtime/s12-stage-w/teacher_reduction_v1/reduced_cfd_teacher_v1/metrics.json
    ~ tasks/reports/runtime/s12-stage-w/teacher_reduction_v1/reduced_cfd_teacher_v1/sha256_manifest.json
    ~ tasks/reports/runtime/s12-stage-w/teacher_reduction_v1/teacher_reduction_receipt.json
    ~ tasks/reports/runtime/s12-stage-w/w10_r1_capture_package_receipt.json
    ~ tasks/reports/runtime/s12-stage-w/w10_reference_intake_audit.json
    ~ tasks/reports/runtime/s12-stage-w/w1_persistent_engine_receipt.json
    ~ tasks/reports/runtime/s12-stage-w/w3_boundary_adapter_receipt.json
    ~ tasks/reports/runtime/s12-stage-w/w4_waveguide_receipt.json
    ~ tasks/reports/runtime/s12-stage-w/w5_afterfire_receipt.json
    ~ tasks/reports/runtime/s12-stage-w/w6_timbre_map_receipt.json
    ~ tasks/todo.md
    ~ tools/sound_sim/s12/acoustic_comparator/__init__.py
    ~ tools/sound_sim/s12/acoustic_comparator/alignment.py
    ~ tools/sound_sim/s12/acoustic_comparator/cli.py
    ~ tools/sound_sim/s12/acoustic_comparator/contracts.py
    ~ tools/sound_sim/s12/acoustic_comparator/core.py
    ~ tools/sound_sim/s12/acoustic_comparator/listening/LOCAL_WEBMUSHRA_SETUP.md
    ~ tools/sound_sim/s12/acoustic_comparator/listening/__init__.py
    ~ tools/sound_sim/s12/acoustic_comparator/listening/apply_webmushra_zh_cn_patch.py
    ~ tools/sound_sim/s12/acoustic_comparator/listening/webmushra_export.py
    ~ tools/sound_sim/s12/acoustic_comparator/listening/webmushra_import.py
    ~ tools/sound_sim/s12/acoustic_comparator/matlab/s12_export_matlab_comparator_result.m
    ~ tools/sound_sim/s12/acoustic_comparator/matlab/s12_order_analysis.m
    ~ tools/sound_sim/s12/acoustic_comparator/matlab/s12_psychoacoustic_analysis.m
    ~ tools/sound_sim/s12/acoustic_comparator/matlab/s12_stage_n_run_order_analysis.m
    ~ tools/sound_sim/s12/acoustic_comparator/matlab/s12_stage_n_run_psychoacoustic_analysis.m
    ~ tools/sound_sim/s12/acoustic_comparator/matlab/s12_stage_n_run_shared_psychoacoustic_fixture.m
    ~ tools/sound_sim/s12/acoustic_comparator/order.py
    ~ tools/sound_sim/s12/acoustic_comparator/perceptual/__init__.py
    ~ tools/sound_sim/s12/acoustic_comparator/perceptual/visqol_adapter.py
    ~ tools/sound_sim/s12/acoustic_comparator/preprocessing.py
    ~ tools/sound_sim/s12/acoustic_comparator/psychoacoustics/__init__.py
    ~ tools/sound_sim/s12/acoustic_comparator/psychoacoustics/essentia_adapter.py
    ~ tools/sound_sim/s12/acoustic_comparator/psychoacoustics/mosqito_adapter.py
    ~ tools/sound_sim/s12/acoustic_comparator/recommendations/__init__.py
    ~ tools/sound_sim/s12/acoustic_comparator/recommendations/metric_to_parameter_map.py
    ~ tools/sound_sim/s12/acoustic_comparator/recommendations/recommendation_engine.py
    ~ tools/sound_sim/s12/acoustic_comparator/reporting.py
    ~ tools/sound_sim/s12/acoustic_comparator/schemas/comparison_case.schema.json
    ~ tools/sound_sim/s12/acoustic_comparator/schemas/comparison_result.schema.json
    ~ tools/sound_sim/s12/acoustic_comparator/schemas/human_feedback.schema.json
    ~ tools/sound_sim/s12/acoustic_comparator/schemas/parameter_recommendation.schema.json
    ~ tools/sound_sim/s12/acoustic_comparator/schemas/reference_recording.schema.json
    ~ tools/sound_sim/s12/acoustic_comparator/schemas/synthetic_candidate.schema.json
    ~ tools/sound_sim/s12/acoustic_comparator/schemas/vehicle_state_trace.schema.json
    ~ tools/sound_sim/s12/acoustic_comparator/spectral.py
    ~ tools/sound_sim/s12/acoustic_comparator/transients.py
    ~ tools/sound_sim/s12/acoustic_identity_v015/__init__.py
    ~ tools/sound_sim/s12/acoustic_identity_v015/acoustic_analysis/engine_identity_metrics.py
    ~ tools/sound_sim/s12/acoustic_identity_v015/acoustic_analysis/realism_metrics.py
    ~ tools/sound_sim/s12/acoustic_identity_v015/acoustic_analysis/reference_feature_extractor.py
    ~ tools/sound_sim/s12/acoustic_identity_v015/acoustic_layers/__init__.py
    ~ tools/sound_sim/s12/acoustic_identity_v015/acoustic_layers/afterfire_model.py
    ~ tools/sound_sim/s12/acoustic_identity_v015/acoustic_layers/exhaust_rumble.py
    ~ tools/sound_sim/s12/acoustic_identity_v015/acoustic_layers/idle_dynamics.py
    ~ tools/sound_sim/s12/acoustic_identity_v015/acoustic_layers/pre_equalization.py
    ~ tools/sound_sim/s12/acoustic_identity_v015/acoustic_layers/realism_profiles.py
    ~ tools/sound_sim/s12/acoustic_identity_v015/acoustic_layers/shift_dynamics.py
    ~ tools/sound_sim/s12/acoustic_identity_v015/acoustic_layers/transient_peak_shaping.py
    ~ tools/sound_sim/s12/acoustic_identity_v015/docs/S12_TrackP_Baseline_v3.md
    ~ tools/sound_sim/s12/acoustic_identity_v015/docs/aventador_lp700_verify.json
    ~ tools/sound_sim/s12/acoustic_identity_v015/docs/c63_w204_verify.json
    ~ tools/sound_sim/s12/acoustic_identity_v015/docs/ferrari_458_verify.json
    ~ tools/sound_sim/s12/acoustic_identity_v015/docs/gtr_r35_verify.json
    ~ tools/sound_sim/s12/acoustic_identity_v015/docs/hellcat_verify.json
    ~ tools/sound_sim/s12/acoustic_identity_v015/docs/lfa_verify.json
    ~ tools/sound_sim/s12/acoustic_identity_v015/docs/rx7_fd_verify.json
    ~ tools/sound_sim/s12/acoustic_identity_v015/docs/supra_jza80_verify.json
    ~ tools/sound_sim/s12/acoustic_identity_v015/event_domain/__init__.py
    ~ tools/sound_sim/s12/acoustic_identity_v015/event_domain/afterfire_state.py
    ~ tools/sound_sim/s12/acoustic_identity_v015/event_domain/audition_monitor.py
    ~ tools/sound_sim/s12/acoustic_identity_v015/event_domain/block_renderer.py
    ~ tools/sound_sim/s12/acoustic_identity_v015/event_domain/chamber_event.py
    ~ tools/sound_sim/s12/acoustic_identity_v015/event_domain/collector_network.py
    ~ tools/sound_sim/s12/acoustic_identity_v015/event_domain/config_schema.json
    ~ tools/sound_sim/s12/acoustic_identity_v015/event_domain/config_schema.py
    ~ tools/sound_sim/s12/acoustic_identity_v015/event_domain/configs/ferrari_458_v1.json
    ~ tools/sound_sim/s12/acoustic_identity_v015/event_domain/configs/hellcat_v1.json
    ~ tools/sound_sim/s12/acoustic_identity_v015/event_domain/configs/rx7_fd_v1.json
    ~ tools/sound_sim/s12/acoustic_identity_v015/event_domain/crank_phase_pll.py
    ~ tools/sound_sim/s12/acoustic_identity_v015/event_domain/diagnostics.py
    ~ tools/sound_sim/s12/acoustic_identity_v015/event_domain/event_scheduler.py
    ~ tools/sound_sim/s12/acoustic_identity_v015/event_domain/exhaust_path.py
    ~ tools/sound_sim/s12/acoustic_identity_v015/event_domain/forced_induction.py
    ~ tools/sound_sim/s12/acoustic_identity_v015/event_domain/rotary_parameter_defaults.json
    ~ tools/sound_sim/s12/acoustic_identity_v015/reference_database/Hellcat_Supercharger_Acoustic_Study_v1.md
    ~ tools/sound_sim/s12/acoustic_identity_v015/reference_database/Stage_K_Video_Reference_Evidence.md
    ~ tools/sound_sim/s12/acoustic_identity_v015/reference_database/realism_reference_manifest.json
    ~ tools/sound_sim/s12/acoustic_identity_v015/reference_database/stage_j_three_vehicle_target_matrix.md
    ~ tools/sound_sim/s12/acoustic_identity_v015/reference_database/vehicle_sound_character_matrix.md
    ~ tools/sound_sim/s12/acoustic_identity_v015/render_drive_cycle_v10.py
    ~ tools/sound_sim/s12/acoustic_identity_v015/render_realism_v10.py
    ~ tools/sound_sim/s12/acoustic_identity_v015/scripts/assert_track_p_unchanged.py
    ~ tools/sound_sim/s12/acoustic_identity_v015/scripts/audit_stage_e_cleanup.py
    ~ tools/sound_sim/s12/acoustic_identity_v015/scripts/build_stage_d_blind_package.py
    ~ tools/sound_sim/s12/acoustic_identity_v015/scripts/build_stage_e_blind_package.py
    ~ tools/sound_sim/s12/acoustic_identity_v015/scripts/build_stage_f_blind_package.py
    ~ tools/sound_sim/s12/acoustic_identity_v015/scripts/build_stage_g_package.py
    ~ tools/sound_sim/s12/acoustic_identity_v015/scripts/build_stage_h_named_review.py
    ~ tools/sound_sim/s12/acoustic_identity_v015/scripts/build_stage_i_metric_artifacts.py
    ~ tools/sound_sim/s12/acoustic_identity_v015/scripts/build_stage_i_named_review.py
    ~ tools/sound_sim/s12/acoustic_identity_v015/scripts/build_stage_j_named_review.py
    ~ tools/sound_sim/s12/acoustic_identity_v015/scripts/build_stage_k_named_review.py
    ~ tools/sound_sim/s12/acoustic_identity_v015/scripts/build_stage_k_remaining_four_round2.py
    ~ tools/sound_sim/s12/acoustic_identity_v015/scripts/build_stage_k_three_vehicle_round2.py
    ~ tools/sound_sim/s12/acoustic_identity_v015/scripts/compute_stage_d_reference_distance.py
    ~ tools/sound_sim/s12/acoustic_identity_v015/scripts/compute_stage_f_reference_distance.py
    ~ tools/sound_sim/s12/acoustic_identity_v015/scripts/compute_stage_g_reference_evidence.py
    ~ tools/sound_sim/s12/acoustic_identity_v015/scripts/compute_stage_h_reference_distance.py
    ~ tools/sound_sim/s12/acoustic_identity_v015/scripts/compute_stage_i_reference_distance.py
    ~ tools/sound_sim/s12/acoustic_identity_v015/scripts/finalize_stage_e_package.py
    ~ tools/sound_sim/s12/acoustic_identity_v015/scripts/publish_stage_d_full_cycle_pairs.py
    ~ tools/sound_sim/s12/acoustic_identity_v015/scripts/qualify_stage_i_named_sources.py
    ~ tools/sound_sim/s12/acoustic_identity_v015/scripts/qualify_stage_k_candidates.py
    ~ tools/sound_sim/s12/acoustic_identity_v015/scripts/qualify_stage_m_round2.py
    ~ tools/sound_sim/s12/acoustic_identity_v015/scripts/render_stage_i_named_sources.py
    ~ tools/sound_sim/s12/acoustic_identity_v015/scripts/sanitize_stage_g_listener_package.py
    ~ tools/sound_sim/s12/acoustic_identity_v015/scripts/score_stage_g_submission.py
    ~ tools/sound_sim/s12/acoustic_identity_v015/scripts/verify_remaining_vehicles.py
    ~ tools/sound_sim/s12/acoustic_identity_v015/scripts/verify_stage_d_artifacts.py
    ~ tools/sound_sim/s12/acoustic_identity_v015/scripts/write_stage_e_sha256.py
    ~ tools/sound_sim/s12/acoustic_identity_v015/sources/flat_plane_v8_source.py
    ~ tools/sound_sim/s12/acoustic_identity_v015/sources/lexus_high_rev_v10_source_v2.py
    ~ tools/sound_sim/s12/acoustic_identity_v015/sources/mercedes_na_v8_source_v2.py
    ~ tools/sound_sim/s12/acoustic_identity_v015/sources/mercedes_na_v8_source_v3.py
    ~ tools/sound_sim/s12/acoustic_identity_v015/sources/nissan_parallel_twin_turbo_v6_source_v3.py
    ~ tools/sound_sim/s12/acoustic_identity_v015/sources/nissan_twin_turbo_v6_source_v2.py
    ~ tools/sound_sim/s12/acoustic_identity_v015/sources/rotary_turbo_source.py
    ~ tools/sound_sim/s12/acoustic_identity_v015/sources/supercharged_hemi_source.py
    ~ tools/sound_sim/s12/acoustic_identity_v015/sources/supercharger_whine_v2.py
    ~ tools/sound_sim/s12/acoustic_identity_v015/sources/supercharger_whine_v3.py
    ~ tools/sound_sim/s12/acoustic_identity_v015/sources/supercharger_whine_v4.py
    ~ tools/sound_sim/s12/acoustic_identity_v015/stage_d/__init__.py
    ~ tools/sound_sim/s12/acoustic_identity_v015/stage_d/blind_audition.py
    ~ tools/sound_sim/s12/acoustic_identity_v015/stage_d/candidate_profiles.py
    ~ tools/sound_sim/s12/acoustic_identity_v015/stage_d/reference_distance.py
    ~ tools/sound_sim/s12/acoustic_identity_v015/stage_d/render_candidate.py
    ~ tools/sound_sim/s12/acoustic_identity_v015/stage_d/scenarios.py
    ~ tools/sound_sim/s12/acoustic_identity_v015/stage_e/__init__.py
    ~ tools/sound_sim/s12/acoustic_identity_v015/stage_e/blind_audition.py
    ~ tools/sound_sim/s12/acoustic_identity_v015/stage_e/candidate_profiles.py
    ~ tools/sound_sim/s12/acoustic_identity_v015/stage_e/render_candidate.py
    ~ tools/sound_sim/s12/acoustic_identity_v015/stage_f/__init__.py
    ~ tools/sound_sim/s12/acoustic_identity_v015/stage_f/candidate_profiles.py
    ~ tools/sound_sim/s12/acoustic_identity_v015/stage_f/package_builder.py
    ~ tools/sound_sim/s12/acoustic_identity_v015/stage_f/reference_distance.py
    ~ tools/sound_sim/s12/acoustic_identity_v015/stage_f/render_candidate.py
    ~ tools/sound_sim/s12/acoustic_identity_v015/stage_f/response_contract.py
    ~ tools/sound_sim/s12/acoustic_identity_v015/stage_g/__init__.py
    ~ tools/sound_sim/s12/acoustic_identity_v015/stage_g/candidate_optimizer.py
    ~ tools/sound_sim/s12/acoustic_identity_v015/stage_g/candidate_profiles.py
    ~ tools/sound_sim/s12/acoustic_identity_v015/stage_g/package_builder.py
    ~ tools/sound_sim/s12/acoustic_identity_v015/stage_g/parameter_reachability.py
    ~ tools/sound_sim/s12/acoustic_identity_v015/stage_g/reference_evidence.py
    ~ tools/sound_sim/s12/acoustic_identity_v015/stage_g/reference_gate.py
    ~ tools/sound_sim/s12/acoustic_identity_v015/stage_g/reference_targets.py
    ~ tools/sound_sim/s12/acoustic_identity_v015/stage_g/render_candidate.py
    ~ tools/sound_sim/s12/acoustic_identity_v015/stage_g/response_contract.py
    ~ tools/sound_sim/s12/acoustic_identity_v015/stage_h/__init__.py
    ~ tools/sound_sim/s12/acoustic_identity_v015/stage_h/candidate_profiles.py
    ~ tools/sound_sim/s12/acoustic_identity_v015/stage_h/named_review.py
    ~ tools/sound_sim/s12/acoustic_identity_v015/stage_h/perceptual_metrics.py
    ~ tools/sound_sim/s12/acoustic_identity_v015/stage_h/reference_distance.py
    ~ tools/sound_sim/s12/acoustic_identity_v015/stage_h/render_candidate.py
    ~ tools/sound_sim/s12/acoustic_identity_v015/stage_i/__init__.py
    ~ tools/sound_sim/s12/acoustic_identity_v015/stage_i/candidate_profiles.py
    ~ tools/sound_sim/s12/acoustic_identity_v015/stage_i/candidate_search.py
    ~ tools/sound_sim/s12/acoustic_identity_v015/stage_i/feedback_contract.py
    ~ tools/sound_sim/s12/acoustic_identity_v015/stage_i/metric_artifacts.py
    ~ tools/sound_sim/s12/acoustic_identity_v015/stage_i/named_review.py
    ~ tools/sound_sim/s12/acoustic_identity_v015/stage_i/perceptual_metrics.py
    ~ tools/sound_sim/s12/acoustic_identity_v015/stage_i/probes.py
    ~ tools/sound_sim/s12/acoustic_identity_v015/stage_i/qualification.py
    ~ tools/sound_sim/s12/acoustic_identity_v015/stage_i/reference_distance.py
    ~ tools/sound_sim/s12/acoustic_identity_v015/stage_i/render_candidate.py
    ~ tools/sound_sim/s12/acoustic_identity_v015/stage_i/source_evidence.py
    ~ tools/sound_sim/s12/acoustic_identity_v015/stage_i/whine_voicing.py
    ~ tools/sound_sim/s12/acoustic_identity_v015/stage_j/__init__.py
    ~ tools/sound_sim/s12/acoustic_identity_v015/stage_j/candidate_profiles.py
    ~ tools/sound_sim/s12/acoustic_identity_v015/stage_j/feedback_contract.py
    ~ tools/sound_sim/s12/acoustic_identity_v015/stage_j/named_review.py
    ~ tools/sound_sim/s12/acoustic_identity_v015/stage_j/perceptual_metrics.py
    ~ tools/sound_sim/s12/acoustic_identity_v015/stage_j/reference_distance.py
    ~ tools/sound_sim/s12/acoustic_identity_v015/stage_j/render_candidate.py
    ~ tools/sound_sim/s12/acoustic_identity_v015/stage_k/__init__.py
    ~ tools/sound_sim/s12/acoustic_identity_v015/stage_k/candidate_profiles.py
    ~ tools/sound_sim/s12/acoustic_identity_v015/stage_k/candidate_search.py
    ~ tools/sound_sim/s12/acoustic_identity_v015/stage_k/feedback_contract.py
    ~ tools/sound_sim/s12/acoustic_identity_v015/stage_k/lfa_transient_dynamics.py
    ~ tools/sound_sim/s12/acoustic_identity_v015/stage_k/named_review.py
    ~ tools/sound_sim/s12/acoustic_identity_v015/stage_k/perceptual_metrics.py
    ~ tools/sound_sim/s12/acoustic_identity_v015/stage_k/render_candidate.py
    ~ tools/sound_sim/s12/acoustic_identity_v015/stage_k/render_worker.py
    ~ tools/sound_sim/s12/acoustic_identity_v015/stage_k/round2_legacy_anchors.py
    ~ tools/sound_sim/s12/acoustic_identity_v015/stage_k/round2_package.py
    ~ tools/sound_sim/s12/acoustic_identity_v015/stage_k/round2_propagation.py
    ~ tools/sound_sim/s12/acoustic_identity_v015/stage_k/round2_remaining_package.py
    ~ tools/sound_sim/s12/acoustic_identity_v015/stage_k/round2_remaining_sources.py
    ~ tools/sound_sim/s12/acoustic_identity_v015/stage_k/round2_search.py
    ~ tools/sound_sim/s12/acoustic_identity_v015/stage_k/source_level.py
    ~ tools/sound_sim/s12/acoustic_identity_v015/stage_m/__init__.py
    ~ tools/sound_sim/s12/acoustic_identity_v015/stage_m/attribution.py
    ~ tools/sound_sim/s12/acoustic_identity_v015/stage_m/audit.py
    ~ tools/sound_sim/s12/acoustic_identity_v015/stage_m/callgraph.py
    ~ tools/sound_sim/s12/acoustic_identity_v015/stage_m/closure.py
    ~ tools/sound_sim/s12/acoustic_identity_v015/stage_m/evidence.py
    ~ tools/sound_sim/s12/acoustic_identity_v015/stage_m/feedback.py
    ~ tools/sound_sim/s12/acoustic_identity_v015/stage_m/review_package.py
    ~ tools/sound_sim/s12/acoustic_identity_v015/stage_n/__init__.py
    ~ tools/sound_sim/s12/acoustic_identity_v015/stage_n/feedback_closure.py
    ~ tools/sound_sim/s12/acoustic_identity_v015/stage_n/matlab_inputs.py
    ~ tools/sound_sim/s12/acoustic_identity_v015/stage_n/matlab_receipts.py
    ~ tools/sound_sim/s12/acoustic_identity_v015/stage_n/run_stage_n.py
    ~ tools/sound_sim/s12/acoustic_identity_v015/stage_n/shared_psychoacoustic_fixture.py
    ~ tools/sound_sim/s12/acoustic_identity_v015/stage_n/toolchain.py
    ~ tools/sound_sim/s12/acoustic_identity_v015/stage_o/__init__.py
    ~ tools/sound_sim/s12/acoustic_identity_v015/stage_o/feedback_intake.py
    ~ tools/sound_sim/s12/acoustic_identity_v015/stage_o/publish_waiting.py
    ~ tools/sound_sim/s12/acoustic_identity_v015/stage_p/__init__.py
    ~ tools/sound_sim/s12/acoustic_identity_v015/stage_p/acceptance.py
    ~ tools/sound_sim/s12/acoustic_identity_v015/stage_p/build_package.py
    ~ tools/sound_sim/s12/acoustic_identity_v015/stage_p/build_uat_package.py
    ~ tools/sound_sim/s12/acoustic_identity_v015/stage_p/publish_reports.py
    ~ tools/sound_sim/s12/acoustic_identity_v015/stage_p/reproducibility.py
    ~ tools/sound_sim/s12/acoustic_identity_v015/stage_p/run_p1_evidence.py
    ~ tools/sound_sim/s12/acoustic_identity_v015/stage_v/__init__.py
    ~ tools/sound_sim/s12/acoustic_identity_v015/stage_v/candidate_search.py
    ~ tools/sound_sim/s12/acoustic_identity_v015/stage_v/comparator.py
    ~ tools/sound_sim/s12/acoustic_identity_v015/stage_v/io.py
    ~ tools/sound_sim/s12/acoustic_identity_v015/stage_v/pipeline.py
    ~ tools/sound_sim/s12/acoustic_identity_v015/stage_v/publish.py
    ~ tools/sound_sim/s12/acoustic_identity_v015/stage_v/review_package.py
    ~ tools/sound_sim/s12/acoustic_identity_v015/stage_v/scenarios.py
    ~ tools/sound_sim/s12/acoustic_identity_v015/stage_w/__init__.py
    ~ tools/sound_sim/s12/acoustic_identity_v015/stage_w/bakeoff.py
    ~ tools/sound_sim/s12/acoustic_identity_v015/stage_w/boundary_adapter.py
    ~ tools/sound_sim/s12/acoustic_identity_v015/stage_w/click_contract.py
    ~ tools/sound_sim/s12/acoustic_identity_v015/stage_w/migration.py
    ~ tools/sound_sim/s12/acoustic_identity_v015/stage_w/persistent_engine.py
    ~ tools/sound_sim/s12/acoustic_identity_v015/stage_w/review_package.py
    ~ tools/sound_sim/s12/acoustic_identity_v015/stage_w/teacher_response.py
    ~ tools/sound_sim/s12/acoustic_identity_v015/stage_w/timbre_map.py
    ~ tools/sound_sim/s12/acoustic_identity_v015/stage_w/waveguide.py
    ~ tools/sound_sim/s12/acoustic_identity_v015/targets/hellcat_supercharger_target_v1.json
    ~ tools/sound_sim/s12/acoustic_identity_v015/targets/stage_d_candidate_profile.schema.json
    ~ tools/sound_sim/s12/acoustic_identity_v015/targets/stage_d_candidates/Ferrari_candidate_v1.json
    ~ tools/sound_sim/s12/acoustic_identity_v015/targets/stage_d_candidates/Hellcat_candidate_v1.json
    ~ tools/sound_sim/s12/acoustic_identity_v015/targets/stage_d_candidates/RX7_candidate_v1.json
    ~ tools/sound_sim/s12/acoustic_identity_v015/targets/stage_e_candidate_profile.schema.json
    ~ tools/sound_sim/s12/acoustic_identity_v015/targets/stage_e_candidates/Ferrari_candidate_v2.json
    ~ tools/sound_sim/s12/acoustic_identity_v015/targets/stage_e_candidates/Hellcat_candidate_v2.json
    ~ tools/sound_sim/s12/acoustic_identity_v015/targets/stage_e_candidates/RX7_candidate_v2.json
    ~ tools/sound_sim/s12/acoustic_identity_v015/targets/stage_f_candidate_profile.schema.json
    ~ tools/sound_sim/s12/acoustic_identity_v015/targets/stage_f_candidates/Ferrari_candidate_v3.json
    ~ tools/sound_sim/s12/acoustic_identity_v015/targets/stage_f_candidates/Hellcat_candidate_v3.json
    ~ tools/sound_sim/s12/acoustic_identity_v015/targets/stage_f_candidates/RX7_candidate_v3.json
    ~ tools/sound_sim/s12/acoustic_identity_v015/targets/stage_g_candidate_profile.schema.json
    ~ tools/sound_sim/s12/acoustic_identity_v015/targets/stage_g_candidates/Ferrari_candidate_v4.json
    ~ tools/sound_sim/s12/acoustic_identity_v015/targets/stage_g_candidates/Hellcat_candidate_v4.json
    ~ tools/sound_sim/s12/acoustic_identity_v015/targets/stage_g_candidates/RX7_candidate_v4.json
    ~ tools/sound_sim/s12/acoustic_identity_v015/targets/stage_h_candidates/Hellcat_candidate_v5.json
    ~ tools/sound_sim/s12/acoustic_identity_v015/targets/stage_h_hellcat_candidate.schema.json
    ~ tools/sound_sim/s12/acoustic_identity_v015/targets/stage_i_candidates/Hellcat_candidate_v6.json
    ~ tools/sound_sim/s12/acoustic_identity_v015/targets/stage_i_candidates/Hellcat_candidate_v6_A_Balanced.json
    ~ tools/sound_sim/s12/acoustic_identity_v015/targets/stage_i_candidates/Hellcat_candidate_v6_B_WhineForward.json
    ~ tools/sound_sim/s12/acoustic_identity_v015/targets/stage_i_candidates/Hellcat_candidate_v6_C_SofterMechanical.json
    ~ tools/sound_sim/s12/acoustic_identity_v015/targets/stage_i_hellcat_candidate.schema.json
    ~ tools/sound_sim/s12/acoustic_identity_v015/targets/stage_j_candidate_profile.schema.json
    ~ tools/sound_sim/s12/acoustic_identity_v015/targets/stage_j_candidates/c63_w204_candidate_v1.json
    ~ tools/sound_sim/s12/acoustic_identity_v015/targets/stage_j_candidates/gtr_r35_candidate_v1.json
    ~ tools/sound_sim/s12/acoustic_identity_v015/targets/stage_j_candidates/lfa_candidate_v1.json
    ~ tools/sound_sim/s12/acoustic_identity_v015/targets/stage_j_vehicle_acoustic_target.json
    ~ tools/sound_sim/s12/acoustic_identity_v015/targets/stage_k_candidate_profile.schema.json
    ~ tools/sound_sim/s12/acoustic_identity_v015/targets/stage_k_candidates/c63_w204_candidate_v2.json
    ~ tools/sound_sim/s12/acoustic_identity_v015/targets/stage_k_candidates/gtr_r35_candidate_v2.json
    ~ tools/sound_sim/s12/acoustic_identity_v015/targets/stage_k_candidates/hellcat_candidate_v7.json
    ~ tools/sound_sim/s12/acoustic_identity_v015/targets/stage_k_candidates/lfa_candidate_v2.json
    ~ tools/sound_sim/s12/acoustic_identity_v015/targets/vehicle_acoustic_target.json
    ~ tools/sound_sim/s12/acoustic_identity_v015/tests/test_s12_stage_c_realism_integration.py
    ~ tools/sound_sim/s12/acoustic_identity_v015/tests/test_s12_stage_d_anchor_calibration.py
    ~ tools/sound_sim/s12/acoustic_identity_v015/tests/test_s12_stage_d_blind_audition.py
    ~ tools/sound_sim/s12/acoustic_identity_v015/tests/test_s12_stage_d_candidate_profiles.py
    ~ tools/sound_sim/s12/acoustic_identity_v015/tests/test_s12_stage_d_reference_distance.py
    ~ tools/sound_sim/s12/acoustic_identity_v015/tests/test_s12_stage_e_anchor_calibration.py
    ~ tools/sound_sim/s12/acoustic_identity_v015/tests/test_s12_stage_e_blind_audition.py
    ~ tools/sound_sim/s12/acoustic_identity_v015/tests/test_s12_stage_e_candidate_contract.py
    ~ tools/sound_sim/s12/acoustic_identity_v015/tests/test_s12_stage_e_parameter_reachability.py
    ~ tools/sound_sim/s12/acoustic_identity_v015/tests/test_s12_stage_e_pipeline_order.py
    ~ tools/sound_sim/s12/acoustic_identity_v015/tests/test_s12_stage_f_candidate_contract.py
    ~ tools/sound_sim/s12/acoustic_identity_v015/tests/test_s12_stage_f_package_contract.py
    ~ tools/sound_sim/s12/acoustic_identity_v015/tests/test_s12_stage_f_parameter_reachability.py
    ~ tools/sound_sim/s12/acoustic_identity_v015/tests/test_s12_stage_f_pipeline_order.py
    ~ tools/sound_sim/s12/acoustic_identity_v015/tests/test_s12_stage_f_reference_distance.py
    ~ tools/sound_sim/s12/acoustic_identity_v015/tests/test_s12_stage_f_response_validation.py
    ~ tools/sound_sim/s12/acoustic_identity_v015/tests/test_s12_stage_f_scoring.py
    ~ tools/sound_sim/s12/acoustic_identity_v015/tests/test_s12_stage_g_candidate_contract.py
    ~ tools/sound_sim/s12/acoustic_identity_v015/tests/test_s12_stage_g_package_contract.py
    ~ tools/sound_sim/s12/acoustic_identity_v015/tests/test_s12_stage_g_parameter_reachability.py
    ~ tools/sound_sim/s12/acoustic_identity_v015/tests/test_s12_stage_g_pipeline_order.py
    ~ tools/sound_sim/s12/acoustic_identity_v015/tests/test_s12_stage_g_reference_evidence.py
    ~ tools/sound_sim/s12/acoustic_identity_v015/tests/test_s12_stage_g_reference_gate.py
    ~ tools/sound_sim/s12/acoustic_identity_v015/tests/test_s12_stage_g_reference_targets.py
    ~ tools/sound_sim/s12/acoustic_identity_v015/tests/test_s12_stage_g_response_validation.py
    ~ tools/sound_sim/s12/acoustic_identity_v015/tests/test_s12_stage_g_scoring.py
    ~ tools/sound_sim/s12/acoustic_identity_v015/tests/test_s12_stage_h_candidate_contract.py
    ~ tools/sound_sim/s12/acoustic_identity_v015/tests/test_s12_stage_h_hellcat_whine_model.py
    ~ tools/sound_sim/s12/acoustic_identity_v015/tests/test_s12_stage_h_named_package.py
    ~ tools/sound_sim/s12/acoustic_identity_v015/tests/test_s12_stage_h_parameter_reachability.py
    ~ tools/sound_sim/s12/acoustic_identity_v015/tests/test_s12_stage_h_perceptual_metrics.py
    ~ tools/sound_sim/s12/acoustic_identity_v015/tests/test_s12_stage_h_pipeline_order.py
    ~ tools/sound_sim/s12/acoustic_identity_v015/tests/test_s12_stage_h_reference_distance.py
    ~ tools/sound_sim/s12/acoustic_identity_v015/tests/test_s12_stage_h_regression_isolation.py
    ~ tools/sound_sim/s12/acoustic_identity_v015/tests/test_s12_stage_i_candidate_contract.py
    ~ tools/sound_sim/s12/acoustic_identity_v015/tests/test_s12_stage_i_candidate_search.py
    ~ tools/sound_sim/s12/acoustic_identity_v015/tests/test_s12_stage_i_feedback_binding.py
    ~ tools/sound_sim/s12/acoustic_identity_v015/tests/test_s12_stage_i_metric_artifacts.py
    ~ tools/sound_sim/s12/acoustic_identity_v015/tests/test_s12_stage_i_named_package.py
    ~ tools/sound_sim/s12/acoustic_identity_v015/tests/test_s12_stage_i_perceptual_metrics.py
    ~ tools/sound_sim/s12/acoustic_identity_v015/tests/test_s12_stage_i_pipeline_order.py
    ~ tools/sound_sim/s12/acoustic_identity_v015/tests/test_s12_stage_i_probes.py
    ~ tools/sound_sim/s12/acoustic_identity_v015/tests/test_s12_stage_i_qualification.py
    ~ tools/sound_sim/s12/acoustic_identity_v015/tests/test_s12_stage_i_reference_distance.py
    ~ tools/sound_sim/s12/acoustic_identity_v015/tests/test_s12_stage_i_regression_isolation.py
    ~ tools/sound_sim/s12/acoustic_identity_v015/tests/test_s12_stage_i_source_evidence.py
    ~ tools/sound_sim/s12/acoustic_identity_v015/tests/test_s12_stage_i_step_response_metrics.py
    ~ tools/sound_sim/s12/acoustic_identity_v015/tests/test_s12_stage_i_whine_voicing.py
    ~ tools/sound_sim/s12/acoustic_identity_v015/tests/test_s12_stage_j_candidate_contract.py
    ~ tools/sound_sim/s12/acoustic_identity_v015/tests/test_s12_stage_j_feedback_contract.py
    ~ tools/sound_sim/s12/acoustic_identity_v015/tests/test_s12_stage_j_gtr_source.py
    ~ tools/sound_sim/s12/acoustic_identity_v015/tests/test_s12_stage_j_lfa_source.py
    ~ tools/sound_sim/s12/acoustic_identity_v015/tests/test_s12_stage_j_named_review.py
    ~ tools/sound_sim/s12/acoustic_identity_v015/tests/test_s12_stage_j_reference_distance.py
    ~ tools/sound_sim/s12/acoustic_identity_v015/tests/test_s12_stage_k_c63_source_v3.py
    ~ tools/sound_sim/s12/acoustic_identity_v015/tests/test_s12_stage_k_candidate_contract.py
    ~ tools/sound_sim/s12/acoustic_identity_v015/tests/test_s12_stage_k_gtr_parallel_turbo_v3.py
    ~ tools/sound_sim/s12/acoustic_identity_v015/tests/test_s12_stage_k_hellcat_whine_v4.py
    ~ tools/sound_sim/s12/acoustic_identity_v015/tests/test_s12_stage_k_lfa_transients.py
    ~ tools/sound_sim/s12/acoustic_identity_v015/tests/test_s12_stage_k_named_review.py
    ~ tools/sound_sim/s12/acoustic_identity_v015/tests/test_s12_stage_k_perceptual_metrics.py
    ~ tools/sound_sim/s12/acoustic_identity_v015/tests/test_s12_stage_k_protected_boundaries.py
    ~ tools/sound_sim/s12/acoustic_identity_v015/tests/test_s12_stage_k_regression_isolation.py
    ~ tools/sound_sim/s12/acoustic_identity_v015/tests/test_s12_stage_k_round2_legacy_anchors.py
    ~ tools/sound_sim/s12/acoustic_identity_v015/tests/test_s12_stage_k_round2_remaining_package.py
    ~ tools/sound_sim/s12/acoustic_identity_v015/tests/test_s12_stage_k_round2_remaining_sources.py
    ~ tools/sound_sim/s12/acoustic_identity_v015/tests/test_s12_stage_k_source_level.py
    ~ tools/sound_sim/s12/acoustic_identity_v015/tests/test_s12_stage_k_three_vehicle_round2.py
    ~ tools/sound_sim/s12/acoustic_identity_v015/tests/test_s12_stage_m_attribution.py
    ~ tools/sound_sim/s12/acoustic_identity_v015/tests/test_s12_stage_m_audit.py
    ~ tools/sound_sim/s12/acoustic_identity_v015/tests/test_s12_stage_m_callgraph.py
    ~ tools/sound_sim/s12/acoustic_identity_v015/tests/test_s12_stage_m_closure.py
    ~ tools/sound_sim/s12/acoustic_identity_v015/tests/test_s12_stage_m_feedback.py
    ~ tools/sound_sim/s12/acoustic_identity_v015/tests/test_s12_stage_n_toolchain.py
    ~ tools/sound_sim/s12/acoustic_identity_v015/tests/test_s12_stage_o_feedback_intake.py
    ~ tools/sound_sim/s12/acoustic_identity_v015/tests/test_s12_stage_p_acceptance.py
    ~ tools/sound_sim/s12/acoustic_identity_v015/tests/test_s12_stage_v_candidate_search.py
    ~ tools/sound_sim/s12/acoustic_identity_v015/tests/test_s12_stage_v_core_gates.py
    ~ tools/sound_sim/s12/acoustic_identity_v015/tests/test_s12_stage_v_event_domain.py
    ~ tools/sound_sim/s12/acoustic_identity_v015/tests/test_s12_stage_v_publish.py
    ~ tools/sound_sim/s12/acoustic_identity_v015/tests/test_s12_stage_v_regression.py
    ~ tools/sound_sim/s12/acoustic_identity_v015/tests/test_s12_stage_v_review_package.py
    ~ tools/sound_sim/s12/acoustic_identity_v015/tests/test_s12_stage_v_three_vehicle.py
    ~ tools/sound_sim/s12/acoustic_identity_v015/tests/test_s12_stage_v_vertical_slice.py
    ~ tools/sound_sim/s12/acoustic_identity_v015/tests/test_s12_stage_w_afterfire_localization.py
    ~ tools/sound_sim/s12/acoustic_identity_v015/tests/test_s12_stage_w_bakeoff.py
    ~ tools/sound_sim/s12/acoustic_identity_v015/tests/test_s12_stage_w_boundary_adapter.py
    ~ tools/sound_sim/s12/acoustic_identity_v015/tests/test_s12_stage_w_closure_metadata.py
    ~ tools/sound_sim/s12/acoustic_identity_v015/tests/test_s12_stage_w_final_remediation.py
    ~ tools/sound_sim/s12/acoustic_identity_v015/tests/test_s12_stage_w_persistent_engine.py
    ~ tools/sound_sim/s12/acoustic_identity_v015/tests/test_s12_stage_w_review_package.py
    ~ tools/sound_sim/s12/acoustic_identity_v015/tests/test_s12_stage_w_timbre_map.py
    ~ tools/sound_sim/s12/acoustic_identity_v015/tests/test_s12_stage_w_vehicle_migration.py
    ~ tools/sound_sim/s12/acoustic_identity_v015/tests/test_s12_stage_w_waveguide.py
    ~ tools/sound_sim/s12/acoustic_identity_v015/tests/test_s12_track_p_guard.py
    ~ tools/sound_sim/s12/real_reference/R1_AUDIO_OBD_CAN_CAPTURE_GUIDE_ZH.md
    ~ tools/sound_sim/s12/real_reference/R1_PROVIDER_DELIVERY_CHECKLIST_ZH.md
    ~ tools/sound_sim/s12/real_reference/R1_VENDOR_OWNER_CONTACT_REQUEST_ZH.md
    ~ tools/sound_sim/s12/real_reference/RAW_AUDIO_INTAKE_GUIDE.md
    ~ tools/sound_sim/s12/real_reference/URL_INTAKE_GUIDE.md
    ~ tools/sound_sim/s12/real_reference/__init__.py
    ~ tools/sound_sim/s12/real_reference/analyze_downloaded_sources.py
    ~ tools/sound_sim/s12/real_reference/anchor_ab_validate.py
    ~ tools/sound_sim/s12/real_reference/baseline.py
    ~ tools/sound_sim/s12/real_reference/build_r2_ab_package.py
    ~ tools/sound_sim/s12/real_reference/cli.py
    ~ tools/sound_sim/s12/real_reference/closed_loop_report.py
    ~ tools/sound_sim/s12/real_reference/dashboard_contract.py
    ~ tools/sound_sim/s12/real_reference/feedback.py
    ~ tools/sound_sim/s12/real_reference/feedback_import.py
    ~ tools/sound_sim/s12/real_reference/handoff.py
    ~ tools/sound_sim/s12/real_reference/inventory.py
    ~ tools/sound_sim/s12/real_reference/limited.py
    ~ tools/sound_sim/s12/real_reference/long_window_analysis.py
    ~ tools/sound_sim/s12/real_reference/professional_clip_analysis.py
    ~ tools/sound_sim/s12/real_reference/professional_diagnosis.py
    ~ tools/sound_sim/s12/real_reference/professional_guided_feedback.py
    ~ tools/sound_sim/s12/real_reference/professional_receipts.py
    ~ tools/sound_sim/s12/real_reference/qualification.py
    ~ tools/sound_sim/s12/real_reference/r1_pilot.py
    ~ tools/sound_sim/s12/real_reference/r2_human_feedback.py
    ~ tools/sound_sim/s12/real_reference/raw_audio_intake.py
    ~ tools/sound_sim/s12/real_reference/run_exact_anchor_professional_metrics.m
    ~ tools/sound_sim/s12/real_reference/run_exact_mosqito_metrics.py
    ~ tools/sound_sim/s12/real_reference/run_long_window_mosqito_metrics.py
    ~ tools/sound_sim/s12/real_reference/run_long_window_professional_metrics.m
    ~ tools/sound_sim/s12/real_reference/run_r2_matlab_psychoacoustic_audit.m
    ~ tools/sound_sim/s12/real_reference/rx7_topic_r2.py
    ~ tools/sound_sim/s12/real_reference/schemas/stage_q_reference_manifest.schema.json
    ~ tools/sound_sim/s12/real_reference/stage_r_execute.py
    ~ "tools/sound_sim/s12/real_reference/templates/s12_r1_pilot_hellcat/README_\344\270\255\346\226\207.md"
    ~ tools/sound_sim/s12/real_reference/templates/s12_r1_pilot_hellcat/gear_shift.csv
    ~ tools/sound_sim/s12/real_reference/templates/s12_r1_pilot_hellcat/load_throttle.csv
    ~ tools/sound_sim/s12/real_reference/templates/s12_r1_pilot_hellcat/rights.template.json
    ~ tools/sound_sim/s12/real_reference/templates/s12_r1_pilot_hellcat/rpm.csv
    ~ tools/sound_sim/s12/real_reference/templates/s12_r1_pilot_hellcat/sha256.txt
    ~ tools/sound_sim/s12/real_reference/templates/s12_r1_pilot_hellcat/spec.template.json
    ~ tools/sound_sim/s12/real_reference/url_intake.py
    ~ tools/sound_sim/s12/tests/dashboard_playwright_smoke.py
    ~ tools/sound_sim/s12/tests/test_idle_realism_v2.py
    ~ tools/sound_sim/s12/tests/test_s12_acoustic_comparator_cli.py
    ~ tools/sound_sim/s12/tests/test_s12_acoustic_comparator_contracts.py
    ~ tools/sound_sim/s12/tests/test_s12_acoustic_comparator_core.py
    ~ tools/sound_sim/s12/tests/test_s12_acoustic_comparator_recommendations.py
    ~ tools/sound_sim/s12/tests/test_s12_anchor_ab_validate.py
    ~ tools/sound_sim/s12/tests/test_s12_closed_loop_waiting_report.py
    ~ tools/sound_sim/s12/tests/test_s12_engine_acoustic_realism_v10.py
    ~ tools/sound_sim/s12/tests/test_s12_guided_feedback.py
    ~ tools/sound_sim/s12/tests/test_s12_long_window_analysis.py
    ~ tools/sound_sim/s12/tests/test_s12_professional_clip_analysis.py
    ~ tools/sound_sim/s12/tests/test_s12_professional_dashboard.py
    ~ tools/sound_sim/s12/tests/test_s12_professional_diagnosis.py
    ~ tools/sound_sim/s12/tests/test_s12_professional_mosqito_runner.py
    ~ tools/sound_sim/s12/tests/test_s12_professional_receipts.py
    ~ tools/sound_sim/s12/tests/test_s12_r1_pilot_end_to_end.py
    ~ tools/sound_sim/s12/tests/test_s12_r1_pilot_preflight.py
    ~ tools/sound_sim/s12/tests/test_s12_r1_pilot_templates.py
    ~ tools/sound_sim/s12/tests/test_s12_r2_human_feedback.py
    ~ tools/sound_sim/s12/tests/test_s12_raw_audio_intake.py
    ~ tools/sound_sim/s12/tests/test_s12_rx7_topic_r2.py
    ~ tools/sound_sim/s12/tests/test_s12_stage_j_c63_source.py
    ~ tools/sound_sim/s12/tests/test_s12_stage_n_professional_comparator.py
    ~ tools/sound_sim/s12/tests/test_s12_stage_q_real_reference.py
    ~ tools/sound_sim/s12/tests/test_s12_stage_r2_limited_compare.py
    ~ tools/sound_sim/s12/tests/test_s12_stage_r_execution.py
    ~ tools/sound_sim/s12/tests/test_s12_stage_r_reference_gate.py
    ~ tools/sound_sim/s12/tests/test_s12_stage_s_chinese_contract.py
    ~ tools/sound_sim/s12/tests/test_s12_stage_s_feedback_import.py
    ~ tools/sound_sim/s12/tests/test_s12_stage_t_handoff_gate.py
    ~ tools/sound_sim/s12/tests/test_s12_url_intake.py
