variant,rpm,load,rms,lower_rms,upper_rms,correlation,cancellation_db,worst_500ms_db,peak,above,clip,nonfinite
original,700,0.32,0.07678339656915978,0.07678339656915978,0.07678339656915978,1.000000000000065,0.0,0.0,0.2803858518600464,0,0,0
original,700,0.62,0.1062485630606525,0.1062485630606525,0.1062485630606525,1.0000000000001728,0.0,0.0,0.39249491691589355,0,0,0
original,700,0.92,0.13678393788930404,0.13678393788930404,0.13678393788930404,1.000000000000111,0.0,0.0,0.5046039819717407,0,0,0
original,750,0.32,0.07204696010870436,0.07674109260795872,0.10319338428857175,0.05569229719165252,-0.7595121708651418,-0.8019165410988611,0.2623153030872345,0,0,0
original,750,0.62,0.09977186308239032,0.10618083331318218,0.14922770031313523,0.05687243507917919,-0.7887132549969688,-0.8341561770707895,0.36419177055358887,0,0,0
original,750,0.92,0.12848319406605374,0.13669042120454294,0.1969606625626141,0.05588545837030908,-0.8071747683982312,-0.8537162378187271,0.46956127882003784,0,0,0
original,800,0.32,0.06820847962766655,0.07674686879060699,0.10318951967769936,0.05552154076249267,-1.4417815433810022,-1.5254082965898095,0.25126850605010986,0,0,0
original,800,0.62,0.09464983550210615,0.10618603346678883,0.14922240980788912,0.056728572933641905,-1.4878339669621423,-1.5731484808205642,0.3357129991054535,0,0,0
original,800,0.92,0.12201409407328184,0.13669499419952313,0.19695384894170695,0.05576148835319042,-1.5173156813531086,-1.6026449858783,0.43430474400520325,0,0,0
original,850,0.32,0.06537955587488133,0.07675841148140773,0.10320489966803006,0.05551155741515043,-2.012394185971629,-2.0755003121337863,0.24067091941833496,0,0,0
original,850,0.62,0.09104059396292592,0.10620115243648102,0.14924061839796737,0.0567349691218117,-2.0612128796251454,-2.131781962787253,0.3105641305446625,0,0,0
original,850,0.92,0.11758401885081324,0.13671381152185974,0.19697491334571438,0.055776821396708434,-2.0932278557226827,-2.1663834056304596,0.39991265535354614,0,0,0
original,900,0.32,0.06368106915266274,0.07676143632471841,0.10322226504631013,0.05541343026904511,-2.4385774137138747,-2.501283105085326,0.2295190542936325,0,0,0
original,900,0.62,0.0891056405772949,0.10620318690562618,0.14926213254354925,0.05663688149594327,-2.476684043160589,-2.5425730600171192,0.29377225041389465,0,0,0
original,900,0.92,0.1153968614018525,0.13671515412390142,0.19700091179226714,0.055679028880270307,-2.5031303576524033,-2.5698406867270283,0.38133862614631653,0,0,0
original,950,0.32,0.0632132577138757,0.07675463239772204,0.10323134747148927,0.05551512268801295,-2.695050136252944,-2.7383772347433792,0.21875955164432526,0,0,0
original,950,0.62,0.08896702787941874,0.10619168319610545,0.14926969846723603,0.0567214288409021,-2.7124245884875613,-2.7530553810789007,0.28123733401298523,0,0,0
original,950,0.92,0.11559604759110581,0.13669927941829912,0.19700703818041695,0.055749217679691626,-2.727343112213875,-2.767368135519283,0.3658461272716522,0,0,0
original,1000,0.32,0.06400001805491942,0.07674816717689556,0.10323609057639484,0.05543018177652584,-2.7759294948606206,-2.7869042951289984,0.2083980292081833,0,0,0
original,1000,0.62,0.0906314589209767,0.10618691197294478,0.14927154236612725,0.05662347537864816,-2.768388441104946,-2.778376272719534,0.2843358814716339,0,0,0
original,1000,0.92,0.11817007750104114,0.13669560731053423,0.19700620160289278,0.055654060142284155,-2.7692152887832107,-2.7788952339457706,0.36346036195755005,0,0,0
original,1050,0.32,0.06601317464284717,0.07676133421777982,0.10323565643150936,0.05559044479507175,-2.6920925929028536,-2.71448260175816,0.22481310367584229,0,0,0
original,1050,0.62,0.09402222657721834,0.10620732162698614,0.14926917689204963,0.05675202192252379,-2.6618085577301143,-2.68167185107379,0.30959832668304443,0,0,0
original,1050,0.92,0.1229910749425869,0.13672329366325522,0.19700253825760589,0.05576345332797314,-2.6497246285760676,-2.6692153013728683,0.40175947546958923,0,0,0
original,1100,0.32,0.06911502699694771,0.07675072105430433,0.10322256012070567,0.055607280430350146,-2.4727325120803165,-2.5153336816650156,0.24143539369106293,0,0,0
original,1100,0.62,0.09892026034851319,0.10618947198995214,0.1492480982829543,0.056760893116086716,-2.426078144012406,-2.466558799573541,0.3357468545436859,0,0,0
original,1100,0.92,0.12975631455274766,0.13669849423779626,0.19697433170126344,0.05576656533032986,-2.4045534684890955,-2.4432621190509165,0.4397408068180084,0,0,0
original,1150,0.32,0.07319143144150202,0.07675155307416379,0.1032258332328511,0.05553322445045214,-2.152141393802926,-2.1940151134464245,0.25795406103134155,0,0,0
original,1150,0.62,0.1051508974117165,0.10618740383039034,0.14925010106842146,0.056716481442246974,-2.09744231917902,-2.1393338047274675,0.3645258843898773,0,0,0
original,1150,0.92,0.13822753050961778,0.13669335411992337,0.1969754793378143,0.05573843711078269,-2.070985784865264,-2.11220719208681,0.4777221381664276,0,0,0
original,1200,0.32,0.07809024073652417,0.07675696881424487,0.10323563945383663,0.05552541663229097,-1.7636079763318082,-1.8126320040170616,0.2742004096508026,0,0,0
original,1200,0.62,0.11249116360530259,0.10619521080085499,0.14926099195448553,0.056710145585380185,-1.7092837658719853,-1.7593440459593501,0.3933049142360687,0,0,0
original,1200,0.92,0.14810857060499702,0.13670364233154245,0.19698756003580808,0.055734206693584476,-1.682430579203278,-1.732234191454514,0.5157034397125244,0,0,0
original,1250,0.32,0.08365975351481136,0.07676202873696492,0.10324284288989201,0.055470228837913714,-1.3358504703778653,-1.3682991947059355,0.2909914255142212,0,0,0
original,1250,0.62,0.12072820092327502,0.10620015170460385,0.1492678418318265,0.05664501484487511,-1.2888085631063344,-1.3229208698916464,0.4220317006111145,0,0,0
original,1250,0.92,0.15912309926217824,0.13670865822972586,0.19699412252289247,0.05566429354779342,-1.2652697162566842,-1.2996193379942302,0.5536345839500427,0,0,0
original,1300,0.32,0.08977627831525622,0.07676458972919874,0.10324821140123808,0.05540406816342858,-0.890159559773209,-0.9217378667284206,0.3100598454475403,0,0,0
original,1300,0.62,0.12969524234179663,0.10620427534472106,0.1492738264119009,0.05659240053845755,-0.8555883901002117,-0.8867903584464658,0.4508630037307739,0,0,0
original,1300,0.92,0.17105931340069735,0.13671401811959236,0.19700087219690446,0.055620021688250115,-0.8381516584504206,-0.8686398435724484,0.5916661024093628,0,0,0
original,1350,0.32,0.09633035069192282,0.076756710962176,0.10324557142418164,0.05541097172871235,-0.4415129810420717,-0.45802123140972567,0.3301616609096527,0,0,0
original,1350,0.62,0.1392429294624867,0.10619392385347308,0.14926937609789667,0.05663081027859136,-0.4230422115871416,-0.43927429269378915,0.47950461506843567,0,0,0
original,1350,0.92,0.18372618661344683,0.13670126520833475,0.19699478779980426,0.05567289479196306,-0.4136769418738196,-0.42959802218634935,0.6295329332351685,0,0,0
original,1400,0.32,0.1033336143201963,0.1033336143201963,0.1033336143201963,1.0000000000001603,0.0,0.0,0.35770973563194275,0,0,0
original,1400,0.62,0.14940711691027647,0.14940711691027647,0.14940711691027647,1.0000000000001796,0.0,0.0,0.5101322531700134,0,0,0
original,1400,0.92,0.1971810815608413,0.1971810815608413,0.1971810815608413,1.0000000000001426,0.0,0.0,0.6676287651062012,0,0,0
original,1450,0.32,0.09676348773884139,0.1032618280213908,0.0539036064525462,-0.03059891426711189,-0.30112488741965693,-0.3220406577796489,0.3370693325996399,0,0,0
original,1450,0.62,0.13987280631112067,0.14929210147433,0.07256013823697509,-0.035718160961949054,-0.2824719974198649,-0.302712404551725,0.48450762033462524,0,0,0
original,1450,0.92,0.18458418799957763,0.19702357593550518,0.0928975577500482,-0.037309963658115536,-0.27472549859922624,-0.29406418365557135,0.6359928846359253,0,0,0
original,1500,0.32,0.09041379818282604,0.10326495084212142,0.05388142338163835,-0.028809212730647887,-0.6189755538480555,-0.6639686581194827,0.3189937174320221,0,0,0
original,1500,0.62,0.13064360054360769,0.14929700571494756,0.07253987686934306,-0.03374368028626246,-0.5823123199457754,-0.620966696410382,0.46061059832572937,0,0,0
original,1500,0.92,0.1723818658688226,0.1970300097337784,0.09287744269174981,-0.035340813921345374,-0.5670412790392617,-0.6021457233592962,0.60506272315979,0,0,0
original,1550,0.32,0.08424699112062947,0.10326606006026032,0.05389634436179654,-0.026178625304535567,-0.9523227035495814,-1.041792239969435,0.3040528893470764,0,0,0
original,1550,0.62,0.12164026504309255,0.1492977030419109,0.07254892934170529,-0.03134335238922034,-0.8991623684458938,-0.9842971712493281,0.4368553161621094,0,0,0
original,1550,0.92,0.16045763553583456,0.19703007170586065,0.09288248709149985,-0.03308332453624393,-0.8768768048690229,-0.9577936519606105,0.5739421844482422,0,0,0
original,1600,0.32,0.07826937963538806,0.10327394919731227,0.05391518714399302,-0.026307668989323393,-1.3027127815634834,-1.4396257793798357,0.2889252305030823,0,0,0
original,1600,0.62,0.11287407078916929,0.14930751072925946,0.07255973776752059,-0.031546842075489676,-1.2350352115888534,-1.3458481718054576,0.41291651129722595,0,0,0
original,1600,0.92,0.14882823618657248,0.19704187372157989,0.09288655067559456,-0.03332788006607521,-1.2063700763093879,-1.309053676706484,0.5426135063171387,0,0,0
original,1650,0.32,0.07249320558821305,0.10327702069619897,0.053912908145115325,-0.0292591694103345,-1.6689619526916963,-1.8224475368858564,0.27412429451942444,0,0,0
original,1650,0.62,0.10435664362673784,0.14931108983117256,0.07257057039366008,-0.034644296893922726,-1.5906763903431989,-1.7219700503974562,0.38932108879089355,0,0,0
original,1650,0.92,0.1375088713567245,0.19704630020482572,0.09290943021815264,-0.03638659243929222,-1.5568899961722324,-1.6837061306576504,0.5114463567733765,0,0,0
original,1700,0.32,0.06709880760960815,0.10327496436478197,0.0538965159406137,-0.027801733655620345,-2.0293226901728274,-2.2327206156974695,0.2590051591396332,0,0,0
original,1700,0.62,0.09632943568219937,0.14930671740996423,0.07255361003658829,-0.03326207061496943,-1.9463121884210337,-2.1435581058404023,0.3666323125362396,0,0,0
original,1700,0.92,0.1267999973795984,0.1970398089800905,0.0928911068881753,-0.035091517367744525,-1.9098797316983331,-2.09747894689253,0.4809076189994812,0,0,0
original,1750,0.32,0.06206825459521232,0.1032681684315266,0.053916504287833664,-0.02853694540192914,-2.3845852622170605,-2.6384554412121424,0.24373531341552734,0,0,0
original,1750,0.62,0.08877759470155193,0.14929982378091314,0.07256775169161772,-0.03362993567671988,-2.3028172206853132,-2.5568136273371707,0.34415584802627563,0,0,0
original,1750,0.92,0.11669536819416122,0.19703233406198234,0.09290106307064842,-0.035250941933821806,-2.2657412889933557,-2.511794714297832,0.45025312900543213,0,0,0
original,1800,0.32,0.057565882082957806,0.10324860687379954,0.053891532741420854,-0.027789041768523374,-2.7018395050932997,-2.952544422335055,0.2285856008529663,0,0,0
original,1800,0.62,0.0819001497372697,0.14927516530050575,0.07254435693683373,-0.033023174105642254,-2.6337014823492204,-2.852365876525827,0.3214924931526184,0,0,0
original,1800,0.92,0.10742893462440038,0.19700252677739488,0.09287821136047011,-0.034771734969656715,-2.6013618801297973,-2.8033679528425663,0.4192911982536316,0,0,0
original,1850,0.32,0.05366203565773259,0.10323888432148784,0.053908421175565775,-0.029190094843555756,-2.964503029139418,-3.259275023673667,0.21405304968357086,0,0,0
original,1850,0.62,0.07580210326338535,0.14926168268910434,0.07255666504279361,-0.034538337024218636,-2.9219194721563326,-3.2231235632945046,0.29908204078674316,0,0,0
original,1850,0.92,0.0991471626146941,0.19698548209230385,0.09288668976191833,-0.03630624078169852,-2.8989930167534093,-3.1923686636704556,0.3883783221244812,0,0,0
original,1900,0.32,0.05061264810920255,0.10324172848292769,0.053909972242935075,-0.027800035543344023,-3.110715464224575,-3.3818423687695542,0.198947012424469,0,0,0
original,1900,0.62,0.07085558521877826,0.14926533989238855,0.07256865697663739,-0.03343071826276161,-3.1072716142409904,-3.385722946969538,0.27669036388397217,0,0,0
original,1900,0.92,0.09233463583425479,0.19699004742201764,0.09290878192869988,-0.03533821973247638,-3.100187834222102,-3.3703853695903696,0.3577173352241516,0,0,0
original,1950,0.32,0.048426016809847316,0.10324641498308279,0.0538899597674371,-0.028682662595777363,-3.11482572783133,-3.4062965686798834,0.1839417815208435,0,0,0
original,1950,0.62,0.06712419072863283,0.14927029782684426,0.0725465789109738,-0.03392902324012809,-3.1550116770403442,-3.4556820802649204,0.25480806827545166,0,0,0
original,1950,0.92,0.08710663233367263,0.19699537893099725,0.09288342115262828,-0.03560806936627968,-3.166201199735453,-3.467890197715664,0.3278704285621643,0,0,0
original,2000,0.32,0.04731172582082384,0.10325379093220244,0.053912462900258876,-0.03011790187309311,-2.9240527350689116,-3.195660481774245,0.1704806089401245,0,0,0
original,2000,0.62,0.06489318270454814,0.1492790860450879,0.07256669337731624,-0.03538006892767748,-3.0076468691428127,-3.2572287896655334,0.23303121328353882,0,0,0
original,2000,0.92,0.08382332784499208,0.19700555594575556,0.09290261510443942,-0.03704125053134169,-3.0384099216079896,-3.292550953087621,0.29787594079971313,0,0,0
original,2050,0.32,0.047354204983805645,0.10325383219340573,0.053886634295706955,-0.029100756810496377,-2.499331028250827,-2.6288493534397555,0.16025185585021973,0,0,0
original,2050,0.62,0.06437519019666751,0.14927832188173681,0.07253938808491388,-0.03424184470450767,-2.608817072381107,-2.756891014975693,0.21493728458881378,0,0,0
original,2050,0.92,0.08281525956056665,0.19700395457812753,0.09287292155433408,-0.03590614505358611,-2.652924929889755,-2.8098357246883046,0.2702781856060028,0,0,0
original,2100,0.32,0.04856276926143832,0.10326717138494387,0.05390622256499795,-0.027181136445650924,-1.8480006159730822,-1.973329940809327,0.14993612468242645,0,0,0
original,2100,0.62,0.06559118931791341,0.14930221678323657,0.07255920094063946,-0.03248684155896349,-1.9554609410648762,-2.073166642898926,0.19932867586612701,0,0,0
original,2100,0.92,0.0841201818022555,0.1970380993254909,0.09289367005607281,-0.0342608630556822,-2.0008766724436273,-2.122148469263064,0.2490157186985016,0,0,0
original,2150,0.32,0.05076912340930864,0.10324804793730522,0.05389905299122246,-0.02676529621184354,-1.0029685649587872,-1.03978403644678,0.1461024433374405,0,0,0
original,2150,0.62,0.0683575693151935,0.14927387490886257,0.07255328405185056,-0.032169307044354035,-1.0732855856964099,-1.1104856933185692,0.19187963008880615,0,0,0
original,2150,0.92,0.08753379187048813,0.19700050662734497,0.0928887691273833,-0.0340048916261481,-1.1038416982435264,-1.1431372484388866,0.23765681684017181,0,0,0
original,2200,0.32,0.05391466976729598,0.05391466976729598,0.05391466976729598,1.000000000000181,0.0,0.0,0.1477230042219162,0,0,0
original,2200,0.62,0.07259051305283118,0.07259051305283118,0.07259051305283118,1.0000000000002531,0.0,0.0,0.1947830319404602,0,0,0
original,2200,0.92,0.09294600135518637,0.09294600135518637,0.09294600135518637,1.0000000000001044,0.0,0.0,0.2418430745601654,0,0,0
original,2250,0.32,0.051495961425321486,0.053905639789811714,0.053846179645692716,0.08009034694134488,-0.3967416244151758,-0.42980607525073833,0.14467179775238037,0,0,0
original,2250,0.62,0.0693634062878458,0.07256008936690707,0.08272449334350505,0.07460307784611785,-0.45197295698641027,-0.5165857347206877,0.19177541136741638,0,0,0
original,2250,0.92,0.08883266503842674,0.09289575557383299,0.11399233173190765,0.07010327863797805,-0.48653588893221333,-0.578159603152226,0.2391115128993988,0,0,0
original,2300,0.32,0.04924615777801171,0.0539174279558049,0.05384881655713296,0.07930383944824493,-0.7860309170035139,-0.8490550954654965,0.1417667269706726,0,0,0
original,2300,0.62,0.06641959304434947,0.07256787414545332,0.08271582788749272,0.07182661514554663,-0.8895865878470892,-1.026846353146312,0.18917369842529297,0,0,0
original,2300,0.92,0.08512918431962044,0.09289960170313293,0.11397703282637199,0.06637137121789329,-0.9535741793779458,-1.1375393948419958,0.23658065497875214,0,0,0
original,2350,0.32,0.0471401040314596,0.05390276817871774,0.053852653900788014,0.07795991471615828,-1.1631992506883182,-1.2723022741328616,0.13881108164787292,0,0,0
original,2350,0.62,0.06374424525767675,0.07255781995954681,0.0827361441532187,0.068989791734243,-1.3057354642738528,-1.5281280822568366,0.1863025426864624,0,0,0
original,2350,0.92,0.08183319016459949,0.09289396715091597,0.11400860402532174,0.06278366179933226,-1.3923671495944625,-1.701161108958168,0.23392248153686523,0,0,0
original,2400,0.32,0.045243664836494765,0.05390142889621198,0.05385371562225655,0.07702425757919452,-1.5193121576937978,-1.6786404641702621,0.1358986645936966,0,0,0
original,2400,0.62,0.06140942783463804,0.07255676069956207,0.08273718753599381,0.06664775671455492,-1.6892425406668385,-1.9772430899187476,0.1835116147994995,0,0,0
original,2400,0.92,0.07902717149379133,0.09289304966568972,0.11400957726490026,0.059819767091241136,-1.7903187388057065,-2.192634282297229,0.23122432827949524,0,0,0
original,2450,0.32,0.043554219415637606,0.053888200505507654,0.05384913631525091,0.07560437168210564,-1.8476946661098799,-2.041344338041011,0.13291430473327637,0,0,0
original,2450,0.62,0.05943148891843175,0.07254570277619886,0.08272359827850297,0.06400134988539738,-2.031330307628044,-2.3984510296615418,0.18072649836540222,0,0,0
original,2450,0.92,0.0767444475261964,0.09288317719488025,0.11398813577904483,0.05661518821036969,-2.1377001120670656,-2.6454825579387373,0.22868585586547852,0,0,0
original,2500,0.32,0.04213694994412096,0.053899175140085784,0.05385436864670895,0.07463222659005754,-2.136214002778406,-2.331151553110283,0.13000482320785522,0,0,0
original,2500,0.62,0.057893126326738605,0.0725531442309467,0.0827331956972213,0.061975203280764404,-2.318718422340255,-2.727997217511318,0.17805452644824982,0,0,0
original,2500,0.92,0.07509155263406124,0.09288826614061788,0.11400180253664974,0.05423909123763914,-2.4203665058117605,-2.9923865020763567,0.2261042296886444,0,0,0
original,2550,0.32,0.04098485045856455,0.05391305204589203,0.053844940321348,0.07309794765657975,-2.377569718265827,-2.584412361689206,0.1270739734172821,0,0,0
original,2550,0.62,0.056794991582979834,0.07256267429475231,0.08271568945966191,0.059661906737063286,-2.5433445524229863,-2.968727751387956,0.17525558173656464,0,0,0
original,2550,0.92,0.07407121730746102,0.09289423133640996,0.11397895168302442,0.05173344840790205,-2.6307670454007592,-3.2063455159475245,0.2278611958026886,0,0,0
original,2600,0.32,0.04012549412729024,0.05390238798107724,0.05385433136992131,0.07179714206853931,-2.5606541320072873,-2.850064192628869,0.1243433728814125,0,0,0
original,2600,0.62,0.05618681599691218,0.0725588971321191,0.08273014720087152,0.05780220343076131,-2.694993042622731,-3.1846732624535523,0.17753618955612183,0,0,0
original,2600,0.92,0.07374757994580852,0.09289678086677605,0.1139972448306752,0.0497155976010397,-2.7604025324762302,-3.3946320670168073,0.23445627093315125,0,0,0
original,2650,0.32,0.03961534213938212,0.053901134013233376,0.05385692543351134,0.0717815540051385,-2.671483439758005,-2.9911178278592683,0.12228968739509583,0,0,0
original,2650,0.62,0.05615481990084015,0.07255862675189942,0.08273778403049711,0.05873955398081348,-2.7577671744475514,-3.2524048319486774,0.18140734732151031,0,0,0
original,2650,0.92,0.07423558011723244,0.09289692322437905,0.11400913194191156,0.051173842861234387,-2.793537889131515,-3.46994785223668,0.2409120500087738,0,0,0
original,2700,0.32,0.039418873430054076,0.053914015462296704,0.05385216417844301,0.07036846329731564,-2.7149656662306914,-3.024360679863719,0.12322156876325607,0,0,0
original,2700,0.62,0.05655441605052472,0.07256786528835361,0.08272372127292098,0.05699560298258556,-2.7530281778075247,-3.217988781991355,0.18535275757312775,0,0,0
original,2700,0.92,0.07528356441273251,0.09290372939381651,0.11398717706822865,0.049400246976397506,-2.7602246703869553,-3.380679298078342,0.24748393893241882,0,0,0
original,2750,0.32,0.03959281278655137,0.0538982540239055,0.05384847863364138,0.07112143515040652,-2.674753878164796,-2.9666540595131656,0.12430369853973389,0,0,0
original,2750,0.62,0.0575453302964726,0.07255431780787758,0.08271780584344911,0.059144026888611596,-2.65773728617225,-3.1195416081546457,0.18922190368175507,0,0,0
original,2750,0.92,0.0771450343179797,0.09289140384631857,0.11397973947149431,0.052305383920675456,-2.6353341120709706,-3.253161773782054,0.25414013862609863,0,0,0
original,2800,0.32,0.04011650316516462,0.053908839786161074,0.05385158650623642,0.07201419597007333,-2.561201690165542,-2.7915856366857073,0.12569166719913483,0,0,0
original,2800,0.62,0.059008159096291535,0.07255956601881952,0.0827344850871541,0.06086430190573475,-2.4973363668922097,-2.9469692710184088,0.19315923750400543,0,0,0
original,2800,0.92,0.07960341067222354,0.09289187145611401,0.11400569463594977,0.05450230318456327,-2.4513677625072856,-3.0414798208184575,0.26074469089508057,0,0,0
original,2850,0.32,0.040949990368399636,0.05390601236593388,0.05384914924646944,0.07253176067541081,-2.381710470524556,-2.6056568855978353,0.12693573534488678,0,0,0
original,2850,0.62,0.060894868540966665,0.07256312169880831,0.08272684634452451,0.06286189056705767,-2.279548757662215,-2.670114219399756,0.19706667959690094,0,0,0
original,2850,0.92,0.08260551708440608,0.09290130348094462,0.11399452364066932,0.057306412241144,-2.2159322642235773,-2.7024302628259878,0.26721107959747314,0,0,0
original,2900,0.32,0.04210819627256813,0.05389664116342583,0.05385171019009828,0.07437178656410097,-2.138831066633991,-2.373165257001151,0.1282021403312683,0,0,0
original,2900,0.62,0.06318801799537878,0.07255378867383434,0.08273084853037137,0.06553222431893818,-2.0140444389769674,-2.348092870039647,0.20109646022319794,0,0,0
original,2900,0.92,0.08609940241728643,0.09289154887128404,0.11399987039515579,0.06036594388012985,-1.9416796462006225,-2.35282564402444,0.2739907503128052,0,0,0
original,2950,0.32,0.04352709562198543,0.053909575151297004,0.053854112562662614,0.07492158582328459,-1.8514197254501454,-2.0344734666694104,0.12937483191490173,0,0,0
original,2950,0.62,0.06580741308410673,0.07256361978334253,0.08273616431488953,0.06709587119776313,-1.717235888117044,-2.003622569639892,0.20499032735824585,0,0,0
original,2950,0.92,0.08999287954629995,0.09289926967061982,0.11400772643589668,0.06246304313790598,-1.6428737021868403,-1.9995780552445304,0.28060585260391235,0,0,0
original,3000,0.32,0.045200398919989435,0.05389415809636088,0.05384620340742067,0.0767446962233241,-1.5218033631490415,-1.6808096716607979,0.13049766421318054,0,0,0
original,3000,0.62,0.06872228261132468,0.07254914360273804,0.0827201390828768,0.06922444465463276,-1.3940057473692604,-1.6197138173980905,0.20858237147331238,0,0,0
original,3000,0.92,0.09423317151878126,0.09288523956820005,0.11398533164840448,0.0647824133071408,-1.3252262809306004,-1.5950425184762407,0.28698521852493286,0,0,0
original,3050,0.32,0.04710189984322804,0.053904061707554664,0.05385135603626675,0.07833463239095272,-1.1644394537368086,-1.2686859740873202,0.131880983710289,0,0,0
original,3050,0.62,0.07191700181322128,0.07255613518824222,0.08272609214960608,0.07128037592949818,-1.054553171494548,-1.2161091306191896,0.21279676258563995,0,0,0
original,3050,0.92,0.09880998078075491,0.09288959606412035,0.11399128153317575,0.06707072553398225,-0.9968191672425474,-1.1885807524148626,0.2937784194946289,0,0,0
original,3100,0.32,0.04919252880940066,0.053899857566879164,0.05385589782493009,0.07939062842603596,-0.787391389189039,-0.8563596969002221,0.13312473893165588,0,0,0
original,3100,0.62,0.07533641063510375,0.07255459173575884,0.08273430580954197,0.0726623796252362,-0.7060790216544186,-0.8109237998120431,0.21675965189933777,0,0,0
original,3100,0.92,0.10365485202708213,0.09289037436853441,0.11400280722566886,0.06860092653529833,-0.6641541240020357,-0.7897824461439937,0.30046388506889343,0,0,0
original,3150,0.32,0.051442964803689796,0.05389276193303535,0.05384801164313373,0.08060114854980405,-0.39723453610726095,-0.4255066032050208,0.1364690661430359,0,0,0
original,3150,0.62,0.07893521347966134,0.07254971763091655,0.08271971737400947,0.07403064770593769,-0.353205816206856,-0.4064081112185866,0.22072374820709229,0,0,0
original,3150,0.92,0.1087088410189094,0.09288716595281864,0.11398387032371733,0.07006293217976922,-0.33081501710841166,-0.3948747878919609,0.3071121573448181,0,0,0
original,3200,0.32,0.053920084385210634,0.053920084385210634,0.053920084385210634,1.0000000000001956,0.0,0.0,0.13993018865585327,0,0,0
original,3200,0.62,0.08282837450520862,0.08282837450520862,0.08282837450520862,1.000000000000208,0.0,0.0,0.224693164229393,0,0,0
original,3200,0.92,0.11412564482178636,0.11412564482178636,0.11412564482178636,1.0000000000002034,0.0,0.0,0.31376913189888,0,0,0
original,3250,0.32,0.05137434853892378,0.05384766274996117,0.060673892282353474,-0.03614167578990714,-0.45831712945545716,-0.5285666612642124,0.1397712081670761,0,0,0
original,3250,0.62,0.07904113089284198,0.08272754146279179,0.08024255909485367,-0.0028148986673383345,-0.3840718903341797,-0.4428440720508382,0.22183850407600403,0,0,0
original,3250,0.92,0.1089979961943823,0.11399677568328695,0.10291553767059505,0.017634213627775334,-0.35101759504799435,-0.4105374555682252,0.30918261408805847,0,0,0
original,3300,0.32,0.04907389448206431,0.05385327867399808,0.060661647979609414,-0.035194608291982184,-0.9064912247368855,-1.060746184550311,0.1394781917333603,0,0,0
original,3300,0.62,0.07552839826665617,0.08272531748667362,0.08023330698645201,-0.004037639498824153,-0.7667440901195692,-0.8959682969787263,0.21913233399391174,0,0,0
original,3300,0.92,0.10419048593279875,0.11398924370703076,0.10290982800995224,0.015299059262056151,-0.703625746023051,-0.8323329318107711,0.30485042929649353,0,0,0
original,3350,0.32,0.04696178989922124,0.05385067957881338,0.06067596425911729,-0.03376800704485656,-1.3377697529916734,-1.6185841164009958,0.13943104445934296,0,0,0
original,3350,0.62,0.07223368473168912,0.08273086015539559,0.08024465249207793,-0.0045059657299823305,-1.1428877870040157,-1.355523658520691,0.2165593057870865,0,0,0
original,3350,0.92,0.09964357008777326,0.11400047065900178,0.10291890635145039,0.0139312947097624,-1.053242421496746,-1.2641095670818592,0.3007982075214386,0,0,0
original,3400,0.32,0.04511084774144301,0.05385245099516061,0.060684776844738726,-0.028933149937096732,-1.7365754335998735,-2.1837885748937276,0.13925448060035706,0,0,0
original,3400,0.62,0.06924138018823635,0.08273377970306119,0.08025553236945114,-3.3602664715612465E-4,-1.4989080071738814,-1.841138902504815,0.21401728689670563,0,0,0
original,3400,0.92,0.09546127807924883,0.1140040786877054,0.10293094753539632,0.017813245798726663,-1.387100656430775,-1.6846155586665912,0.2965068221092224,0,0,0
original,3450,0.32,0.04348597241725572,0.05385130718924345,0.06066631562988247,-0.02672209502432204,-2.103238664381584,-2.767403424737951,0.13920363783836365,0,0,0
original,3450,0.62,0.06649061227054184,0.0827288160650497,0.08023642118512984,7.844512465467302E-4,-1.8382517450645375,-2.3100568558099215,0.21166159212589264,0,0,0
original,3450,0.92,0.09154962370203665,0.1139965837894786,0.10291033462102268,0.018142914327523074,-1.710572752343428,-2.1137224771233623,0.292555570602417,0,0,0
original,3500,0.32,0.042181009864784694,0.05385324801564063,0.06066883093537748,-0.02199657906644201,-2.416642295755404,-3.232622621386577,0.13901971280574799,0,0,0
original,3500,0.62,0.06411156762885552,0.08273178317335818,0.0802402165477764,0.004230339109453445,-2.1430835536751074,-2.7403361789886778,0.2097291797399521,0,0,0
original,3500,0.92,0.08808585069279835,0.11400061326311381,0.10291542853797905,0.020910649991555286,-2.0065663699886818,-2.4944514415771084,0.2884998321533203,0,0,0
original,3550,0.32,0.04119587614499053,0.053855576569535525,0.060676291686769794,-0.016900646469165368,-2.670687087530417,-3.5622510840539086,0.13885751366615295,0,0,0
original,3550,0.62,0.06210532351406752,0.08273665708086558,0.08024696335393976,0.007945770970262512,-2.407817697342867,-3.049021580466852,0.2101522982120514,0,0,0
original,3550,0.92,0.08506859327474384,0.11400760733371644,0.10292278999704324,0.02394100811064022,-2.270337035824796,-2.846094149275547,0.28430578112602234,0,0,0
original,3600,0.32,0.04045974430631996,0.05385021106977979,0.06066662446218119,-0.015870958874406153,-2.874163797761067,-3.851424574406262,0.13867446780204773,0,0,0
original,3600,0.62,0.060375568586228966,0.08272505249724474,0.08023514139234449,0.0073694342651567084,-2.639925576236112,-3.3212901122098204,0.21037396788597107,0,0,0
original,3600,0.92,0.08237002889165983,0.11399126969483034,0.10290871283732048,0.02255029136161898,-2.5094089088273397,-3.179279604863907,0.2823623716831207,0,0,0
original,3650,0.32,0.040059720867352405,0.05385276877347517,0.06067689639639019,-0.015200734032634902,-3.0089900326100216,-3.9846913626799623,0.13865798711776733,0,0,0
original,3650,0.62,0.059051609501680764,0.08272772675904114,0.08024600971882168,0.006144127203235279,-2.8211329315620084,-3.5189521996632678,0.2110622227191925,0,0,0
original,3650,0.92,0.08015983792260886,0.11399334898765456,0.10291939130591347,0.02037577910027516,-2.706217748514783,-3.395899266733937,0.2834664583206177,0,0,0
original,3700,0.32,0.040008446272060925,0.05384858150482894,0.06067532415645359,-0.01399592306799906,-3.0670919583255642,-4.034152720706178,0.13851715624332428,0,0,0
original,3700,0.62,0.05818815434843765,0.08272653674241084,0.08024338595407096,0.005879354732945418,-2.9368807358200795,-3.6728748524640964,0.21149444580078125,0,0,0
original,3700,0.92,0.0785325477621305,0.11399416664834452,0.10291550030216076,0.019395443590481218,-2.844221324958738,-3.585136248868033,0.28449746966362,0,0,0
original,3750,0.32,0.04032147504373513,0.05384994359626299,0.06066158240498055,-0.011687698793032286,-3.04565590806065,-3.963573190702778,0.1382955014705658,0,0,0
original,3750,0.62,0.05783263050153216,0.08272234446158706,0.08023331558397162,0.007388888098826144,-2.977330150276598,-3.7139155148168324,0.21198904514312744,0,0,0
original,3750,0.92,0.07755776088936452,0.1139871063922562,0.1029091142784506,0.020352351374913008,-2.9119345320994294,-3.649746760700372,0.2856826186180115,0,0,0
original,3800,0.32,0.04097927571126787,0.05385673491856327,0.060669644451745434,-0.009320577165870656,-2.9530716496848735,-3.892301059344744,0.13820116221904755,0,0,0
original,3800,0.62,0.05795848085956369,0.08273275834508505,0.08024075163397924,0.008924895541541565,-2.947318116746975,-3.7351791539063752,0.21245534718036652,0,0,0
original,3800,0.92,0.07719739797250326,0.11400017045616424,0.10291673031240368,0.02114398010499159,-2.9127744317166786,-3.689599304301075,0.28691399097442627,0,0,0
original,3850,0.32,0.04198614595204125,0.05384965912705858,0.060680219401133474,-0.0051565781055822706,-2.7893354431970963,-3.654691687804614,0.1379980444908142,0,0,0
original,3850,0.62,0.05858757086969401,0.08272882590594212,0.08024944228158032,0.01197770648191273,-2.841825817252194,-3.5562007905802546,0.21318641304969788,0,0,0
original,3850,0.92,0.07751130961686058,0.11399779440510237,0.1029241953630184,0.023658389607950525,-2.8371748452380787,-3.5835105503936333,0.28837475180625916,0,0,0
original,3900,0.32,0.043200853888147275,0.053854799674661585,0.06066793797742098,-0.005087252205131852,-2.5871851671599373,-3.4438269116765086,0.14203223586082458,0,0,0
original,3900,0.62,0.05955208514455201,0.08272752314134513,0.08023563765253892,0.011215562228023016,-2.686950934008441,-3.3576300939682073,0.21374019980430603,0,0,0
original,3900,0.92,0.07828384775774366,0.11399207952328531,0.10290750683766635,0.022402813391372733,-2.709219047934824,-3.3614211913705097,0.2895748019218445,0,0,0
original,3950,0.32,0.04468729258060233,0.05385243015341435,0.06067287264644862,-0.005607772388830454,-2.339842067542392,-3.1444991108063682,0.14605098962783813,0,0,0
original,3950,0.62,0.06093902062508732,0.08273212371780898,0.0802447196094994,0.009436628227238522,-2.4756683419741683,-3.136577659474835,0.21430325508117676,0,0,0
original,3950,0.92,0.07963329130056795,0.11400173132261035,0.10292023524876791,0.019933243500809397,-2.520707135238972,-3.0965751926192633,0.29078254103660583,0,0,0
original,4000,0.32,0.046432541954532766,0.05385880685909199,0.06067164966450015,-0.0052304522281498775,-2.0531063362378412,-2.726145881959746,0.14994415640830994,0,0,0
original,4000,0.62,0.0627399784901875,0.08274235603535567,0.0802406516980585,0.008184287484467118,-2.2105451693989195,-2.7790650812330076,0.21473415195941925,0,0,0
original,4000,0.92,0.08156025716789657,0.11401514711811904,0.10291391523734898,0.01786958511965944,-2.271752567004612,-2.7582273792427325,0.2919582426548004,0,0,0
original,4050,0.32,0.0483973474379175,0.0538527590277529,0.06066084719573584,-0.004092154006574316,-1.7373102639413587,-2.2473359816192993,0.15451397001743317,0,0,0
original,4050,0.62,0.06493332956130639,0.08272974139531215,0.08023195472320412,0.008207230491534587,-1.8988343724083943,-2.3406111008346864,0.21548444032669067,0,0,0
original,4050,0.92,0.08405612568070728,0.11399729919523194,0.10290776106406428,0.017185239726725813,-1.9677411209481745,-2.3742166464415195,0.29327425360679626,0,0,0
original,4100,0.32,0.05057612604892095,0.05385415478314523,0.06067276051620627,-0.002258635838253609,-1.4016438799661979,-1.7820340932876968,0.15940149128437042,0,0,0
original,4100,0.62,0.06749160642464845,0.08273235339139638,0.08024146561933407,0.009441755476244873,-1.5518677126305167,-1.8764055169451277,0.21610257029533386,0,0,0
original,4100,0.92,0.08707519954545538,0.11400104619523994,0.1029154909206741,0.017824532880052507,-1.6201905151077056,-1.922084989390547,0.29459452629089355,0,0,0
original,4150,0.32,0.05291512098462307,0.05385117613238959,0.06068041494270074,-3.689013056970778E-4,-1.0550395108348305,-1.332471246528339,0.16344812512397766,0,0,0
original,4150,0.62,0.07033691724800298,0.08272589661050246,0.08025094390398275,0.010537402175728279,-1.1817881021256147,-1.397550135332554,0.2167985439300537,0,0,0
original,4150,0.92,0.09051934151176315,0.11399250010935402,0.10292606169315817,0.018298092497457237,-1.2421037949439604,-1.4547086876539037,0.2963125705718994,0,0,0
original,4200,0.32,0.05537227487724679,0.053850443125722285,0.060665495879052025,0.0010196092814277135,-0.7038264772279286,-0.8734274266943943,0.1680530607700348,0,0,0
original,4200,0.62,0.07341242945847543,0.08272441152807128,0.08023593059496878,0.011237284112152586,-0.7964413844348937,-0.9277780384076204,0.21767112612724304,0,0,0
original,4200,0.92,0.09431825618358063,0.1139898510522843,0.1029101941962215,0.01859818212809924,-0.8418531525161993,-0.9749878391376243,0.2979700565338135,0,0,0
original,4250,0.32,0.057957600114665754,0.053854154518990296,0.06066782928471858,-0.0017639579611280533,-0.35250572453229634,-0.42889235318803315,0.17234398424625397,0,0,0
original,4250,0.62,0.07671406353142478,0.08272937351313783,0.08023923997662902,0.007937317087749968,-0.4024803189553715,-0.46402057419867326,0.2185172289609909,0,0,0
original,4250,0.92,0.09845022823198278,0.11399538017896395,0.10291452686162908,0.014901392336379223,-0.42760513020496105,-0.49002045608888134,0.2995345890522003,0,0,0
original,4300,0.32,0.06070118252867615,0.06070118252867615,0.06070118252867615,1.0000000000001064,0.0,0.0,0.1768636256456375,0,0,0
original,4300,0.62,0.08028997026252219,0.08028997026252219,0.08028997026252219,1.000000000000204,0.0,0.0,0.2210380733013153,0,0,0
original,4300,0.92,0.10298282809353289,0.10298282809353289,0.10298282809353289,1.0000000000002418,0.0,0.0,0.30123716592788696,0,0,0
original,4350,0.32,0.05857824539364159,0.060666281302072286,0.1773231398525271,-0.0038016400034581637,-0.9736763886805467,-1.1140804420535497,0.18095578253269196,0,0,0
original,4350,0.62,0.07764466316669184,0.08023547950250216,0.2673354526754083,-0.00456168730375694,-1.0905112805431365,-1.2798338427291356,0.22784028947353363,0,0,0
original,4350,0.92,0.09967187709041532,0.10290953056804779,0.358034206785785,-0.004857430236299013,-1.131504070205023,-1.3399316118616857,0.3088779151439667,0,0,0
original,4400,0.32,0.05747241889303589,0.06067418838969328,0.17731673351753185,-0.005247705610156617,-1.7615728065823466,-2.0370307248731754,0.18589168787002563,0,0,0
original,4400,0.62,0.07672239182586109,0.0802435261636049,0.267325936680874,-0.006259751444106117,-1.931924941228997,-2.2914756797731193,0.23583191633224487,0,0,0
original,4400,0.92,0.09875672483581682,0.10291712596426487,0.3580213512830376,-0.006645669410959022,-1.9894066029716795,-2.384302056296908,0.31750863790512085,0,0,0
original,4450,0.32,0.057395313607408155,0.06067336303386524,0.17731038942179864,-0.00657553945146405,-2.352946695138007,-2.741157058297343,0.19050686061382294,0,0,0
original,4450,0.62,0.07752018397285103,0.08024186200919346,0.2673160462460163,-0.007847781838023557,-2.5210901156085486,-3.025911420947547,0.24345296621322632,0,0,0
original,4450,0.92,0.10022194135184674,0.10291444233115203,0.3580081622722742,-0.00834320253329228,-2.574616196247081,-3.1232935082793816,0.3268680274486542,0,0,0
original,4500,0.32,0.05837608467443274,0.06066243645140548,0.17731954642469758,-0.007073589600074073,-2.7485245346639022,-3.2071961191981684,0.19516386091709137,0,0,0
original,4500,0.62,0.08003393236080178,0.08023393443171738,0.2673299843485606,-0.008424362615378133,-2.873515715699233,-3.45427740542795,0.251039981842041,0,0,0
original,4500,0.92,0.10403554309549727,0.10290950099936515,0.3580267926194456,-0.008956947341304585,-2.909388621758154,-3.534375518010547,0.33534830808639526,0,0,0
original,4550,0.32,0.06046235694202998,0.06066758364755932,0.17732498359227591,-0.004453572699357133,-2.955734398811773,-3.470089752326136,0.19986657798290253,0,0,0
original,4550,0.62,0.08425508397506425,0.08023848169933387,0.2673381607376025,-0.005388102111348488,-3.014883762453522,-3.63901184711641,0.2586790919303894,0,0,0
original,4550,0.92,0.11014342619968615,0.10291412052519107,0.3580376468141843,-0.0057780897737565035,-3.0269305662334975,-3.6880164836011446,0.3429924249649048,0,0,0
original,4600,0.32,0.06347120200481607,0.06067756434471323,0.177305125685411,-0.001789496425722952,-3.017324257731209,-3.538953244144037,0.20462536811828613,0,0,0
original,4600,0.62,0.08983129782997422,0.08024712167352972,0.267308090171648,-0.0022953931672317057,-3.0083664899492164,-3.627179077347302,0.2671535611152649,0,0,0
original,4600,0.92,0.11804144478903227,0.10292199144150056,0.3579974706808902,-0.002524451852625141,-2.997545480085245,-3.6485159463111527,0.351483017206192,0,0,0
original,4650,0.32,0.06725098730536318,0.060667894383363535,0.17731108755318697,3.356014604197473E-4,-2.972001216945298,-3.482419494068321,0.20947057008743286,0,0,0
original,4650,0.62,0.09649100422846273,0.08023641368751809,0.2673172074478739,1.6500042061019812E-4,-2.904167205980135,-3.488287608803396,0.27746886014938354,0,0,0
original,4650,0.92,0.12734931752370907,0.10290910774321742,0.35800969405595323,5.8489112146321264E-5,-2.874900813422477,-3.4820332010731336,0.36612468957901,0,0,0
original,4700,0.32,0.07153191714487454,0.06067036689097591,0.17731903471243168,-0.002655668436744759,-2.8711121923630403,-3.324387684987386,0.2143518328666687,0,0,0
original,4700,0.62,0.10378439754529506,0.08024213659976986,0.26732922241006135,-0.0032551830600013186,-2.760023256068541,-3.268150962700185,0.2883419096469879,0,0,0
original,4700,0.92,0.13745094120225412,0.1029176330952615,0.3580256647358507,-0.0034988398448774004,-2.718060742283005,-3.2429728789249608,0.3818119764328003,0,0,0
original,4750,0.32,0.07636746737958687,0.060670535252494266,0.17732661018166437,-0.005508889047122161,-2.717220143189802,-3.1109677832900444,0.21916481852531433,0,0,0
original,4750,0.62,0.11180526241619737,0.08023997888225681,0.267339872334163,-0.00648001661918746,-2.575852671235501,-3.009313934900746,0.2991597056388855,0,0,0
original,4750,0.92,0.1484791150821547,0.10291367505848835,0.35803942721384135,-0.006842364254981665,-2.5256578094643096,-2.9711688241290775,0.3970646560192108,0,0,0
original,4800,0.32,0.08166487133315578,0.060671157730310045,0.17730617170682597,-0.007898420952744392,-2.529240012688112,-2.868537726740683,0.22398489713668823,0,0,0
original,4800,0.62,0.1204120331812639,0.08024356738649846,0.267309676611739,-0.00933049805890769,-2.370060706401624,-2.734899832795769,0.31016573309898376,0,0,0
original,4800,0.92,0.16024466008881164,0.10292059379396855,0.3579995126179236,-0.009866818486931857,-2.3157065214183943,-2.6877636765965662,0.41310107707977295,0,0,0
original,4850,0.32,0.08747924788951655,0.06067034282195644,0.17731337351281243,-0.005982441084153898,-2.3100274283452364,-2.601349935925527,0.22938188910484314,0,0,0
original,4850,0.62,0.12971287691436795,0.08023932247589817,0.2673205933867708,-0.007063162617382374,-2.14171014655538,-2.454409671119135,0.3210541605949402,0,0,0
original,4850,0.92,0.17290600943189063,0.10291342051373101,0.35801405793326485,-0.007458450046568625,-2.0857171641192744,-2.4047938017423798,0.4285804331302643,0,0,0
original,4900,0.32,0.0935960841996342,0.06067773325797099,0.17732021527685984,-0.0038728102359795683,-2.085710769769368,-2.3452201689543855,0.2362465262413025,0,0,0
original,4900,0.62,0.1393783983548674,0.08024829348521456,0.26733025410247185,-0.004659104801512146,-1.9165499773725192,-2.1890494467343675,0.3324105143547058,0,0,0
original,4900,0.92,0.1860186187811402,0.10292339081801179,0.3580265402517107,-0.0049461144165203,-1.8613468672212767,-2.1372123687020044,0.4439900517463684,0,0,0
original,4950,0.32,0.09994548207779118,0.06067628644346765,0.17732858357691061,-0.001959931905499538,-1.8635650220811584,-2.0818243867772717,0.24293410778045654,0,0,0
original,4950,0.62,0.1493207670420063,0.08024608851464715,0.26734239752260097,-0.0024510942201424256,-1.6994308028135954,-1.9295659606549707,0.3439021110534668,0,0,0
original,4950,0.92,0.19947367499574084,0.10292024888023615,0.3580424376886277,-0.002624576709531707,-1.646644541072776,-1.880337485592691,0.4595753252506256,0,0,0
original,5000,0.32,0.10642236177466466,0.060666492211774024,0.17731085858842258,-0.0021578659168818887,-1.6515229598732493,-1.8389957654073026,0.24956896901130676,0,0,0
original,5000,0.62,0.15939117231619435,0.08023791045137502,0.2673167126055743,-0.002668967163338066,-1.4968102234186176,-1.6890602557069168,0.35515686869621277,0,0,0
original,5000,0.92,0.21307495641732488,0.1029132235456451,0.35800877403627046,-0.0028641264541891596,-1.4476702804334733,-1.6417810158826083,0.4751645028591156,0,0,0
original,5050,0.32,0.11307980910600005,0.06067274125961744,0.1773147211255885,-0.0023939174090489433,-1.4467359104955513,-1.603302403463014,0.2564423084259033,0,0,0
original,5050,0.62,0.16967446928856983,0.08024380223158924,0.26732189438687926,-0.003035233143464064,-1.304381445008934,-1.4623725430013295,0.36666277050971985,0,0,0
original,5050,0.92,0.22693836096344255,0.10291969083886052,0.35801530481566335,-0.0032936964019830003,-1.259610408135468,-1.4189882657041148,0.49097535014152527,0,0,0
original,5100,0.32,0.11987693131342948,0.06067688510180595,0.17731988478217256,-0.0027127733834562094,-1.2504496528156035,-1.3777670361122927,0.2632159888744354,0,0,0
original,5100,0.62,0.1801255172991531,0.08024873710483968,0.26732938243166837,-0.0034150810796276286,-1.1222660725538416,-1.2499340995199,0.37812840938568115,0,0,0
original,5100,0.92,0.24101060210058656,0.1029255529923041,0.35802506940745643,-0.0037076453785848387,-1.0822723443742306,-1.211184720831267,0.5070021152496338,0,0,0
original,5150,0.32,0.12677616387775004,0.060672058321606256,0.1773174181119197,-0.0036604839267800524,-1.0639202856819634,-1.1661351535692446,0.26979511976242065,0,0,0
original,5150,0.62,0.1906895911135271,0.0802417117649855,0.267326246202586,-0.004619770617000646,-0.9512566143456526,-1.0533937270277207,0.3891739249229431,0,0,0
original,5150,0.92,0.2552187814631423,0.1029155705200134,0.3580212456785902,-0.005026907027091923,-0.9163441333448042,-1.0173928809502282,0.5229212045669556,0,0,0
original,5200,0.32,0.1337704106539484,0.06067126089592092,0.17730971525853492,-0.004915186816607238,-0.8868378712776599,-0.9627487387673007,0.27679526805877686,0,0,0
original,5200,0.62,0.20136651391998278,0.08023998652949788,0.2673143832666522,-0.006027422484689499,-0.7902301742980744,-0.8673368738217355,0.40116623044013977,0,0,0
original,5200,0.92,0.2695676273349064,0.10291280155490608,0.3580052529988835,-0.006485136757303445,-0.7604474915551842,-0.8381889453153162,0.5380101799964905,0,0,0
original,5250,0.32,0.1408653898956677,0.06067406385582514,0.17731518580573222,-0.006123165374015395,-0.7185915095930404,-0.7793078270311399,0.28371044993400574,0,0,0
original,5250,0.62,0.21216641231037534,0.08024356347251696,0.26732223885016604,-0.007375707363904481,-0.6383932768435259,-0.7012384350360507,0.4126167297363281,0,0,0
original,5250,0.92,0.2840701857013717,0.10291752584240611,0.35801546669489454,-0.007882470954313025,-0.6137826325062495,-0.6777774885103016,0.5538438558578491,0,0,0
original,5300,0.32,0.14806570046105824,0.06066618667324192,0.17732035893162892,-0.004637124114227138,-0.5573427134428377,-0.6063209031817336,0.29070061445236206,0,0,0
original,5300,0.62,0.22310087933438874,0.0802370297824279,0.2673311744509652,-0.0057004191262709685,-0.49368970895482744,-0.5438074095556495,0.42443108558654785,0,0,0
original,5300,0.92,0.2987442829569994,0.1029125253571965,0.3580282927459995,-0.006144614518263067,-0.47424279382945,-0.5249488014112048,0.5717845559120178,0,0,0
original,5350,0.32,0.15531150866700602,0.06067504121762337,0.17730842072015002,-0.0024595567342167177,-0.4052395973963817,-0.437772199407547,0.29770398139953613,0,0,0
original,5350,0.62,0.23408141574890567,0.08024473680811715,0.2673125501283083,-0.0031974094845122355,-0.35793261443344576,-0.39250060667142384,0.43967801332473755,0,0,0
original,5350,0.92,0.3134711897185026,0.10291960011921653,0.3580027317275746,-0.003521130016589908,-0.3435251899914909,-0.3790637846772603,0.5936249494552612,0,0,0
original,5400,0.32,0.1626105078539063,0.06067413848075634,0.17730934001301224,-3.331227918617191E-4,-0.26197653456412684,-0.2856154187580741,0.30421924591064453,0,0,0
original,5400,0.62,0.24512407910707473,0.08024435027611924,0.26731362282881665,-6.942475132095915E-4,-0.23079094312412687,-0.25405910647878677,0.45719844102859497,0,0,0
original,5400,0.92,0.3282748924966624,0.10291921705864693,0.3580040815281766,-8.837052978359689E-4,-0.2213217275273257,-0.24449876998292341,0.6166606545448303,0,0,0
original,5450,0.32,0.16994351366033036,0.06066921297933382,0.17731523926784024,-9.450905136462763E-4,-0.1274232309371224,-0.1369316629787904,0.3113906979560852,0,0,0
original,5450,0.62,0.2562019599729201,0.0802411509891201,0.2673233655514629,-0.001418558123405568,-0.11204446419041571,-0.12164907900967695,0.4743538200855255,0,0,0
original,5450,0.92,0.3431200731550988,0.10291682153400034,0.35801777597581247,-0.0016523370414639688,-0.10738784353915165,-0.11710582770107833,0.6392850875854492,0,0,0
original,5500,0.32,0.17761142627368406,0.17761142627368406,0.17761142627368406,1.0000000000001843,0.0,0.0,0.32103431224823,0,0,0
original,5500,0.62,0.26777371184245746,0.26777371184245746,0.26777371184245746,1.0000000000002147,0.0,0.0,0.49141353368759155,0,0,0
original,5500,0.92,0.35862139167853085,0.35862139167853085,0.35862139167853085,1.0000000000000808,0.0,0.0,0.661886990070343,0,0,0
original,5550,0.32,0.17049718374680325,0.17730793044674445,0.02968791961891928,0.00434889786053282,-0.05753187450014613,-0.062066913369585974,0.30985528230667114,0,0,0
original,5550,0.62,0.25705963796033,0.2673114582512103,0.04282325507635957,0.01464102562891112,-0.05448842883729631,-0.05864119929605609,0.47522425651550293,0,0,0
original,5550,0.92,0.3442858900116461,0.35800100290555514,0.05773608815540952,0.021164635261359463,-0.05448579360508896,-0.05930815761593288,0.6405973434448242,0,0,0
original,5600,0.32,0.1636974579503004,0.177310558411301,0.029692874974621614,0.00448260467473003,-0.11898652716607969,-0.12707531473143915,0.29940494894981384,0,0,0
original,5600,0.62,0.24682320482727893,0.26731630428009834,0.042828356187027926,0.014482027814177003,-0.11274796149043301,-0.12109973466360643,0.4595682621002197,0,0,0
original,5600,0.92,0.33059131179803547,0.3580083119202719,0.05774155365883085,0.020774995704108352,-0.11275610356877735,-0.12253532672981791,0.6198437213897705,0,0,0
original,5650,0.32,0.15690775776658192,0.17731483407767795,0.02968592018014707,0.004360728369629145,-0.18473782991201224,-0.1982113080642686,0.28886914253234863,0,0,0
original,5650,0.62,0.23659967421027062,0.2673225371487969,0.0428219003197042,0.014259896533030073,-0.1751323217711585,-0.18811290861989394,0.44412922859191895,0,0,0
original,5650,0.92,0.3169135295753696,0.35801665814314526,0.05773529143403267,0.02048855611288933,-0.17514690709677339,-0.18981127530841443,0.5993893146514893,0,0,0
original,5700,0.32,0.1501255488881148,0.17732004412656094,0.029686530687440572,0.0035088900008094243,-0.2555018565671739,-0.27266245237977776,0.27827689051628113,0,0,0
original,5700,0.62,0.2263887609702901,0.26733052384417877,0.04282029203232544,0.01368606162078785,-0.24220732176882212,-0.26105551656096904,0.4281737208366394,0,0,0
original,5700,0.92,0.3032550706194875,0.3580273691107722,0.05773190222749242,0.020130434007652406,-0.24214256408855195,-0.262687869163392,0.5782526135444641,0,0,0
original,5750,0.32,0.14334061577934445,0.17730893561618688,0.02968840119266109,0.0027686019679024204,-0.33169686131327814,-0.3543654072842484,0.2675684690475464,0,0,0
original,5750,0.62,0.21617185202648082,0.2673139770624516,0.04282379916435407,0.013054900547032705,-0.31451253431917175,-0.33872150857506955,0.4123380780220032,0,0,0
original,5750,0.92,0.2895885549673571,0.3580051548868165,0.057736890101559434,0.019606206655492467,-0.31435808504950635,-0.3411977653484606,0.55710768699646,0,0,0
original,5800,0.32,0.1365791306783845,0.17731034154384293,0.029689471570970953,0.0021316160119785148,-0.4138411133477943,-0.44129602958982045,0.2569986581802368,0,0,0
original,5800,0.62,0.2059816282535042,0.2673157510162285,0.04282443898691176,0.011834252489288011,-0.3927813549659902,-0.4233351118036025,0.39666539430618286,0,0,0
original,5800,0.92,0.27595282655732645,0.35800755591128725,0.057736735487419893,0.018062226824127683,-0.3926686411767128,-0.426283408675464,0.5363321304321289,0,0,0
original,5850,0.32,0.12983556230941176,0.1773152643204969,0.0296892327025335,0.0015941285691407985,-0.5025883642833996,-0.5334774518348326,0.24638165533542633,0,0,0
original,5850,0.62,0.19581480935831083,0.26732326733067974,0.04282334979267323,0.010713574804592708,-0.4775005607899957,-0.5153688541428275,0.38112327456474304,0,0,0
original,5850,0.92,0.26234727339194513,0.35801761708651814,0.057734995025351586,0.016614164303448864,-0.47746515329911426,-0.5212945638658595,0.515864908695221,0,0,0
original,5900,0.32,0.1231151692277203,0.1773213657712158,0.02968723013979794,0.0016301417270267106,-0.5983666759877988,-0.6357853034782829,0.23564130067825317,0,0,0
original,5900,0.62,0.1856834628660891,0.26733248302027585,0.04282346425681801,0.010555239275150594,-0.5689212859967601,-0.6142166859864957,0.36507049202919006,0,0,0
original,5900,0.92,0.2487921945248068,0.35802986689749206,0.05773693990265537,0.01634977840343377,-0.5688741257477279,-0.620525359284984,0.4945966601371765,0,0,0
original,5950,0.32,0.11641053820723804,0.1773080201236621,0.029688306349676567,0.00232307190922036,-0.7019527994176479,-0.7541877461244504,0.22561010718345642,0,0,0
original,5950,0.62,0.17557523654727628,0.2673123214229687,0.042822953820027446,0.011287636611804689,-0.6677057953545209,-0.7149813065146959,0.34958019852638245,0,0,0
original,5950,0.92,0.23527067935550255,0.3580029053789362,0.05773457090829216,0.017100711516332787,-0.6675018393021452,-0.720449230534811,0.4740447402000427,0,0,0
original,6000,0.32,0.1097409044715282,0.1773134643943623,0.029689587578114598,0.0025579693224538754,-0.8148962856120611,-0.8736020048265256,0.21514374017715454,0,0,0
original,6000,0.62,0.16551257218007911,0.2673204102460718,0.042828256425702316,0.011296147230263806,-0.7758610201854439,-0.8267706821144072,0.3338783383369446,0,0,0
original,6000,0.92,0.22180641024218897,0.35801369279802836,0.057744056868231405,0.016926187404378384,-0.7756616250434745,-0.8348129898829532,0.45322054624557495,0,0,0
original,6050,0.32,0.10310301097893611,0.1773195985206419,0.029690437818581387,0.00280196884054628,-0.9380329661073108,-0.9899693229496753,0.2047715187072754,0,0,0
original,6050,0.62,0.155493578817111,0.2673298115353791,0.042826255181857335,0.011354520788808211,-0.893852423101938,-0.9476128233829662,0.31824445724487305,0,0,0
original,6050,0.92,0.2084008112817087,0.35802626419675343,0.0577398457862388,0.016821682213090817,-0.893574976876479,-0.9586880091030286,0.43248260021209717,0,0,0
original,6100,0.32,0.09650113132311366,0.17732232064635703,0.02968849817173306,0.0030742157565390037,-1.072502725552197,-1.1137670597892435,0.1942846029996872,0,0,0
original,6100,0.62,0.1455234515685298,0.26733333260804465,0.0428235279940514,0.011457992808922257,-1.0230260040495947,-1.0801631980210735,0.30276691913604736,0,0,0
original,6100,0.92,0.19506089210221658,0.35803060247297286,0.05773634400642857,0.016772631255351528,-1.0226446548345403,-1.0919199228603214,0.4119536280632019,0,0,0
original,6150,0.32,0.08993597849018363,0.17730844459012823,0.029688456812004316,0.003251502963187369,-1.2200076935898947,-1.2855348631894583,0.18438798189163208,0,0,0
original,6150,0.62,0.13560263442977447,0.267313045208932,0.04282507497459525,0.01144538397681244,-1.1651405527923795,-1.2521530272881387,0.2870420813560486,0,0,0
original,6150,0.92,0.18178857797891473,0.35800387030359965,0.05773941901826223,0.01663535442495198,-1.1645731945524047,-1.2651501373992322,0.39108821749687195,0,0,0
original,6200,0.32,0.08343979737471045,0.17731259420739554,0.029686386803028982,0.0036138312836324943,-1.3812264633002984,-1.4735159340237711,0.17364054918289185,0,0,0
original,6200,0.62,0.12577788625521089,0.2673191795650279,0.04282169260216195,0.011646273807878887,-1.3208660384763462,-1.4413788196023045,0.27152004837989807,0,0,0
original,6200,0.92,0.16864542893129564,0.3580119987758928,0.0577343821440625,0.016722281065083763,-1.3199783007107118,-1.4584109176552673,0.37051066756248474,0,0,0
original,6250,0.32,0.07701577738119768,0.177318475621011,0.029689222949409635,0.003947282477729687,-1.5581009781584696,-1.6543321315334047,0.16380208730697632,0,0,0
original,6250,0.62,0.11605241231296005,0.26732747627609077,0.04282417310871066,0.011833767398495123,-1.492300577004551,-1.5988897896048773,0.25589627027511597,0,0,0
original,6250,0.92,0.1556362950257491,0.35802271813880465,0.05773690848650082,0.01680784406506642,-1.4909241807834595,-1.602607916605364,0.34979140758514404,0,0,0
original,6300,0.32,0.07067995715967937,0.17732199996079834,0.029688559876833533,0.004222774858356024,-1.751448802281679,-1.8688392631319082,0.1533568799495697,0,0,0
original,6300,0.62,0.10644815696153988,0.26733254577727905,0.042823453782926686,0.01194649748910863,-1.6806786751905736,-1.790247555459491,0.24029326438903809,0,0,0
original,6300,0.92,0.14279050206292895,0.3580292946327954,0.05773611242850266,0.016809094260408997,-1.6786503498555891,-1.8099613484426427,0.3290849030017853,0,0,0
original,6350,0.32,0.06445427850827279,0.1773100854174499,0.029692561011203416,0.004344243333916609,-1.9622177877168876,-2.115951279913703,0.14312173426151276,0,0,0
original,6350,0.62,0.09699755717974297,0.26731547657469223,0.042827546328424976,0.011993851945901341,-1.8870409369119052,-2.0211841048916264,0.22479552030563354,0,0,0
original,6350,0.92,0.1301537548756926,0.3580070085335304,0.05773987582123965,0.01679792581940327,-1.8839114664458267,-2.025195524831722,0.3084969222545624,0,0,0
original,6400,0.32,0.05837574837480043,0.17731426786921253,0.02968802797998961,0.0038752845001033347,-2.1894775913588607,-2.3655960756220464,0.1328679472208023,0,0,0
original,6400,0.62,0.08775603871119753,0.26732092433765675,0.042824564944682834,0.011613922772046174,-2.1110897419853147,-2.2697162314325574,0.20894289016723633,0,0,0
original,6400,0.92,0.11780364339804039,0.3580138204081629,0.05773856420085728,0.01647208523593528,-2.1062299302771152,-2.2642466620355237,0.28753337264060974,0,0,0
original,6450,0.32,0.0524994589953328,0.17731759999426083,0.029687689910614497,0.003128586948739289,-2.428372935181084,-2.6031444172020457,0.12267978489398956,0,0,0
original,6450,0.62,0.07879682051582015,0.2673258991538638,0.04282354745181894,0.01100992169733538,-2.3490145530658406,-2.503034681733116,0.19371303915977478,0,0,0
original,6450,0.92,0.10583498337907793,0.35802039181899264,0.0577366449761857,0.0159595136783602,-2.341568702828219,-2.521694190396921,0.26725271344184875,0,0,0
original,6500,0.32,0.046910312890914595,0.17732476383116227,0.029688844215174058,0.0024004074171644365,-2.6654183600707326,-2.8521982574597478,0.1142343282699585,0,0,0
original,6500,0.62,0.07024024967793212,0.26733761205418966,0.04282354733171655,0.010458456889847681,-2.5892672758957147,-2.804913053847425,0.17798665165901184,0,0,0
original,6500,0.92,0.09440857188745028,0.3580367417407992,0.057735545292594045,0.015513660712501449,-2.5782951552178925,-2.8290284323181094,0.24641916155815125,0,0,0
original,6550,0.32,0.041721468889028834,0.17731105232692101,0.029690251575722387,0.0017852145079416371,-2.8731713272492576,-3.0869675870165474,0.10602952539920807,0,0,0
original,6550,0.62,0.062242661214376244,0.26731636639641293,0.04282776427764982,0.009809286577041634,-2.8080699638251696,-3.0914465267838582,0.16253960132598877,0,0,0
original,6550,0.92,0.0837291663850759,0.3580078252594223,0.057742736425630124,0.014860963216531787,-2.7930535630011164,-3.1213198356753793,0.22585320472717285,0,0,0
original,6600,0.32,0.037111159334951495,0.17732580838151737,0.029690718662631673,0.0013351556673649628,-2.9971665070876625,-3.2258632350845313,0.0974794328212738,0,0,0
original,6600,0.62,0.05506135034786864,0.26733816030565055,0.04282609504353416,0.009060687055347303,-2.9541118192789306,-3.200079957692364,0.14775162935256958,0,0,0
original,6600,0.92,0.07413580596896925,0.3580366585762195,0.05773926822465707,0.013951548568871973,-2.9349990494345253,-3.1924065570946816,0.20531806349754333,0,0,0
original,6650,0.32,0.03332152357587072,0.17731816802601583,0.02968697763863997,0.001909033454604818,-2.9358104901532083,-3.138486382810301,0.08907769620418549,0,0,0
original,6650,0.62,0.049085303190902534,0.26732757863528717,0.042823605631423046,0.009775194415227508,-2.9236338651946,-3.1538034871467833,0.13455456495285034,0,0,0
original,6650,0.92,0.0661622034772423,0.35802327039773496,0.057737230344999224,0.014741899552814297,-2.899888949987926,-3.1601339565525928,0.18485897779464722,0,0,0
original,6700,0.32,0.030647146055855386,0.17732191932081062,0.029689399495752958,0.002845069491251083,-2.5375624099883853,-2.7016707874634616,0.08074958622455597,0,0,0
original,6700,0.62,0.044759345536457475,0.26733310872582267,0.04282598119050747,0.010925956525074911,-2.5592019671291375,-2.7557941505906975,0.12151467800140381,0,0,0
original,6700,0.92,0.06038422549389137,0.35803069430182305,0.057740246247091516,0.016011975144561826,-2.534003454116893,-2.7533107074120227,0.16713520884513855,0,0,0
original,6750,0.32,0.029372917555957556,0.17731218634573745,0.02968826978947466,0.003498734817183952,-1.6128058104798866,-1.7216702979635108,0.0723733901977539,0,0,0
original,6750,0.62,0.04255768620528326,0.267317464059934,0.04282476983737076,0.011631325324208894,-1.6496853220583516,-1.765584692442238,0.10840901732444763,0,0,0
original,6750,0.92,0.05742320708294486,0.35800885210299377,0.0577387925228709,0.016722546154773976,-1.6313676560976536,-1.76055700781684,0.15109479427337646,0,0,0
original,6800,0.32,0.02969972634150331,0.02969972634150331,0.02969972634150331,1.0000000000001377,0.0,0.0,0.06402895599603653,0,0,0
original,6800,0.62,0.04283924107936219,0.04283924107936219,0.04283924107936219,1.0000000000001195,0.0,0.0,0.09801794588565826,0,0,0
original,6800,0.92,0.05775615503905061,0.05775615503905061,0.05775615503905061,1.0000000000001479,0.0,0.0,0.13665831089019775,0,0,0
original,6850,0.32,0.02248496127778243,0.029689291649032196,0.04910965782350204,-0.6489330889303047,-3.096812585658524,-3.3441450223835916,0.06078312173485756,0,0,0
original,6850,0.62,0.03448563056956233,0.04282395851570184,0.07151006544514975,-0.4399480289185574,-2.5794158874773205,-3.103232255278019,0.08908233791589737,0,0,0
original,6850,0.92,0.04798073433960171,0.05773638498477751,0.09729797221775584,-0.32385597900388474,-2.3214613613026565,-3.0839597223406976,0.12807662785053253,0,0,0
original,6900,0.32,0.01710081943076598,0.029687352135737397,0.049111696041954825,-0.6475782905848178,-6.106972790154106,-6.945599298439083,0.05972879379987717,0,0,0
original,6900,0.62,0.02913033360713662,0.042822067660884346,0.07151074208104986,-0.43759556460674887,-4.691489599958402,-6.04092598765725,0.0815478190779686,0,0,0
original,6900,0.92,0.042315187550387205,0.057734460647209,0.0972967591227105,-0.32093482392546,-4.072224689823184,-5.973997920778505,0.12040401250123978,0,0,0
original,6950,0.32,0.015561763848433914,0.029688308953899248,0.04911582453097901,-0.6457287430971254,-7.5166647706964484,-8.858234480268338,0.05873821675777435,0,0,0
original,6950,0.62,0.02849929550005695,0.042824067511839876,0.07151888502383917,-0.4342602068934106,-5.4841212771753085,-7.508964455772098,0.08286163210868835,0,0,0
original,6950,0.92,0.042419439270468824,0.05773741672221233,0.0973089821053572,-0.3168144043329119,-4.664652309730265,-7.384558711033074,0.11981001496315002,0,0,0
original,7000,0.32,0.018817091555040192,0.029689306003469255,0.04911648224625211,-0.6437758383572864,-6.419512474919866,-7.24083070184205,0.05791664496064186,0,0,0
original,7000,0.62,0.03281922975400127,0.04282493494770826,0.07151926566596825,-0.4310706278110819,-4.8211152553881105,-6.32748484666098,0.0989951640367508,0,0,0
original,7000,0.92,0.048182197098808,0.05773788259174212,0.09730931432465438,-0.3129581498525497,-4.130946471075941,-6.151304984883552,0.14079874753952026,0,0,0
original,7050,0.32,0.025018079916462918,0.029689095120292504,0.04910907728744172,-0.6439772040538118,-4.463968424499031,-4.94964505786659,0.06863546371459961,0,0,0
original,7050,0.62,0.04043890757167684,0.0428237434457509,0.07150932009535489,-0.43197307702286564,-3.5352560170333094,-4.356014567392758,0.11520480364561081,0,0,0
original,7050,0.92,0.05778531579743585,0.057735810431628315,0.09729645273879282,-0.31426062236583563,-3.0886444396876827,-4.213187531802427,0.1619090735912323,0,0,0
original,7100,0.32,0.03254729055902224,0.02969007243161519,0.04910859398446804,-0.6443784473974057,-2.6687466651137006,-2.929429762646305,0.08015617728233337,0,0,0
original,7100,0.62,0.04993509108310626,0.04282725825200077,0.07150716811461111,-0.433064009845968,-2.2011249335154934,-2.6169482062010587,0.13163578510284424,0,0,0
original,7100,0.92,0.06976966359418914,0.057741755231726206,0.09729275799666445,-0.3157237799192773,-1.9573936896446957,-2.5073966442197593,0.1831153780221939,0,0,0
original,7150,0.32,0.04067761753006405,0.029688481189050958,0.049112909018117074,-0.6453869870213138,-1.1964102142617454,-1.2900481333386082,0.0916515439748764,0,0,0
original,7150,0.62,0.06044376857802657,0.04282380753532912,0.07151608586086973,-0.43441526812628667,-1.0141442067066444,-1.1832089188243815,0.14808689057826996,0,0,0
original,7150,0.92,0.08313586894061249,0.057736098541907165,0.09730634767600857,-0.317222054147194,-0.9139159337425428,-1.1234046728725864,0.2045222520828247,0,0,0
original,7200,0.32,0.04911863082958238,0.04911863082958238,0.04911863082958238,1.0000000000000682,0.0,0.0,0.10327102988958359,0,0,0
original,7200,0.62,0.07152034532514537,0.07152034532514537,0.07152034532514537,1.0000000000001898,0.0,0.0,0.16455790400505066,0,0,0
original,7200,0.92,0.09730993470598821,0.09730993470598821,0.09730993470598821,1.000000000000133,0.0,0.0,0.22597092390060425,0,0,0
crank_origin_rotation,700,0.32,0.07678328554139932,0.07678328554139932,0.07678328554139932,1.00000000000006,0.0,0.0,0.2803858518600464,0,0,0
crank_origin_rotation,700,0.62,0.10624604626365095,0.10624604626365095,0.10624604626365095,1.0000000000001807,0.0,0.0,0.39249491691589355,0,0,0
crank_origin_rotation,700,0.92,0.13677938380219112,0.13677938380219112,0.13677938380219112,1.000000000000112,0.0,0.0,0.5046039819717407,0,0,0
crank_origin_rotation,750,0.32,0.07105877893288914,0.07675016865297495,0.10315239520007437,-0.08004834140977463,-0.8800781192505315,-0.8974103852596074,0.2615187466144562,0,0,0
crank_origin_rotation,750,0.62,0.09825612488132007,0.1061898489354626,0.1491506842842698,-0.08669779208839153,-0.9219104597262678,-0.9390346064781586,0.3682006001472473,0,0,0
crank_origin_rotation,750,0.92,0.12645936974118244,0.13670023574435838,0.19685081268092355,-0.0892147723141937,-0.9451590559883006,-0.965752747529862,0.4760870039463043,0,0,0
crank_origin_rotation,800,0.32,0.06626264540299176,0.07675637575026434,0.10314945871067212,-0.07987830679081531,-1.693435184156542,-1.729039033443911,0.24314680695533752,0,0,0
crank_origin_rotation,800,0.62,0.09167518702973852,0.10619837509020108,0.14915076017890946,-0.08651700256066092,-1.7652216556911537,-1.7861980834829119,0.34474921226501465,0,0,0
crank_origin_rotation,800,0.92,0.11804841873296429,0.1367110479162367,0.19685334220259745,-0.08903077690039558,-1.8042764611949038,-1.829422382049441,0.44880661368370056,0,0,0
crank_origin_rotation,850,0.32,0.06254689586825318,0.07675414691042433,0.10315946127793796,-0.08005927645286035,-2.395739031180364,-2.465101436505896,0.22539551556110382,0,0,0
crank_origin_rotation,850,0.62,0.08672662124031716,0.10619639757894207,0.149167307430385,-0.08669592554645167,-2.4814025515357834,-2.534513370840792,0.32148540019989014,0,0,0
crank_origin_rotation,850,0.92,0.11184402066805978,0.13670889987704776,0.19687591412883365,-0.08920924969621476,-2.526482794066815,-2.5699557127638273,0.42183196544647217,0,0,0
crank_origin_rotation,900,0.32,0.06013089102588914,0.07675829267124974,0.1031639179943293,-0.08016849242970865,-2.9348828101574838,-2.988003518222682,0.22595420479774475,0,0,0
crank_origin_rotation,900,0.62,0.08372483945982022,0.10619974613194878,0.14917967831769163,-0.08677534843124483,-3.0157944494322293,-3.0548061537122795,0.3179783821105957,0,0,0
crank_origin_rotation,900,0.92,0.10825726781276451,0.13671139067397187,0.19689512591323594,-0.0892693490877782,-3.0560117863471032,-3.086530617323472,0.41000252962112427,0,0,0
crank_origin_rotation,950,0.32,0.05917313284689843,0.07676809141078238,0.10315604933330161,-0.08012098636291971,-3.266884415322764,-3.318407443604339,0.22697778046131134,0,0,0
crank_origin_rotation,950,0.62,0.08288373775900512,0.10621264507463996,0.14917485404042732,-0.08670207742781562,-3.3261622794269208,-3.3663311434091936,0.31705281138420105,0,0,0
crank_origin_rotation,950,0.92,0.10755463756387675,0.13672747493699505,0.19689260104707995,-0.08918645879621548,-3.3523714136951126,-3.3856099527479646,0.4071277976036072,0,0,0
crank_origin_rotation,1000,0.32,0.059733187989800374,0.07677011808474349,0.10315520369813624,-0.08014633427172821,-3.3730361986951167,-3.398477290164185,0.22788675129413605,0,0,0
crank_origin_rotation,1000,0.62,0.08425038977117459,0.10621363234978497,0.14917377935830223,-0.08669906179245254,-3.4006737013678103,-3.425882577146318,0.31605225801467896,0,0,0
crank_origin_rotation,1000,0.92,0.10976749307709543,0.13672768042470837,0.19689118702580563,-0.08916752472218265,-3.4082359610961266,-3.4329012168171653,0.40421777963638306,0,0,0
crank_origin_rotation,1050,0.32,0.061781591237764555,0.07677317314379381,0.10317369121224128,-0.08023451340887788,-3.2651039581069625,-3.2894674529516825,0.2292264699935913,0,0,0
crank_origin_rotation,1050,0.62,0.08773596648034605,0.10621849733423812,0.14919781759522285,-0.08682589926361459,-3.2608194906302854,-3.27880213830752,0.3215735852718353,0,0,0
crank_origin_rotation,1050,0.92,0.11474358437078909,0.13673461989705052,0.19692073280746197,-0.08931500833783228,-3.250793770164138,-3.2679625530455154,0.4208964705467224,0,0,0
crank_origin_rotation,1100,0.32,0.06517015690882613,0.07675739581767592,0.10318472464141876,-0.08032408423977165,-2.981433142145532,-3.021412750273873,0.23297394812107086,0,0,0
crank_origin_rotation,1100,0.62,0.09309510372916881,0.1061980391231673,0.14921020605389212,-0.08691292973415059,-2.952052172428731,-2.9757586063988386,0.33824804425239563,0,0,0
crank_origin_rotation,1100,0.92,0.12213871918991487,0.13670894333603287,0.1969348036464493,-0.08939412447006437,-2.9291371353831814,-2.9548530317563997,0.4435221552848816,0,0,0
crank_origin_rotation,1150,0.32,0.06971891494045576,0.07675980739507572,0.10319395912451401,-0.08018986403392252,-2.572708725866949,-2.6138483968178896,0.2453153431415558,0,0,0
crank_origin_rotation,1150,0.62,0.10004598164080362,0.10620113947109451,0.14921882705362036,-0.08675277813760691,-2.5287227754314707,-2.554259497994151,0.35736900568008423,0,0,0
crank_origin_rotation,1150,0.92,0.1315672864027203,0.1367127660714151,0.1969428581856569,-0.08922641833257228,-2.499223413706261,-2.516456272794964,0.46942269802093506,0,0,0
crank_origin_rotation,1200,0.32,0.07520429350007453,0.07675914424545248,0.10319929839485686,-0.0801090017982257,-2.08838990924387,-2.128912366273693,0.2583191394805908,0,0,0
crank_origin_rotation,1200,0.62,0.10826352011500492,0.106199751209865,0.14922212906915572,-0.08665853314937509,-2.0403306731316033,-2.0666181148352916,0.3774860203266144,0,0,0
crank_origin_rotation,1200,0.92,0.14260276799803387,0.13671088432490933,0.19694430649700254,-0.08912737420740684,-2.01008233122882,-2.037803817869323,0.49665290117263794,0,0,0
crank_origin_rotation,1250,0.32,0.08143026151737126,0.07675948438090237,0.10319630498400667,-0.08026107757120579,-1.5671611347949432,-1.5866072789272558,0.27380794286727905,0,0,0
crank_origin_rotation,1250,0.62,0.11747373388576117,0.106197262567238,0.14921572798835203,-0.0868099099408746,-1.5235891964155588,-1.5334927826605242,0.4013809263706207,0,0,0
crank_origin_rotation,1250,0.92,0.15489228358219193,0.13670539111911129,0.1969350820327428,-0.08927686043013168,-1.497116392975456,-1.5070231444078876,0.5289539098739624,0,0,0
crank_origin_rotation,1300,0.32,0.08824868972306353,0.07676394707098128,0.10319085620641802,-0.08026509857735191,-1.0349240165604687,-1.0483655392547313,0.2985067367553711,0,0,0
crank_origin_rotation,1300,0.62,0.12747344340652852,0.1062037479880598,0.14920645837119587,-0.08680906688590019,-1.00216522512336,-1.0095340240908084,0.43477675318717957,0,0,0
crank_origin_rotation,1300,0.92,0.16817611144596012,0.1367139856912399,0.19692265465737058,-0.0892726873242086,-0.9827081235950298,-0.9899294921080042,0.571046769618988,0,0,0
crank_origin_rotation,1350,0.32,0.09554023731661936,0.07676940201382955,0.10319475430641988,-0.08022920835598248,-0.5090823701841003,-0.5187411948860207,0.3236784338951111,0,0,0
crank_origin_rotation,1350,0.62,0.13810036821791716,0.10620934584449751,0.14920949331278827,-0.08676876981405013,-0.4913696143445139,-0.4969754315329545,0.47137579321861267,0,0,0
crank_origin_rotation,1350,0.92,0.18224744323307718,0.13671986182098017,0.19692518247288904,-0.08923047237364487,-0.4810151706662652,-0.4851719033419043,0.6190730929374695,0,0,0
crank_origin_rotation,1400,0.32,0.10328262262618106,0.10328262262618106,0.10328262262618106,1.0000000000001512,0.0,0.0,0.35770973563194275,0,0,0
crank_origin_rotation,1400,0.62,0.14934447940277623,0.14934447940277623,0.14934447940277623,1.0000000000001863,0.0,0.0,0.5101322531700134,0,0,0
crank_origin_rotation,1400,0.92,0.19710637373073145,0.19710637373073145,0.19710637373073145,1.0000000000001468,0.0,0.0,0.6676287651062012,0,0,0
crank_origin_rotation,1450,0.32,0.09675132499132943,0.10321164279108556,0.05389050147251409,-0.020251679695634593,-0.2980653493006825,-0.3168917853365852,0.3391028642654419,0,0,0
crank_origin_rotation,1450,0.62,0.13994182448029166,0.1492277949293909,0.07254740469027077,-0.007212842619697563,-0.27451455079985204,-0.2945876062838145,0.48338738083839417,0,0,0
crank_origin_rotation,1450,0.92,0.18472178789196145,0.19694505873502258,0.09288469349437084,-9.386720233167114E-4,-0.2648596376659753,-0.28538330467026585,0.6296101212501526,0,0,0
crank_origin_rotation,1500,0.32,0.09043350687125411,0.10321721146235603,0.05390238503035015,-0.019710645023603698,-0.613579144685105,-0.6542352028004035,0.3210032880306244,0,0,0
crank_origin_rotation,1500,0.62,0.13083442875704368,0.1492341547828244,0.07255844998937862,-0.006636691198219387,-0.5663587732188666,-0.6071760018724432,0.45686769485473633,0,0,0
crank_origin_rotation,1500,0.92,0.1727191761378566,0.19695234524920144,0.09289434924855018,-4.215094679343045E-4,-0.5469531122968512,-0.5870791001162005,0.5932003855705261,0,0,0
crank_origin_rotation,1550,0.32,0.0842612122289764,0.10321514720040448,0.05388682625420677,-0.0206656117102365,-0.9468687862250933,-0.9978483130372322,0.30285707116127014,0,0,0
crank_origin_rotation,1550,0.62,0.12190544475052104,0.14923052116992774,0.07253974460169926,-0.0077521674733361775,-0.8766213981542286,-0.93007637524062,0.4307939410209656,0,0,0
crank_origin_rotation,1550,0.92,0.16093809823593735,0.19694732200016798,0.09287354459743193,-0.0015202878148754678,-0.8475345350339575,-0.9019563102132199,0.5588558912277222,0,0,0
crank_origin_rotation,1600,0.32,0.07828804913372346,0.10322462241664883,0.0539107524095218,-0.022161907696381513,-1.297000822491309,-1.3972089766943365,0.2846491038799286,0,0,0
crank_origin_rotation,1600,0.62,0.11322256447617403,0.14924355032353429,0.0725629056171408,-0.009519103629822695,-1.2051093768974976,-1.3097156914632726,0.4045513868331909,0,0,0
crank_origin_rotation,1600,0.92,0.14945897837504069,0.19696378908809828,0.09289717357001973,-0.0034131780391080833,-1.166796356401839,-1.2698915321917625,0.5244536995887756,0,0,0
crank_origin_rotation,1650,0.32,0.07261465974489277,0.10323206670378027,0.053910454305314714,-0.02005761330363069,-1.6512898294361444,-1.7653660437918712,0.26674962043762207,0,0,0
crank_origin_rotation,1650,0.62,0.10493589422855981,0.1492539220334002,0.07257168714155884,-0.006879059722347324,-1.5398969954892188,-1.6571221300368904,0.37851250171661377,0,0,0
crank_origin_rotation,1650,0.92,0.13848587001537932,0.1969768359531431,0.09291418654421853,-4.752737724889553E-4,-1.492951625409986,-1.6094766636397406,0.4904037117958069,0,0,0
crank_origin_rotation,1700,0.32,0.0672521273552476,0.1032355848639909,0.053887466186566084,-0.018647071748525038,-2.00662773099994,-2.1122425792145902,0.2494104653596878,0,0,0
crank_origin_rotation,1700,0.62,0.09703449530313812,0.1492592565530857,0.07254547365050434,-0.005292975251349375,-1.8806115332164381,-1.9957047817479707,0.3530099391937256,0,0,0
crank_origin_rotation,1700,0.92,0.1279856714101165,0.19698376587184765,0.09288337305702976,0.001148240865324193,-1.8269521350442797,-1.9438678797568512,0.457207053899765,0,0,0
crank_origin_rotation,1750,0.32,0.06226483605184747,0.1032426960337923,0.05390849962151567,-0.01895791754727502,-2.3552225819646426,-2.5498936800666456,0.23220369219779968,0,0,0
crank_origin_rotation,1750,0.62,0.08959409660766912,0.14926919514554324,0.07256205517275963,-0.005747530908376268,-2.2218165702592527,-2.4237800972670507,0.3280060291290283,0,0,0
crank_origin_rotation,1750,0.92,0.11805074398614862,0.19699626328827172,0.09289718120151685,5.794970534969796E-4,-2.1641781551582775,-2.364194952415957,0.4238083064556122,0,0,0
crank_origin_rotation,1800,0.32,0.05773479448323823,0.10324460910922267,0.053882685446942025,-0.020633033418638525,-2.675680258858218,-2.8365712947057817,0.21464507281780243,0,0,0
crank_origin_rotation,1800,0.62,0.08272956795403649,0.14926970407254342,0.07253713339227816,-0.0076819734651521416,-2.545683554620699,-2.7250310184440134,0.3030049204826355,0,0,0
crank_origin_rotation,1800,0.92,0.1088333532768115,0.19699553168109685,0.09287208460833785,-0.001466720909388746,-2.488153859906724,-2.6784048716903297,0.3913647532463074,0,0,0
crank_origin_rotation,1850,0.32,0.05393129456466973,0.1032488498386483,0.05390676696786361,-0.018735962682176612,-2.9214235736189123,-3.0423748602475804,0.19798465073108673,0,0,0
crank_origin_rotation,1850,0.62,0.07681917800530219,0.14927499375407696,0.0725617612785176,-0.005602673061123995,-2.8068627745764596,-2.9383152005803463,0.2789486348628998,0,0,0
crank_origin_rotation,1850,0.92,0.10082329230137901,0.19700216120572403,0.09289818445149833,6.971005631855929E-4,-2.754244840926497,-2.884505362545147,0.359912633895874,0,0,0
crank_origin_rotation,1900,0.32,0.05081982781311388,0.10324771803083062,0.05390074992805789,-0.019665185470927826,-3.0748108956068902,-3.2981956623240993,0.18132421374320984,0,0,0
crank_origin_rotation,1900,0.62,0.07181231617666688,0.14927198500364883,0.07255988861839516,-0.006505937201145354,-2.990518556523996,-3.2386218652789536,0.25489234924316406,0,0,0
crank_origin_rotation,1900,0.92,0.09395655199828545,0.19699745651289374,0.09290007189838273,-9.327345732246767E-5,-2.948763764134858,-3.2016935540363796,0.3284604847431183,0,0,0
crank_origin_rotation,1950,0.32,0.04864354537998011,0.10323706491943678,0.053888455506077564,-0.019741991124517865,-3.0754005185937543,-3.2683443589973518,0.16498427093029022,0,0,0
crank_origin_rotation,1950,0.62,0.0680583425319468,0.1492584816776435,0.07254763858032084,-0.006731972728448245,-3.0346988363726535,-3.2629130063843843,0.23161271214485168,0,0,0
crank_origin_rotation,1950,0.92,0.08867768084155925,0.1969807440472123,0.09288663797544448,-4.4687757602639405E-4,-3.010775568411312,-3.2463572193296675,0.29824116826057434,0,0,0
crank_origin_rotation,2000,0.32,0.047527624741859016,0.1032251163463412,0.053901580153014314,-0.0198252543304688,-2.88249606091536,-3.1336512908713035,0.15223528444766998,0,0,0
crank_origin_rotation,2000,0.62,0.06577134843718786,0.14924498896201888,0.07255491587987921,-0.006742799153491426,-2.889249990933815,-3.170547787346732,0.21505014598369598,0,0,0
crank_origin_rotation,2000,0.92,0.08529569193219083,0.19696559559774726,0.09288976872894603,-4.221941190385887E-4,-2.885732548479376,-3.17340339474405,0.2789900600910187,0,0,0
crank_origin_rotation,2050,0.32,0.047519161913631,0.10321715516344959,0.053884195560857905,-0.0196177105617472,-2.4679079333104883,-2.597664772481205,0.1454128921031952,0,0,0
crank_origin_rotation,2050,0.62,0.06508191561651122,0.14923390725517843,0.0725427293192437,-0.006469096590773134,-2.5134201557061884,-2.662608178823352,0.20318423211574554,0,0,0
crank_origin_rotation,2050,0.92,0.08401114964303696,0.1969515669063921,0.09288158293776608,-1.785521929393105E-4,-2.528178473907057,-2.681305530173224,0.2610803544521332,0,0,0
crank_origin_rotation,2100,0.32,0.04864923709663076,0.10323914841453485,0.053905411437504845,-0.020154874114248895,-1.8319397314557548,-1.9220026365746876,0.14386211335659027,0,0,0
crank_origin_rotation,2100,0.62,0.06604952090628483,0.14926787232823877,0.07256268034030651,-0.007123381142567831,-1.8948456070110744,-2.0109824786028856,0.1944061815738678,0,0,0
crank_origin_rotation,2100,0.92,0.0849171786654441,0.19699734914717168,0.09290154549340178,-8.304358533678885E-4,-1.9191169861190003,-2.0442184005154824,0.24504828453063965,0,0,0
crank_origin_rotation,2150,0.32,0.05080655348152037,0.10322487779716785,0.05390287228211084,-0.021464858854780527,-0.9968922009086507,-1.0488568628712256,0.1457238495349884,0,0,0
crank_origin_rotation,2150,0.62,0.06858194449030618,0.14924283470337954,0.0725603738304698,-0.008644946013886745,-1.0453504489147059,-1.1070375127510719,0.1944027543067932,0,0,0
crank_origin_rotation,2150,0.92,0.08792878107521976,0.19696188577137666,0.09289894411523576,-0.002433176351903965,-1.0653581157504046,-1.1298945924724353,0.24337667226791382,0,0,0
crank_origin_rotation,2200,0.32,0.053916484701082644,0.053916484701082644,0.053916484701082644,1.0000000000001807,0.0,0.0,0.1477230042219162,0,0,0
crank_origin_rotation,2200,0.62,0.07259484073546295,0.07259484073546295,0.07259484073546295,1.0000000000002496,0.0,0.0,0.1947830319404602,0,0,0
crank_origin_rotation,2200,0.92,0.09295257393827207,0.09295257393827207,0.09295257393827207,1.0000000000001046,0.0,0.0,0.2418430745601654,0,0,0
crank_origin_rotation,2250,0.32,0.05157908758255787,0.05390017860850965,0.053859020480974816,0.113061888670525,-0.38199934611578584,-0.4704776288669174,0.1449875682592392,0,0,0
crank_origin_rotation,2250,0.62,0.0694346896274154,0.07255608112026582,0.082739387975041,0.09285192822846265,-0.44268710167217734,-0.5077464773701248,0.19214889407157898,0,0,0
crank_origin_rotation,2250,0.92,0.0888984587406373,0.09289307068690636,0.11401099791473003,0.08215305167187117,-0.4799555601191643,-0.5261032758614358,0.23957031965255737,0,0,0
crank_origin_rotation,2300,0.32,0.049421860336750445,0.053911589563323106,0.05384845497403317,0.11346575837947315,-0.7542437154256507,-0.8806215241349737,0.14238369464874268,0,0,0
crank_origin_rotation,2300,0.62,0.06658875478593655,0.07256099572112158,0.08271760454578903,0.09340366561376927,-0.8667831125312019,-0.9574575881344694,0.18994322419166565,0,0,0
crank_origin_rotation,2300,0.92,0.08530554023040926,0.09289231352804521,0.11398017309696269,0.082717762601333,-0.9350278813397063,-0.9985715111112553,0.23764464259147644,0,0,0
crank_origin_rotation,2350,0.32,0.04742539407628362,0.05390947900201451,0.05385559207127672,0.11367067723791481,-1.1117812916487022,-1.4261303108312555,0.13976570963859558,0,0,0
crank_origin_rotation,2350,0.62,0.06404551925357889,0.0725675568506894,0.08272682383567993,0.09349351553902097,-1.2655865057232316,-1.4937274024061677,0.18766231834888458,0,0,0
crank_origin_rotation,2350,0.92,0.08217188812539923,0.09290678146362924,0.11399041414700595,0.08275163011254909,-1.3572295965376036,-1.5208014241166488,0.23562529683113098,0,0,0
crank_origin_rotation,2400,0.32,0.04562377895014463,0.05389889367777908,0.05386546992673066,0.11432248259904562,-1.446694607427704,-1.8569638440270244,0.13725169003009796,0,0,0
crank_origin_rotation,2400,0.62,0.06183076483733753,0.07255669974249747,0.08274344269860709,0.0936526036067283,-1.629991182153128,-1.9203837636009657,0.18544402718544006,0,0,0
crank_origin_rotation,2400,0.92,0.0795152515066701,0.09289524422282909,0.11401310410638639,0.08256172258924094,-1.7370588677240502,-1.9382244802347162,0.23363636434078217,0,0,0
crank_origin_rotation,2450,0.32,0.04405069900681438,0.05389627255471393,0.05385107689639827,0.11509051181151309,-1.750297409046391,-2.2729616310778042,0.13464480638504028,0,0,0
crank_origin_rotation,2450,0.62,0.06000518049015099,0.07255179514983819,0.08271848906348449,0.09424872865645123,-1.9482683760537696,-2.32361213479494,0.18325892090797424,0,0,0
crank_origin_rotation,2450,0.92,0.07742657939220247,0.09288794272931228,0.11398075563632613,0.08300499429009298,-2.060990933877937,-2.3253728690417272,0.23188094794750214,0,0,0
crank_origin_rotation,2500,0.32,0.04273852784042303,0.05389554839343075,0.053860683226314196,0.11661477115600721,-2.012980894761162,-2.6481770954079495,0.13219591975212097,0,0,0
crank_origin_rotation,2500,0.62,0.05860330556196519,0.07255060574001067,0.08273346234167493,0.09486496004720672,-2.212621260027509,-2.6587957377206957,0.18108440935611725,0,0,0
crank_origin_rotation,2500,0.92,0.0759353892601717,0.0928867482282765,0.11399962485657943,0.08293751939417619,-2.323153511450945,-2.6323689389153495,0.2300868183374405,0,0,0
crank_origin_rotation,2550,0.32,0.04168724137015623,0.053906730830046365,0.05385062482900567,0.11722357821694039,-2.229632094454038,-2.844599127173052,0.12977014482021332,0,0,0
crank_origin_rotation,2550,0.62,0.057637749702476336,0.07255817245465818,0.0827286917643752,0.0949709441136096,-2.415590396516469,-2.816184620668203,0.17909353971481323,0,0,0
crank_origin_rotation,2550,0.92,0.07507031532569085,0.09289134745761522,0.11399753711476063,0.08259193535090167,-2.5147929662269157,-2.7754418795575604,0.2295258343219757,0,0,0
crank_origin_rotation,2600,0.32,0.04093914174593257,0.053909043046320666,0.05385783015158455,0.11888278377112284,-2.3871565557125267,-2.93063114860241,0.12732551991939545,0,0,0
crank_origin_rotation,2600,0.62,0.057148926075625515,0.07256888800968225,0.08272593155213442,0.0954953995163084,-2.5480083495727532,-2.901889978428918,0.17711873352527618,0,0,0
crank_origin_rotation,2600,0.92,0.07486650229962223,0.09291009976535575,0.1139880038594115,0.08231476574785283,-2.6299752499736773,-2.841416364242541,0.23515555262565613,0,0,0
crank_origin_rotation,2650,0.32,0.04045108184470707,0.05389412554981519,0.053854279941661976,0.1185688335644637,-2.489335505018888,-3.3560071132234164,0.12499509006738663,0,0,0
crank_origin_rotation,2650,0.62,0.0570911353183979,0.0725519512665271,0.08273266002776518,0.09459229763058204,-2.613461285834584,-3.169048814750725,0.17530493438243866,0,0,0
crank_origin_rotation,2650,0.92,0.07527752639479111,0.09289030414386266,0.11400187653087149,0.0810348132384502,-2.6718874518861337,-3.030858939033874,0.2408217191696167,0,0,0
crank_origin_rotation,2700,0.32,0.04031868037260646,0.053909779106214396,0.05385633772602053,0.11979378646954501,-2.5189185834357293,-3.2600650742717825,0.1225181519985199,0,0,0
crank_origin_rotation,2700,0.62,0.05755839459064974,0.07256567297521192,0.08273629760222809,0.09500653322332063,-2.6007659712356985,-3.045959051765882,0.17325511574745178,0,0,0
crank_origin_rotation,2700,0.92,0.07638931365701421,0.09290318737092597,0.1140064959893664,0.08085798992527832,-2.63436424875035,-2.9066531614526534,0.24661792814731598,0,0,0
crank_origin_rotation,2750,0.32,0.04046479963113171,0.05389311694904529,0.05385460182480196,0.11964980416935869,-2.4857033950431826,-3.095766652197036,0.12015752494335175,0,0,0
crank_origin_rotation,2750,0.62,0.058466062421691486,0.07254923737727241,0.08272982705579157,0.09494020297247377,-2.520342882748523,-2.878260118658418,0.17736384272575378,0,0,0
crank_origin_rotation,2750,0.92,0.07811052739356307,0.09288616868942617,0.11399688006732032,0.08071127268847289,-2.5278900510004485,-2.7467862908155514,0.2525098919868469,0,0,0
crank_origin_rotation,2800,0.32,0.040935398664806055,0.053905728537724795,0.05385802288094393,0.11949747534084808,-2.386104568424486,-3.0747157428953793,0.12022159993648529,0,0,0
crank_origin_rotation,2800,0.62,0.05982247907861105,0.07256038449993453,0.08273480567270156,0.09443122261795894,-2.3783469449124075,-2.777831587723987,0.182267427444458,0,0,0
crank_origin_rotation,2800,0.92,0.08041115030786891,0.09289655461832241,0.11400341733011747,0.0799356888122755,-2.3637174894623763,-2.597211466460311,0.2588993310928345,0,0,0
crank_origin_rotation,2850,0.32,0.041704918317177486,0.05390421239909509,0.0538598820092356,0.11940415454098699,-2.2240642744015977,-2.992661501340657,0.12069885432720184,0,0,0
crank_origin_rotation,2850,0.62,0.06160439693283398,0.07256313354446492,0.08273938225358893,0.09434878283443975,-2.179822877245271,-2.6376469324484626,0.18733245134353638,0,0,0
crank_origin_rotation,2850,0.92,0.08326696454268633,0.092903214309764,0.1140101975316696,0.07974087818160497,-2.147543169313045,-2.4351429185271596,0.26541590690612793,0,0,0
crank_origin_rotation,2900,0.32,0.04276794213230348,0.05389156046757547,0.053851348564447794,0.120375883410668,-2.0035101563942135,-2.6866085755996236,0.12146331369876862,0,0,0
crank_origin_rotation,2900,0.62,0.06376785975389641,0.07254936158639694,0.08272173569386833,0.09506465473833715,-1.9338620685711774,-2.333769125919794,0.192264124751091,0,0,0
crank_origin_rotation,2900,0.92,0.0866034124767019,0.0928874518789794,0.11398527658648232,0.08033253680826175,-1.8900589519186617,-2.1399378353008744,0.2716599106788635,0,0,0
crank_origin_rotation,2950,0.32,0.04410527679227338,0.05390495286418405,0.053856506823415896,0.1213604726787278,-1.7369056923319204,-2.2629724838431935,0.12331297993659973,0,0,0
crank_origin_rotation,2950,0.62,0.06628975998834731,0.07256041884898348,0.08272875745615955,0.09572913675248725,-1.6531149404075582,-1.9529010458356173,0.19748540222644806,0,0,0
crank_origin_rotation,2950,0.92,0.09038768739925013,0.09289719216659154,0.11399324137959102,0.08087965599640243,-1.6039417842506571,-1.786745801801706,0.2784437835216522,0,0,0
crank_origin_rotation,3000,0.32,0.04568039292718161,0.053889143845216224,0.053854009535511796,0.12315656426939722,-1.4308974993439814,-1.7893861279149872,0.1264401227235794,0,0,0
crank_origin_rotation,3000,0.62,0.06912239774366397,0.07254509131043119,0.0827315405307929,0.09731985532910785,-1.344475982249721,-1.5442902701410146,0.20247989892959595,0,0,0
crank_origin_rotation,3000,0.92,0.09456180280971707,0.09288175415462276,0.11399993020218231,0.08246663524355541,-1.295856532670388,-1.416098491632583,0.28500571846961975,0,0,0
crank_origin_rotation,3050,0.32,0.04747074872752797,0.053903449042549505,0.05385284269832693,0.12530379550576068,-1.096875282103206,-1.411137279540121,0.12981672585010529,0,0,0
crank_origin_rotation,3050,0.62,0.07220849427980353,0.07255989344237701,0.08272194700056187,0.09904396507910279,-1.01910226935121,-1.197057256677382,0.20789887011051178,0,0,0
crank_origin_rotation,3050,0.92,0.09903780818956237,0.09289749930303205,0.11398532883050712,0.08411277895714966,-0.9765114048735755,-1.0850395102823467,0.2920529544353485,0,0,0
crank_origin_rotation,3100,0.32,0.04944654345847233,0.05390158282773374,0.05386081776534831,0.12650274617949597,-0.7433974786333859,-0.9120124468409982,0.13314062356948853,0,0,0
crank_origin_rotation,3100,0.62,0.07553478011463693,0.07255795251473937,0.0827342934516189,0.1003533810337906,-0.6832726686836782,-0.7761111919266296,0.21335738897323608,0,0,0
crank_origin_rotation,3100,0.92,0.10380925363932476,0.09289531980593836,0.11400083081377974,0.08558942309294183,-0.6511257798092163,-0.7068417615335305,0.2991771101951599,0,0,0
crank_origin_rotation,3150,0.32,0.051574890089318905,0.053891441071635036,0.05385250679202635,0.12830661127205212,-0.37566624151096617,-0.44937208310564614,0.13645347952842712,0,0,0
crank_origin_rotation,3150,0.62,0.07904602257380904,0.07254963564386883,0.08273004088154891,0.1020195395304868,-0.34205681471720756,-0.38113880454877447,0.21907955408096313,0,0,0
crank_origin_rotation,3150,0.92,0.10880274502317341,0.09288808279009093,0.11399862710346394,0.08733856008528036,-0.32439699941255234,-0.3469337358939268,0.30652570724487305,0,0,0
crank_origin_rotation,3200,0.32,0.05392311623392022,0.05392311623392022,0.05392311623392022,1.0000000000001934,0.0,0.0,0.13993018865585327,0,0,0
crank_origin_rotation,3200,0.62,0.08282512683009455,0.08282512683009455,0.08282512683009455,1.0000000000001985,0.0,0.0,0.224693164229393,0,0,0
crank_origin_rotation,3200,0.92,0.11411829638430852,0.11411829638430852,0.11411829638430852,1.0000000000002065,0.0,0.0,0.31376913189888,0,0,0
crank_origin_rotation,3250,0.32,0.051619729246213365,0.05385571003576352,0.06067663307458512,0.05020216864301871,-0.4181810942205822,-0.5610427112163564,0.13597159087657928,0,0,0
crank_origin_rotation,3250,0.62,0.07909638447942875,0.08273355894976922,0.08025063442518535,0.010771999121896013,-0.3786446272449656,-0.472854940104777,0.21993164718151093,0,0,0
crank_origin_rotation,3250,0.92,0.10885268080245271,0.114002502398263,0.1029287541353826,-0.014632446989206767,-0.36306961176703095,-0.43103186157803036,0.30536261200904846,0,0,0
crank_origin_rotation,3300,0.32,0.04953219722593954,0.053857132579289195,0.060676383892411624,0.04781989716375758,-0.8265220862900016,-1.1231467712029501,0.13343545794487,0,0,0
crank_origin_rotation,3300,0.62,0.07563732470093255,0.08273616150939005,0.08024939942283825,0.009596972737642871,-0.7554182623977732,-0.953940199089116,0.21506178379058838,0,0,0
crank_origin_rotation,3300,0.92,0.10392472761481446,0.11400572767365864,0.10292610005335637,-0.01483760745148648,-0.7270748081860173,-0.8726192031637264,0.2968398630619049,0,0,0
crank_origin_rotation,3350,0.32,0.047630249296162226,0.053855898210754684,0.060683979231739696,0.047813138157959144,-1.2158933428443075,-1.6784571148655965,0.1326414942741394,0,0,0
crank_origin_rotation,3350,0.62,0.07239272836608265,0.08273077356961218,0.08025493338575661,0.010190224675331937,-1.123924188250672,-1.4436102238950024,0.21058177947998047,0,0,0
crank_origin_rotation,3350,0.92,0.09925651018489573,0.11399759645633913,0.10292970384862916,-0.01376381796175539,-1.0869699984711574,-1.326469411644261,0.2886659502983093,0,0,0
crank_origin_rotation,3400,0.32,0.045967028636012756,0.053857686782312106,0.06068697029808581,0.05086305474821641,-1.5740047831536876,-2.204407580321641,0.13199643790721893,0,0,0
crank_origin_rotation,3400,0.62,0.06942939715372831,0.0827340973539833,0.08026188695577184,0.012825994203213568,-1.4755038382675323,-1.90498644111733,0.20643803477287292,0,0,0
crank_origin_rotation,3400,0.92,0.09492477254658487,0.11400232902071866,0.1029402245142099,-0.01138422625989553,-1.4360740361583268,-1.7541519310922138,0.28089869022369385,0,0,0
crank_origin_rotation,3450,0.32,0.044506150271502454,0.053854099898409044,0.06067752871472606,0.05127780498276583,-1.902559650483332,-2.7152002268130766,0.13144095242023468,0,0,0
crank_origin_rotation,3450,0.62,0.06674844696311737,0.08272640010184103,0.08025147054106803,0.015565541608536581,-1.8047992998608202,-2.366220904699424,0.20243139564990997,0,0,0
crank_origin_rotation,3450,0.92,0.09097166959371002,0.11399213867949205,0.10292893486284747,-0.007357918769851409,-1.7656424627257232,-2.1839245712103565,0.2735479474067688,0,0,0
crank_origin_rotation,3500,0.32,0.04330061330874131,0.05385290668466164,0.06068026481350793,0.05177139188425051,-2.1895482576029264,-3.177579453169112,0.1310010850429535,0,0,0
crank_origin_rotation,3500,0.62,0.06435775012344343,0.08272421905534118,0.08025548372690967,0.016420691183046194,-2.109652837285897,-2.79109925166696,0.19871337711811066,0,0,0
crank_origin_rotation,3500,0.92,0.0873583269014475,0.11398848887483166,0.10293483591882485,-0.00626328545783031,-2.0783273909856543,-2.5822180590865287,0.2664256691932678,0,0,0
crank_origin_rotation,3550,0.32,0.04237099558921671,0.05385756018128225,0.0606874805876878,0.052182391053237284,-2.427150168922641,-3.6034179217954945,0.1310872733592987,0,0,0
crank_origin_rotation,3550,0.62,0.06231722267280848,0.0827305843823628,0.08026110722660808,0.017178623960430534,-2.3782706154331197,-3.2091927562144393,0.19556766748428345,0,0,0
crank_origin_rotation,3550,0.92,0.0841842426775702,0.11399571333993776,0.10293943545794694,-0.005278788159127504,-2.360884694728109,-2.981941157754942,0.2600480616092682,0,0,0
crank_origin_rotation,3600,0.32,0.04168122886089507,0.0538539405227061,0.06067599021456627,0.050271057888985275,-2.616707260025548,-3.9122970365366005,0.13099926710128784,0,0,0
crank_origin_rotation,3600,0.62,0.06060561605488047,0.08273013239174319,0.0802489402791956,0.01621958111754697,-2.607768661376154,-3.5404759021946193,0.1923576444387436,0,0,0
crank_origin_rotation,3600,0.92,0.08144837481058251,0.11399737297546514,0.10292533292138295,-0.005445858744593627,-2.6079289635384657,-3.306982622668197,0.2537413537502289,0,0,0
crank_origin_rotation,3650,0.32,0.04129692354792293,0.05385421215287913,0.06067916387495665,0.048446223273524616,-2.745067435655053,-4.126841932591425,0.1315164417028427,0,0,0
crank_origin_rotation,3650,0.62,0.05930262321421448,0.08272451983965515,0.08025095788688007,0.015416362691409682,-2.784303363742084,-3.7952500627224044,0.1898014396429062,0,0,0
crank_origin_rotation,3650,0.92,0.07924040211701867,0.1139886552278016,0.10292675360769162,-0.005441150199408322,-2.806439847813617,-3.5692180643456317,0.24808643758296967,0,0,0
crank_origin_rotation,3700,0.32,0.04126249621208999,0.05385784480528143,0.06067998089412425,0.0486435279726604,-2.800109088602656,-4.2190188893054605,0.13227683305740356,0,0,0
crank_origin_rotation,3700,0.62,0.05848313251453691,0.08273957444819495,0.08025568622365864,0.01601071211630206,-2.8943118935440664,-3.9585128070343973,0.18791109323501587,0,0,0
crank_origin_rotation,3700,0.92,0.07765438950420772,0.11401165453592034,0.10293515139512227,-0.004527573058338878,-2.943367221824042,-3.750505528811429,0.24354536831378937,0,0,0
crank_origin_rotation,3750,0.32,0.041547607417621965,0.05385361888044372,0.06067455159230073,0.04945629368623633,-2.786726163096086,-4.213397474682916,0.133470356464386,0,0,0
crank_origin_rotation,3750,0.62,0.05815590634876618,0.08273096649230184,0.08024894538716584,0.01838598019141326,-2.9302050895110177,-4.023140817069755,0.18709169328212738,0,0,0
crank_origin_rotation,3750,0.92,0.07674668981161938,0.11399947278730906,0.1029270008580665,-0.0012625982277737146,-3.0044581582893874,-3.8430762462098804,0.24151836335659027,0,0,0
crank_origin_rotation,3800,0.32,0.04213989312254266,0.05385776852096529,0.06067958339395505,0.049975169840289345,-2.711377343287955,-4.115683652243628,0.13563290238380432,0,0,0
crank_origin_rotation,3800,0.62,0.05830631640110536,0.08273684131263655,0.08025230071277083,0.02099615209068072,-2.8962163624391355,-4.0194529228422855,0.1892789602279663,0,0,0
crank_origin_rotation,3800,0.92,0.07649707549077917,0.11400700842521332,0.10292929988374706,0.002454684044477607,-2.992732707792106,-3.8732453587723743,0.2429250329732895,0,0,0
crank_origin_rotation,3850,0.32,0.04302036542249482,0.05385641123654105,0.06068736066148163,0.050212497408103296,-2.579021373636226,-3.8437232626618796,0.13851669430732727,0,0,0
crank_origin_rotation,3850,0.62,0.058854188609616595,0.08273394235813793,0.08025970760890153,0.021505576191867548,-2.8032601497647978,-3.8435982203622654,0.19127698242664337,0,0,0
crank_origin_rotation,3850,0.92,0.07676397723092576,0.11400270141931068,0.1029359022323089,0.003151770232608341,-2.922048396935373,-3.7460911141311612,0.24405249953269958,0,0,0
crank_origin_rotation,3900,0.32,0.0441055132355003,0.053857805365155546,0.060671344414588844,0.047001444917384734,-2.407660885598151,-3.5424796383182326,0.14155516028404236,0,0,0
crank_origin_rotation,3900,0.62,0.059761660514891526,0.08273649520134155,0.08024195826244933,0.019154107773519304,-2.657217029027337,-3.6044364376613824,0.1936689168214798,0,0,0
crank_origin_rotation,3900,0.92,0.07756424979058282,0.11400586635903441,0.1029162895293589,0.0015341094284862264,-2.790291514067143,-3.5463525784866996,0.24578265845775604,0,0,0
crank_origin_rotation,3950,0.32,0.0454892699609586,0.05385699557275598,0.060680775173117756,0.04504608622938594,-2.1863591739885093,-3.1478040053047907,0.14451158046722412,0,0,0
crank_origin_rotation,3950,0.62,0.06115252265224705,0.08273255174441235,0.0802554429534655,0.018203314463738154,-2.4460884357391204,-3.2595879709240423,0.19583329558372498,0,0,0
crank_origin_rotation,3950,0.92,0.0790439265862165,0.11400008464694955,0.10293401909253892,0.001311301017009532,-2.5859544178900276,-3.2367944740792858,0.24715499579906464,0,0,0
crank_origin_rotation,4000,0.32,0.04710879176302744,0.05386141321110559,0.060679653679427056,0.0431484935079857,-1.928480833023419,-2.7325327720501087,0.14750054478645325,0,0,0
crank_origin_rotation,4000,0.62,0.06293836786330378,0.08273914797870766,0.08025546324678667,0.017186120442703946,-2.184185194116112,-2.8653454552969086,0.19807803630828857,0,0,0
crank_origin_rotation,4000,0.92,0.08109166907971746,0.11400855235603002,0.10293566598585768,0.0010105644597614963,-2.322948910643257,-2.9094079051229933,0.2486555427312851,0,0,0
crank_origin_rotation,4050,0.32,0.048956090689300694,0.0538555330629196,0.06067344284230832,0.042495192313072375,-1.6391294697862657,-2.3036378205438246,0.151394784450531,0,0,0
crank_origin_rotation,4050,0.62,0.06512006408862393,0.08272833079532324,0.08024628226241999,0.018037391920493147,-1.8750470511096635,-2.4548783157292813,0.20026639103889465,0,0,0
crank_origin_rotation,4050,0.92,0.08371317844454455,0.11399434671359078,0.10292282271522732,0.0027806168519721847,-2.0041553932439404,-2.4863799987472825,0.2508728504180908,0,0,0
crank_origin_rotation,4100,0.32,0.05101271504438108,0.05385389008022772,0.0606797353454536,0.042778291209451334,-1.3278132607402582,-1.8309002118642237,0.15607908368110657,0,0,0
crank_origin_rotation,4100,0.62,0.06765805650533685,0.08272591485634813,0.08025057481636007,0.020352937920588204,-1.5311488502839585,-1.9755238402433606,0.20238909125328064,0,0,0
crank_origin_rotation,4100,0.92,0.08684951619495367,0.11399072657941547,0.10292527969070932,0.006215511438911955,-1.64323964502498,-2.0192730412990247,0.261046439409256,0,0,0
crank_origin_rotation,4150,0.32,0.05323221455462211,0.053855613383117944,0.060682062825639066,0.04315241557902071,-1.0034395471826012,-1.3634738003728888,0.16063553094863892,0,0,0
crank_origin_rotation,4150,0.62,0.07047219388204962,0.08273667041535784,0.08025595151291774,0.022310067780518486,-1.1657233155386244,-1.4836925521269286,0.20453354716300964,0,0,0
crank_origin_rotation,4150,0.92,0.09038470885645487,0.11400798513026368,0.10293340811402645,0.009051003642774483,-1.2557355240671761,-1.5247200713336513,0.2705991566181183,0,0,0
crank_origin_rotation,4200,0.32,0.05557644902456792,0.05385411743076509,0.06067418483081091,0.04134266150626254,-0.673048771663418,-0.8950216320451077,0.16538473963737488,0,0,0
crank_origin_rotation,4200,0.62,0.0734963418973721,0.08273014827004907,0.08024737233483528,0.021078848822465482,-0.7876979109629179,-0.9849846008509369,0.20884713530540466,0,0,0
crank_origin_rotation,4200,0.92,0.09422496852517322,0.11399742640274438,0.10292417812238791,0.008291063717861681,-0.8515684559161857,-1.0200741962664526,0.28113776445388794,0,0,0
crank_origin_rotation,4250,0.32,0.0580601240383179,0.053855261523578,0.06067684946596816,0.03666483142008578,-0.3384006262810748,-0.4435102957219902,0.17073410749435425,0,0,0
crank_origin_rotation,4250,0.62,0.07676192080304188,0.08272635644341639,0.08025122773019237,0.017644730065863836,-0.398285439080803,-0.4901853080021169,0.21449805796146393,0,0,0
crank_origin_rotation,4250,0.92,0.09841746273692036,0.11399097815697144,0.1029297513174348,0.005761857087653001,-0.43170004815323004,-0.5109041595587402,0.290651798248291,0,0,0
crank_origin_rotation,4300,0.32,0.06071049250495184,0.06071049250495184,0.06071049250495184,1.0000000000001041,0.0,0.0,0.1768636256456375,0,0,0
crank_origin_rotation,4300,0.62,0.08030174374113094,0.08030174374113094,0.08030174374113094,1.0000000000002056,0.0,0.0,0.2210380733013153,0,0,0
crank_origin_rotation,4300,0.92,0.10299669737963697,0.10299669737963697,0.10299669737963697,1.0000000000002398,0.0,0.0,0.30123716592788696,0,0,0
crank_origin_rotation,4350,0.32,0.05863132636497911,0.060673901540904164,0.177338346564476,0.0024404087885597295,-0.9668611233510354,-1.120928179822821,0.18125420808792114,0,0,0
crank_origin_rotation,4350,0.62,0.0777373803889742,0.08024676417465523,0.26735653566663214,0.0028654553350566706,-1.0812990980832033,-1.2809186120787248,0.22823353111743927,0,0,0
crank_origin_rotation,4350,0.92,0.09980089856116031,0.10292314359516362,0.35806101636422283,0.003002483020895167,-1.1213511914343628,-1.3372985427501511,0.30886414647102356,0,0,0
crank_origin_rotation,4400,0.32,0.0576230033129595,0.060676573208439645,0.17734094494852645,0.005111625576400879,-1.7393632031254858,-1.9728807980820526,0.18563739955425262,0,0,0
crank_origin_rotation,4400,0.62,0.07698651788328865,0.08024851734443063,0.26736020075986255,0.005882859359668798,-1.902747520412231,-2.217995119841553,0.2352730929851532,0,0,0
crank_origin_rotation,4400,0.92,0.09912805998742041,0.10292448342278898,0.35806573571432687,0.00614120128442079,-1.9575384811524643,-2.3047323404020785,0.3170067369937897,0,0,0
crank_origin_rotation,4450,0.32,0.05769039713834452,0.060677312874360366,0.17733472523775945,0.007640326829586924,-2.309154779832681,-2.715075157297755,0.1902875155210495,0,0,0
crank_origin_rotation,4450,0.62,0.07803222772714985,0.08025221684056817,0.26735022963347016,0.008792923935409423,-2.4650234233550283,-2.9892420358551424,0.24291759729385376,0,0,0
crank_origin_rotation,4450,0.92,0.10093991219607003,0.10293093934427973,0.3580520170205815,0.00919061423045577,-2.5138972001628135,-3.081651616163386,0.3252202868461609,0,0,0
crank_origin_rotation,4500,0.32,0.058787952197349135,0.06067261854390827,0.17734337780601694,0.008708267159426538,-2.6888077672348487,-3.191106845154624,0.194785475730896,0,0,0
crank_origin_rotation,4500,0.62,0.08073075944039845,0.08024638893312945,0.2673647263373695,0.010055564609614391,-2.7994785033864877,-3.4241976756995163,0.2503678798675537,0,0,0
crank_origin_rotation,4500,0.92,0.10500445359189912,0.10292389164535157,0.3580725062748749,0.010540341854968084,-2.8300402235286133,-3.5007853547714536,0.3328409492969513,0,0,0
crank_origin_rotation,4550,0.32,0.06076770591190526,0.06067598705892426,0.17732696439674964,0.005788429386838303,-2.9127012328524176,-3.467239483123936,0.1997004896402359,0,0,0
crank_origin_rotation,4550,0.62,0.08476551626188435,0.08024800197335204,0.267339246095241,0.0066649772000136245,-2.9629874237325216,-3.6361001034066103,0.25832459330558777,0,0,0
crank_origin_rotation,4550,0.92,0.1108510491814797,0.10292430542243544,0.35803767375766427,0.006979197437638485,-2.971755097982483,-3.6852219352667297,0.3413223326206207,0,0,0
crank_origin_rotation,4600,0.32,0.06362639167845718,0.060683488717909025,0.17732841202124972,0.0028706616907543856,-2.997105254407322,-3.5300864683174975,0.2043219655752182,0,0,0
crank_origin_rotation,4600,0.62,0.09009132472235822,0.08025561554893099,0.2673408017613904,0.00328872876001296,-2.9842553604833,-3.6135479124208714,0.26887065172195435,0,0,0
crank_origin_rotation,4600,0.92,0.11840293310530402,0.10293164632382806,0.3580394407871315,0.0034438869289007265,-2.97191060432736,-3.633198934228842,0.35026130080223083,0,0,0
crank_origin_rotation,4650,0.32,0.06726974254816814,0.06067041494078705,0.17733455234874312,7.093098664584813E-4,-2.9703707332752187,-3.4813684137483643,0.20906750857830048,0,0,0
crank_origin_rotation,4650,0.62,0.09652973538532827,0.08024118288038651,0.26735127143571236,7.902508767524849E-4,-2.9015392274868694,-3.4550393742132597,0.27928707003593445,0,0,0
crank_origin_rotation,4650,0.92,0.1274089089846937,0.10291574639093218,0.35805439835234476,8.316746150754092E-4,-2.8717063394730626,-3.4336876497789417,0.3649599254131317,0,0,0
crank_origin_rotation,4700,0.32,0.07172632347881393,0.060677210378315,0.17733936331558917,0.002923724702371385,-2.8485272940866975,-3.3248216579880148,0.21402060985565186,0,0,0
crank_origin_rotation,4700,0.62,0.1040982019521761,0.08025135224859604,0.2673584979409009,0.0033351250302245438,-2.734768602321741,-3.2426429365476905,0.2901610732078552,0,0,0
crank_origin_rotation,4700,0.92,0.13788253929131153,0.10292941481994107,0.3580642305561257,0.0035035216204743285,-2.691786650604626,-3.204773970921515,0.380723237991333,0,0,0
crank_origin_rotation,4750,0.32,0.07670976669777115,0.06067694742117294,0.17732621291635284,0.004824463225064724,-2.678695640801643,-3.1237740385011845,0.2187073528766632,0,0,0
crank_origin_rotation,4750,0.62,0.11234744164958217,0.08025207913776919,0.26733768707258354,0.005546325659349121,-2.534223249403698,-3.0009433845855393,0.30185312032699585,0,0,0
crank_origin_rotation,4750,0.92,0.14921774010308125,0.10293156266818292,0.3580352471601024,0.005828509946193127,-2.482976470339697,-2.952071178608967,0.39606595039367676,0,0,0
crank_origin_rotation,4800,0.32,0.0821417107584416,0.06067249280399028,0.177328288940659,0.0067665866686381715,-2.4794652025874577,-2.887870771320074,0.224838525056839,0,0,0
crank_origin_rotation,4800,0.62,0.12116346085658099,0.08024511866681341,0.26734191068175744,0.007782572113387953,-2.3168122255891284,-2.737178791979046,0.31297796964645386,0,0,0
crank_origin_rotation,4800,0.92,0.16126529609884108,0.10292153324844724,0.3580419037617513,0.008155074092313405,-2.2613155461321517,-2.680741966960587,0.41090065240859985,0,0,0
crank_origin_rotation,4850,0.32,0.08786234223390846,0.06067620146681891,0.1773330272715727,0.0062786980985944174,-2.272999713300433,-2.588437610956842,0.2313876450061798,0,0,0
crank_origin_rotation,4850,0.62,0.13030808097620322,0.08024703723447998,0.26734893729017817,0.007133892922841859,-2.102843437334539,-2.423428324030186,0.32398322224617004,0,0,0
crank_origin_rotation,4850,0.92,0.1737097884815357,0.10292176141921618,0.35805141220449604,0.007434424530742664,-2.0462880129792587,-2.3700753885383277,0.42648833990097046,0,0,0
crank_origin_rotation,4900,0.32,0.09387978244396501,0.06067926620920531,0.17733893722457764,0.005695777588226534,-2.0601620528891096,-2.328034008747233,0.23798638582229614,0,0,0
crank_origin_rotation,4900,0.62,0.13981773377296894,0.08025272626129956,0.26735807157563857,0.006412039384524863,-1.8900200840020955,-2.1715688397692863,0.33525675535202026,0,0,0
crank_origin_rotation,4900,0.92,0.18661049377215982,0.10292985650248947,0.358063700782535,0.006644016358164164,-1.8345759634074412,-2.1208139087975337,0.4426978826522827,0,0,0
crank_origin_rotation,4950,0.32,0.10013708160121107,0.06068038288402958,0.17732818753337296,0.0052035635923717155,-1.8470463790930456,-2.0856473162272633,0.244354248046875,0,0,0
crank_origin_rotation,4950,0.62,0.14961688500056586,0.08025469344347302,0.26734192894719355,0.00583812814350297,-1.6823993804937158,-1.9235291056126393,0.3459763824939728,0,0,0
crank_origin_rotation,4950,0.92,0.19987187014422678,0.10293266688519603,0.35804188144473825,0.006042665474947413,-1.6295169785755717,-1.869358575998962,0.45745527744293213,0,0,0
crank_origin_rotation,5000,0.32,0.1065838734020154,0.06067396362777256,0.17732941092687934,0.003962226237784885,-1.6392912019468424,-1.8308126597944034,0.25119614601135254,0,0,0
crank_origin_rotation,5000,0.62,0.1596401649621285,0.08024778894347435,0.2673435939832857,0.004453246555255862,-1.4841601564455305,-1.676257018311314,0.35759174823760986,0,0,0
crank_origin_rotation,5000,0.92,0.21340992012995402,0.10292574430159179,0.3580442976417658,0.004602889431732762,-1.4349213964317986,-1.6267452030821108,0.4737899899482727,0,0,0
crank_origin_rotation,5050,0.32,0.1132053982312658,0.060680295457047055,0.17733286652739136,0.002716875569232239,-1.4380161294911953,-1.5872788738075996,0.2577458322048187,0,0,0
crank_origin_rotation,5050,0.62,0.16987291826640005,0.08025318701915239,0.26734888475564805,0.003083754382711293,-1.2951266065001907,-1.453638417561873,0.3686888813972473,0,0,0
crank_origin_rotation,5050,0.92,0.2272080892716726,0.10293061951042723,0.3580513717491012,0.003195436420322394,-1.250174837516345,-1.413452804623034,0.4893623888492584,0,0,0
crank_origin_rotation,5100,0.32,0.11997733203692056,0.06068663696032181,0.17733992098864745,0.0016348216713471737,-1.2442199472428725,-1.3795077083912037,0.26442578434944153,0,0,0
crank_origin_rotation,5100,0.62,0.180284774084059,0.08026001187368424,0.26735946493050206,0.0018335394168353706,-1.1155989589918196,-1.2504283023874627,0.38004836440086365,0,0,0
crank_origin_rotation,5100,0.92,0.24122756207458385,0.10293733572384572,0.3580653884811247,0.0018802926580748103,-1.0754368852082339,-1.2100987707778557,0.5049088597297668,0,0,0
crank_origin_rotation,5150,0.32,0.12690524454403818,0.06067388437507577,0.1773240674081816,0.003435281765219496,-1.0553987753134353,-1.1526539934306457,0.27101847529411316,0,0,0
crank_origin_rotation,5150,0.62,0.19089380151202814,0.08024573522876564,0.26733556482590654,0.003883325511923781,-0.9422772052736511,-1.037601729292089,0.39124348759651184,0,0,0
crank_origin_rotation,5150,0.92,0.25549716598184785,0.10292160525711569,0.3580334624462827,0.0040160513082857854,-0.9071939240257453,-1.0011037235284537,0.5206551551818848,0,0,0
crank_origin_rotation,5200,0.32,0.13393916621056715,0.06067527502493686,0.17732725691440654,0.005407847078083859,-0.876717389147953,-0.9554657282184121,0.277727335691452,0,0,0
crank_origin_rotation,5200,0.62,0.2016313046382376,0.08024999948969547,0.267340430680264,0.0062514390465437785,-0.7796839261068371,-0.8569663720770031,0.40245068073272705,0,0,0
crank_origin_rotation,5200,0.92,0.26992744965844795,0.10292857613689291,0.3580400473371143,0.00653450010255389,-0.7497479196237299,-0.8259182848452623,0.536566972732544,0,0,0
crank_origin_rotation,5250,0.32,0.14105186025872596,0.06067977812373519,0.1773345330013141,0.007468343828905921,-0.7080381478036533,-0.7731888716931301,0.28449153900146484,0,0,0
crank_origin_rotation,5250,0.62,0.21245633386934792,0.08025365431699681,0.2673513245256255,0.008633205319850273,-0.627488051051124,-0.6914819421903167,0.41389596462249756,0,0,0
crank_origin_rotation,5250,0.92,0.2844627083223183,0.10293196023242948,0.35805447399570667,0.00902540655249799,-0.6027543543027494,-0.6657508591681676,0.5527595281600952,0,0,0
crank_origin_rotation,5300,0.32,0.14818905790391176,0.06067354719616104,0.17734035637370255,0.0059349763203549784,-0.5510935420472197,-0.599061991993436,0.2912888526916504,0,0,0
crank_origin_rotation,5300,0.62,0.22329198263971,0.0802454991851909,0.2673594213695362,0.006848865305685286,-0.4871704242123437,-0.5355154237791979,0.4253772795200348,0,0,0
crank_origin_rotation,5300,0.92,0.29900252341939887,0.1029216816884557,0.35806485372449454,0.007154480845032729,-0.4676185124527696,-0.5156840660100719,0.5718085765838623,0,0,0
crank_origin_rotation,5350,0.32,0.1553704428879778,0.060680127467391584,0.17732407440069153,0.003510017657821335,-0.4027092867376375,-0.43862857409280204,0.2980029881000519,0,0,0
crank_origin_rotation,5350,0.62,0.23417447205185363,0.08025191633361954,0.26733572996575694,0.004062245431593208,-0.35523447073797365,-0.39158827638027077,0.439814031124115,0,0,0
crank_origin_rotation,5350,0.92,0.3135981925770475,0.10292762544249687,0.35803370476356,0.00424917235660703,-0.3407553261682223,-0.3774601540211995,0.5939809679985046,0,0,0
crank_origin_rotation,5400,0.32,0.1626337780830872,0.06068164510965512,0.17732812133579737,8.625165075293544E-4,-0.2616582960863884,-0.28302506696386487,0.3047093152999878,0,0,0
crank_origin_rotation,5400,0.62,0.24516147014779033,0.08025636865586504,0.2673418262736804,0.0010290105838749576,-0.2303926912169219,-0.2525746832476885,0.4568934440612793,0,0,0
crank_origin_rotation,5400,0.92,0.3283265042265963,0.10293464506094743,0.3580418827123245,0.0010918276234439738,-0.22088311576702457,-0.24343832715771135,0.6162742376327515,0,0,0
crank_origin_rotation,5450,0.32,0.16996790789499164,0.06067449693458308,0.17733476913269633,0.0013007745305875869,-0.12713021504427813,-0.13840529900674906,0.31178992986679077,0,0,0
crank_origin_rotation,5450,0.62,0.2562383312575407,0.08024809612659821,0.26735094933369186,0.0015531936973456138,-0.11170582096793384,-0.12296461718367455,0.4740993082523346,0,0,0
crank_origin_rotation,5450,0.92,0.34316844467608004,0.10292565188027435,0.3580534797490037,0.001648328695766902,-0.1070281074334279,-0.1182847265993392,0.638983428478241,0,0,0
crank_origin_rotation,5500,0.32,0.1776310098588014,0.1776310098588014,0.1776310098588014,1.0000000000001723,0.0,0.0,0.32103431224823,0,0,0
crank_origin_rotation,5500,0.62,0.2678012404321844,0.2678012404321844,0.2678012404321844,1.0000000000002214,0.0,0.0,0.49141353368759155,0,0,0
crank_origin_rotation,5500,0.92,0.35865671455044645,0.35865671455044645,0.35865671455044645,1.0000000000000913,0.0,0.0,0.661886990070343,0,0,0
crank_origin_rotation,5550,0.32,0.17050724524262265,0.17732547684033206,0.029692803341700297,-0.0016158641206863546,-0.05788261221656191,-0.06286691298128956,0.31052711606025696,0,0,0
crank_origin_rotation,5550,0.62,0.2570582208889749,0.267337784081676,0.04282893435193849,-0.0015895567639084285,-0.05539357545808263,-0.060802128949545835,0.47516122460365295,0,0,0
crank_origin_rotation,5550,0.92,0.3442704197804865,0.3580363148984096,0.057742676755841375,-0.001094449241317025,-0.05573366223089093,-0.06172544750510891,0.640298068523407,0,0,0
crank_origin_rotation,5600,0.32,0.16369610377078747,0.17732956915102563,0.029693964544666118,-0.003793699931438234,-0.11998117810372062,-0.1299440487056093,0.300303190946579,0,0,0
crank_origin_rotation,5600,0.62,0.24678887837175656,0.26734317483722136,0.04282827447708065,-0.0034683612975894016,-0.1148173571967342,-0.12540366630198066,0.45906585454940796,0,0,0
crank_origin_rotation,5600,0.92,0.3305185635398518,0.3580431102024662,0.057740716485415976,-0.0028396674365584597,-0.11549904566126201,-0.12710355208443747,0.6184752583503723,0,0,0
crank_origin_rotation,5650,0.32,0.15689216552185062,0.17733387595762418,0.029691923752171046,-0.005113494069427008,-0.1865513406744448,-0.20126580381302167,0.2901765704154968,0,0,0
crank_origin_rotation,5650,0.62,0.2365306873839582,0.26734928559545235,0.04282982836120469,-0.004499188835477574,-0.17854948409300792,-0.19382776867984983,0.4428768455982208,0,0,0
crank_origin_rotation,5650,0.92,0.31678243636925124,0.3580509745704209,0.05774522978035951,-0.003758362306566285,-0.1795867859686211,-0.19627466935465185,0.5967608690261841,0,0,0
crank_origin_rotation,5700,0.32,0.15009913978432782,0.1773391764405052,0.029689390346412516,-0.005822853331118059,-0.25796411934507163,-0.2808452500639894,0.2799537479877472,0,0,0
crank_origin_rotation,5700,0.62,0.22628996859078612,0.2673582989834531,0.0428261401329026,-0.004889927948899333,-0.24690896172763208,-0.2686250217721472,0.42671817541122437,0,0,0
crank_origin_rotation,5700,0.92,0.3030713983335616,0.3580638137546712,0.05774027225164467,-0.004039369211892101,-0.2482997351227656,-0.27093694681702457,0.5752159357070923,0,0,0
crank_origin_rotation,5750,0.32,0.1433054227544219,0.17732673073125793,0.029694408800509716,-0.0059242296460526155,-0.3347353364851722,-0.3671737145956401,0.26955661177635193,0,0,0
crank_origin_rotation,5750,0.62,0.21604534234004313,0.2673389949940893,0.04283141366854127,-0.004780471131297565,-0.32043699247770396,-0.3476447545267657,0.41098418831825256,0,0,0
crank_origin_rotation,5750,0.92,0.28935444988637754,0.35803748637254484,0.05774586166230732,-0.003858067483837642,-0.3221879372702763,-0.3516290911138227,0.5542022585868835,0,0,0
crank_origin_rotation,5800,0.32,0.13654932871629516,0.17732891495466646,0.0296933978882193,-0.004314637420311384,-0.4166578348933792,-0.45019421455301073,0.2593604624271393,0,0,0
crank_origin_rotation,5800,0.62,0.2058510702698963,0.26734182436041837,0.042829794158027595,-0.0034300694859081874,-0.3991466219964519,-0.4309612386466804,0.39495164155960083,0,0,0
crank_origin_rotation,5800,0.92,0.27570320108616664,0.3580409962804511,0.05774362901563307,-0.00263868970770301,-0.4013511076053827,-0.4375903442885717,0.5325590372085571,0,0,0
crank_origin_rotation,5850,0.32,0.1298148055815439,0.17733389875852726,0.02969520035579358,-0.002722911676039826,-0.504938252958437,-0.5443217403063425,0.2492910623550415,0,0,0
crank_origin_rotation,5850,0.62,0.19568750739696852,0.2673503020622644,0.042830344095537966,-0.002073276582385773,-0.4840576908791999,-0.5227716924046796,0.37885937094688416,0,0,0
crank_origin_rotation,5850,0.92,0.26209379354783136,0.3580530859283304,0.057742719561443216,-0.0014051565159771723,-0.48673889533453885,-0.5318939198574522,0.5109320282936096,0,0,0
crank_origin_rotation,5900,0.32,0.12309740662847062,0.177337808597356,0.029690042369938347,-0.0015729007405498212,-0.6004265332496493,-0.6448501451169985,0.23917055130004883,0,0,0
crank_origin_rotation,5900,0.62,0.1855417599665967,0.26735620253515324,0.042827009741195965,-0.0014821246319666828,-0.5763195966642329,-0.621912170604762,0.3625965416431427,0,0,0
crank_origin_rotation,5900,0.92,0.24850462262583542,0.3580611138878805,0.05774142443545167,-0.001111754040012982,-0.5796721564601931,-0.633092390397303,0.48937439918518066,0,0,0
crank_origin_rotation,5950,0.32,0.11638757293194164,0.17732549852750829,0.02969389275433805,-0.0010490981253800345,-0.7045860469169362,-0.7502915713490649,0.22884425520896912,0,0,0
crank_origin_rotation,5950,0.62,0.17540721032526868,0.2673367448113888,0.04283052734178091,-0.0011857003090181156,-0.6768738183036966,-0.733154254315922,0.3470904231071472,0,0,0
crank_origin_rotation,5950,0.92,0.23493229151372982,0.3580341667221874,0.057744158199370864,-9.420711191511009E-4,-0.6808158973432394,-0.742957453702715,0.46851661801338196,0,0,0
crank_origin_rotation,6000,0.32,0.10970350722752012,0.1773316829154854,0.02969113029915176,-0.0017222433942092044,-0.818707368730716,-0.8971869393276717,0.2182876020669937,0,0,0
crank_origin_rotation,6000,0.62,0.16532440978372764,0.26734686321730056,0.042827055428627005,-0.0011755786334760935,-0.7865002465480688,-0.8636580136314329,0.33022499084472656,0,0,0
crank_origin_rotation,6000,0.92,0.22144096036882416,0.3580484119672136,0.05774027273388781,-5.817581937072845E-4,-0.7906974049968062,-0.8675587031054444,0.4458537697792053,0,0,0
crank_origin_rotation,6050,0.32,0.10304694458971378,0.177335630346132,0.0296946997980538,-0.0024486691807774205,-0.9435932927503166,-1.040570581285435,0.208196759223938,0,0,0
crank_origin_rotation,6050,0.62,0.15528090433327638,0.26735290045040644,0.04283149478179993,-0.0012207567998279093,-0.9065235819054045,-0.9913627225934768,0.3151409327983856,0,0,0
crank_origin_rotation,6050,0.92,0.20800409315715201,0.3580566634015428,0.057746205540747116,-2.789321888229311E-4,-0.91088610786515,-0.9934697958494436,0.4256735146045685,0,0,0
crank_origin_rotation,6100,0.32,0.09642617367063469,0.1773375676753643,0.02969324187298847,-0.0030738413011713473,-1.080079407505374,-1.1576835345184247,0.19845494627952576,0,0,0
crank_origin_rotation,6100,0.62,0.14528818318340458,0.26735600339465554,0.04282904513007351,-0.0012010528603385118,-1.037862612298552,-1.1174500985829303,0.2993771433830261,0,0,0
crank_origin_rotation,6100,0.92,0.19463698932431642,0.35806087768320455,0.05774247001243473,6.814989321047256E-5,-1.0422983847484868,-1.1390708217246077,0.4045535624027252,0,0,0
crank_origin_rotation,6150,0.32,0.08984473691601957,0.177325556635355,0.029691677118667017,-0.003574649414556624,-1.2296772818103328,-1.2956963975332216,0.18833021819591522,0,0,0
crank_origin_rotation,6150,0.62,0.13534073616660292,0.2673377919790067,0.04283139662946951,-0.0015529561395225475,-1.1828024769567502,-1.273348016163043,0.2829955220222473,0,0,0
crank_origin_rotation,6150,0.92,0.18132625483404077,0.3580363101606346,0.057748202888628974,-1.9374110804965038E-4,-1.1875524326837164,-1.29816970673886,0.38254162669181824,0,0,0
crank_origin_rotation,6200,0.32,0.08334726527756477,0.17732806144101626,0.029691723972118146,-0.0027659803311313705,-1.3917531891162986,-1.4642609683462489,0.1780971735715866,0,0,0
crank_origin_rotation,6200,0.62,0.12550528715116088,0.2673414859942142,0.04282870573613005,-8.699393005582139E-4,-1.3405460637848594,-1.443149690774016,0.2674739956855774,0,0,0
crank_origin_rotation,6200,0.92,0.1681652005652193,0.35804139139083585,0.05774322036154681,5.131905662251823E-4,-1.3455578968910595,-1.4723752875081035,0.36179348826408386,0,0,0
crank_origin_rotation,6250,0.32,0.07692350029918439,0.17733321239664007,0.029692146539990156,-0.0019662930540076807,-1.5692609372725363,-1.6587470801919153,0.1677294820547104,0,0,0
crank_origin_rotation,6250,0.62,0.11577229931651402,0.26734939639483635,0.042827805169152626,-1.7976477857171077E-4,-1.5140074227687679,-1.631205454428843,0.2515621781349182,0,0,0
crank_origin_rotation,6250,0.92,0.1551430993561382,0.358052005616819,0.05774123680357509,0.0012297790943253443,-1.5191923916233285,-1.6650541470915958,0.340312123298645,0,0,0
crank_origin_rotation,6300,0.32,0.07059324819779644,0.1773384594335443,0.029694113159305067,-0.0010890640724187156,-1.763090163178576,-1.8974357916243234,0.15777499973773956,0,0,0
crank_origin_rotation,6300,0.62,0.10616913794177892,0.26735730489473203,0.04283064831819495,5.948960565227171E-4,-1.7044137723635455,-1.8666601329185997,0.23573821783065796,0,0,0
crank_origin_rotation,6300,0.92,0.14229687318114875,0.35806249912478544,0.05774473414658739,0.002028946885534652,-1.7096359323984638,-1.8834124816757023,0.3192695677280426,0,0,0
crank_origin_rotation,6350,0.32,0.06435645328488007,0.17732454972951042,0.0296944036796977,-0.0012205777077765483,-1.9760785747173981,-2.2005144282402602,0.14749020338058472,0,0,0
crank_origin_rotation,6350,0.62,0.09669321638427501,0.2673362042229408,0.04283081010575337,3.396152501974299E-4,-1.9150075304814709,-2.133755951186501,0.21984004974365234,0,0,0
crank_origin_rotation,6350,0.92,0.12962102702361852,0.3580342780303913,0.057744639787640106,0.001732741921534266,-1.9202107730388636,-2.137593241517297,0.2978723347187042,0,0,0
crank_origin_rotation,6400,0.32,0.05827989471057205,0.17732812693492447,0.029693624596087397,-0.001388755710718172,-2.204692778514451,-2.4427574232700144,0.13753755390644073,0,0,0
crank_origin_rotation,6400,0.62,0.0874620824404581,0.2673417722408357,0.04283122533180742,7.806673814735016E-4,-2.141089489123931,-2.355366987053255,0.204054594039917,0,0,0
crank_origin_rotation,6400,0.92,0.11728939758743934,0.35804185827888696,0.05774603392591917,0.002481053968654213,-2.145027538921754,-2.359854095857801,0.27685967087745667,0,0,0
crank_origin_rotation,6450,0.32,0.052414858251033584,0.17733366657112093,0.029690126843668382,-0.0013928200474923387,-2.4431450378492556,-2.6611468710878516,0.12737543880939484,0,0,0
crank_origin_rotation,6450,0.62,0.07852907921676718,0.2673500089703795,0.04282630934741346,0.0014232504291831589,-2.3792940356046755,-2.6059090001957887,0.1883922815322876,0,0,0
crank_origin_rotation,6450,0.92,0.10536211527127581,0.3580526892813584,0.05773999904013336,0.003449300330772372,-2.381162600652301,-2.631289217669161,0.25572097301483154,0,0,0
crank_origin_rotation,6500,0.32,0.04683867157879046,0.17734106514343656,0.02969409972863328,-0.0014561098002494554,-2.6797567220149032,-2.963338427305988,0.11753000319004059,0,0,0
crank_origin_rotation,6500,0.62,0.07000234238188302,0.26736066457053265,0.042830290988270396,0.00200356249201643,-2.6197010994516905,-2.8850482223338334,0.17511636018753052,0,0,0
crank_origin_rotation,6500,0.92,0.09398283423336284,0.3580666011974942,0.057743574129211384,0.004354096640250608,-2.6184463293138167,-2.8972915372521597,0.23459991812705994,0,0,0
crank_origin_rotation,6550,0.32,0.041673527337021385,0.1773245612284578,0.02969266053973739,-8.247798919845563E-4,-2.8838373786378146,-3.113079786054729,0.10866083204746246,0,0,0
crank_origin_rotation,6550,0.62,0.06204338730731433,0.2673363748880227,0.0428293925111586,0.0027083115399757327,-2.836444450660278,-3.085581285122366,0.16194581985473633,0,0,0
crank_origin_rotation,6550,0.92,0.08335736245420222,0.35803453596208334,0.05774333999747571,0.00506960110136486,-2.832132613482574,-3.137100162829171,0.215230792760849,0,0,0
crank_origin_rotation,6600,0.32,0.03710510932234999,0.17734140977986843,0.029693702230129883,8.193509534233104E-4,-2.999398870410481,-3.2025740892108505,0.09977616369724274,0,0,0
crank_origin_rotation,6600,0.62,0.054924277262656945,0.2673615998694687,0.04283218256235799,0.0037773565806627288,-2.9767450584390334,-3.2299170835440405,0.14869153499603271,0,0,0
crank_origin_rotation,6600,0.92,0.07384755572481276,0.35806807721803574,0.057747684209229024,0.005796624010811252,-2.9698357900485854,-3.301154116490916,0.1976068913936615,0,0,0
crank_origin_rotation,6650,0.32,0.03330682839512908,0.17733407549306832,0.02969016939189688,7.89837533762298E-4,-2.9405080085933983,-3.155467686619988,0.09082815051078796,0,0,0
crank_origin_rotation,6650,0.62,0.04893695559301042,0.26735007844121056,0.04282654113688,0.0033997256397322747,-2.950580723409266,-3.2359471750431945,0.13534986972808838,0,0,0
crank_origin_rotation,6650,0.92,0.06586480749587453,0.35805240963090357,0.0577400292297161,0.005310829845735099,-2.9395684982199826,-3.257850046744924,0.18147063255310059,0,0,0
crank_origin_rotation,6700,0.32,0.030626071873317954,0.17733796943261204,0.029693368310654528,8.040715095670386E-4,-2.5445736821640246,-2.8010685332310894,0.08187991380691528,0,0,0
crank_origin_rotation,6700,0.62,0.04462185663123377,0.26735563943330687,0.04283135811553062,0.0030817032003835824,-2.586891602958467,-2.8868445389222424,0.1220082938671112,0,0,0
crank_origin_rotation,6700,0.92,0.060119804437300826,0.3580596013553995,0.05774694209619896,0.004891245681816005,-2.5730252489496603,-2.882434918002026,0.16657033562660217,0,0,0
crank_origin_rotation,6750,0.32,0.02935308571029912,0.17732639614491863,0.02969198896759062,-3.6025354039645834E-5,-1.6196847464460498,-1.794147517790755,0.07291442155838013,0,0,0
crank_origin_rotation,6750,0.62,0.04246710648211011,0.26733900992919507,0.0428286480481499,0.00215253874828376,-1.6689613356724418,-1.8494267651320855,0.10983490943908691,0,0,0
crank_origin_rotation,6750,0.92,0.05725686599644794,0.35803792020429537,0.05774287681715924,0.0039398169200227234,-1.65719752603575,-1.8336383179951787,0.1515895426273346,0,0,0
crank_origin_rotation,6800,0.32,0.02970093813368534,0.02970093813368534,0.02970093813368534,1.0000000000001417,0.0,0.0,0.06402895599603653,0,0,0
crank_origin_rotation,6800,0.62,0.04283954603331064,0.04283954603331064,0.04283954603331064,1.0000000000001186,0.0,0.0,0.09801794588565826,0,0,0
crank_origin_rotation,6800,0.92,0.0577558835650898,0.0577558835650898,0.0577558835650898,1.0000000000001472,0.0,0.0,0.13665831089019775,0,0,0
crank_origin_rotation,6850,0.32,0.028101397820282585,0.029691582094342903,0.04912104570461788,0.241409504980978,-1.1610239429287676,-1.443439290884613,0.0632399246096611,0,0,0
crank_origin_rotation,6850,0.62,0.0399296955909681,0.04282968634134346,0.07152899358860261,0.16412351340233647,-1.3076400377703754,-1.8694663267507214,0.10128314793109894,0,0,0
crank_origin_rotation,6850,0.92,0.05337664661220921,0.0577451670128278,0.09732461803264471,0.12045516994853582,-1.3972996890166538,-2.1403666736265654,0.14043724536895752,0,0,0
crank_origin_rotation,6900,0.32,0.02790134055124733,0.029689523999021333,0.049118820100303946,0.24113317432852632,-1.8556671907628224,-2.306630555421693,0.06684398651123047,0,0,0
crank_origin_rotation,6900,0.62,0.03922209601631588,0.042826658208107674,0.07152308898933009,0.16276070608911938,-2.108917166538301,-3.0899588026835363,0.10570532828569412,0,0,0
crank_origin_rotation,6900,0.92,0.05212333968500079,0.05774113060092572,0.09731586195331754,0.11842763548770054,-2.262761241134122,-3.6183289443448974,0.14514726400375366,0,0,0
crank_origin_rotation,6950,0.32,0.029128042419116276,0.029693718243249893,0.049122323435278996,0.24087526060240635,-2.0729818535927715,-2.537170638440122,0.07120086997747421,0,0,0
crank_origin_rotation,6950,0.62,0.04083676334828215,0.04283092918469911,0.07152565215360834,0.16129163493601828,-2.360883935720251,-3.4336556380848404,0.11070562154054642,0,0,0
crank_origin_rotation,6950,0.92,0.0542270205817478,0.057745460830848416,0.09731771725816445,0.1162370331821773,-2.532629573835946,-4.044423608990103,0.15041163563728333,0,0,0
crank_origin_rotation,7000,0.32,0.03160466969247737,0.029692582637300877,0.049115284958115464,0.24049619780751758,-1.9157664993042889,-2.3435283958266804,0.07624025642871857,0,0,0
crank_origin_rotation,7000,0.62,0.044524884682891404,0.042829332844299975,0.07151981115043253,0.1600358503253539,-2.172002377455406,-3.0678266352764343,0.11650589853525162,0,0,0
crank_origin_rotation,7000,0.92,0.059350470200734334,0.05774346629287887,0.09731183387814182,0.1144317744796662,-2.3206491287519055,-3.5844879018382274,0.1584816873073578,0,0,0
crank_origin_rotation,7050,0.32,0.03509885066557324,0.029694300827363032,0.049117386772477276,0.242137443897748,-1.5246737779781228,-1.8023901698330484,0.08167915046215057,0,0,0
crank_origin_rotation,7050,0.62,0.04988853787229745,0.04282989038312107,0.07152322909385628,0.16200805881196279,-1.7128010979920467,-2.3585404560959846,0.12691016495227814,0,0,0
crank_origin_rotation,7050,0.92,0.06689758427187145,0.05774266632034774,0.09731737756865769,0.11652334084520712,-1.8184337521746579,-2.7086205004487587,0.1733674257993698,0,0,0
crank_origin_rotation,7100,0.32,0.0393130472252894,0.02969007772063944,0.04912005198566,0.24361932679824086,-1.0299960978094185,-1.2475386870644036,0.08767752349376678,0,0,0
crank_origin_rotation,7100,0.62,0.056395937483064346,0.04282736452792021,0.07152517024290907,0.16383527707729484,-1.1461116403202491,-1.5432887375671038,0.13861878216266632,0,0,0
crank_origin_rotation,7100,0.92,0.07606187621494027,0.05774205713183545,0.09731798142571825,0.11849829213147912,-1.2092728229752934,-1.7424127135639842,0.1901308298110962,0,0,0
crank_origin_rotation,7150,0.32,0.04403287569362809,0.029693035480414406,0.049118198206949806,0.24439906250043394,-0.5089463287395987,-0.6269677527637993,0.09514719247817993,0,0,0
crank_origin_rotation,7150,0.62,0.06368536821589407,0.04283005739208755,0.07152185580548635,0.16520641575670947,-0.5611270250943499,-0.7697335561185852,0.15157011151313782,0,0,0
crank_origin_rotation,7150,0.92,0.08631553934364929,0.057744074616784505,0.09731423936358628,0.12020330850354059,-0.5886480949045806,-0.8492965037529321,0.2079930156469345,0,0,0
crank_origin_rotation,7200,0.32,0.04912803958203713,0.04912803958203713,0.04912803958203713,1.000000000000066,0.0,0.0,0.10327102988958359,0,0,0
crank_origin_rotation,7200,0.62,0.07153446668186568,0.07153446668186568,0.07153446668186568,1.0000000000001887,0.0,0.0,0.16455790400505066,0,0,0
crank_origin_rotation,7200,0.92,0.09732990337933292,0.09732990337933292,0.09732990337933292,1.0000000000001372,0.0,0.0,0.22597092390060425,0,0,0
