schema_version,spatial_scheme,cell_count,rho_l1_error,u_l1_error,p_l1_error,rho_observed_order,u_observed_order,p_observed_order,requested_dt,effective_dt,cfl_clipped,end_time_clipped,muscl_to_first_rho_error_ratio,cell_averages
benchmark.schema.v1,first_order,50,0.000501334423713,8.43769498715e-17,6.83897383169e-16,0.998102405413,-1.13577677903,-0.824648845629,0.001,0.001,0,0,0.127094967094,1
benchmark.schema.v1,first_order,100,0.000250997134461,1.85407245112e-16,1.21125331987e-15,0.998933248409,-0.638663520554,-0.981701996787,0.0005,0.0005,0,0,0.0716501034182,1
benchmark.schema.v1,first_order,200,0.000125591397177,2.88657986403e-16,2.39197550655e-15,0.999555210171,-0.51485058751,-1.01805003936,0.00025,0.00025,0,0,0.0375855806742,1
benchmark.schema.v1,first_order,400,6.28150617896e-05,4.12447853648e-16,4.8441806122e-15,NaN,NaN,NaN,0.000125,0.000125,0,0,0.0196382532722,1
benchmark.schema.v1,muscl_minmod,50,6.37170820847e-05,1.15463194561e-16,6.43929354283e-16,1.82496861482,-0.936184902403,-0.951947870594,0.001,0.001,0,0,0.127094967094,1
benchmark.schema.v1,muscl_minmod,100,1.79839706418e-05,2.209343819e-16,1.24567023363e-15,1.92972274249,-0.64646373248,-0.964199278572,0.0005,0.0005,0,0,0.0716501034182,1
benchmark.schema.v1,muscl_minmod,200,4.72042559059e-06,3.45834472171e-16,2.4302782009e-15,1.93606788833,-0.411269534197,-1.00131752981,0.00025,0.00025,0,0,0.0375855806742,1
benchmark.schema.v1,muscl_minmod,400,1.23357809273e-06,4.59909887951e-16,4.86499729391e-15,NaN,NaN,NaN,0.000125,0.000125,0,0,0.0196382532722,1
